0,96,915,0,0,26,0.4841,
0,97,1048,0,0,26,0.4841,
0,98,1066,0,0,26,0.4841,
0,99,1156,0,0,26,0.4841,
0,100,617,0,0,26,0.4841,
0,96,105,0,0,32,0.4006,
0,97,213,0,0,33,0.3986,
0,98,222,0,0,34,0.3953,
0,99,216,0,0,34,0.3918,
0,100,323,0,0,34,0.3864,
1,96,-563,0,0,-21,-0.2309,
1,97,-556,0,0,-24,-0.2432,
1,98,-549,0,0,-26,-0.2554,
1,99,-542,0,0,-26,-0.2677,
1,100,-417,0,0,-28,-0.2791,
0,96,-615,0,0,18,0.2567,
0,97,395,0,0,18,0.2503,
0,98,527,0,0,18,0.2463,
0,99,562,0,0,20,0.2383,
0,100,608,0,0,20,0.2459,
1,96,454,0,0,11,0.0697,
1,97,457,0,0,11,0.0693,
1,98,457,0,0,11,0.0693,
1,99,449,0,0,9,0.0602,
1,100,318,0,0,9,0.0612,
1,96,-172,0,0,-34,-0.5559,
1,97,-187,0,0,-36,-0.5597,
1,98,-291,0,0,-33,-0.5474,
1,99,-292,0,0,-34,-0.5409,
1,100,-905,0,0,-35,-0.5452,
1,96,-171,0,0,-5,-0.1213,
1,97,-133,0,0,-5,-0.132,
1,98,-12,0,0,-5,-0.131,
1,99,96,0,0,-5,-0.13,
1,100,95,0,0,-6,-0.1329,
0,96,1161,0,0,14,0.3322,
0,97,1155,0,0,14,0.3322,
0,98,1157,0,0,15,0.3357,
0,99,1160,0,0,16,0.3392,
0,100,1064,0,0,17,0.3554,
0,96,575,0,0,17,0.601,
0,97,485,0,0,17,0.601,
0,98,491,0,0,17,0.589,
0,99,481,0,0,17,0.577,
0,100,471,0,0,20,0.5804,
1,96,-688,0,0,-7,0.0235,
1,97,-806,0,0,-7,0.0182,
1,98,-782,0,0,-7,0.0166,
1,99,-630,0,0,-8,0.011,
1,100,-600,0,0,-8,0.011,
1,96,-64,0,0,-20,-0.4139,
1,97,-43,0,0,-20,-0.4112,
1,98,-34,0,0,-20,-0.4085,
1,99,-34,0,0,-20,-0.4059,
1,100,-34,0,0,-20,-0.3865,
1,96,-976,0,0,-32,-0.4092,
1,97,-987,0,0,-34,-0.4275,
1,98,-1112,0,0,-34,-0.4289,
1,99,-1144,0,0,-34,-0.4289,
1,100,-1048,0,0,-34,-0.4289,
1,96,42,0,0,-31,-0.4602,
1,97,23,0,0,-32,-0.4602,
1,98,3,0,0,-30,-0.4604,
1,99,-12,0,0,-30,-0.4604,
1,100,-526,0,0,-30,-0.4604,
0,96,606,0,0,9,0.0144,
0,97,498,0,0,9,0.0083,
0,98,500,0,0,9,0.0083,
0,99,384,0,0,9,0.0083,
0,100,384,0,0,9,0.0083,
1,96,-901,0,0,-12,-0.2432,
1,97,-904,0,0,-11,-0.245,
1,98,-810,0,0,-9,-0.2447,
1,99,-809,0,0,-9,-0.2447,
1,100,-808,0,0,-9,-0.2447,
0,96,-15,0,0,15,0.295,
0,97,-3,0,0,16,0.2941,
0,98,-2,0,0,16,0.2928,
0,99,1,0,0,19,0.3017,
0,100,1,0,0,19,0.3111,
0,96,-184,0,0,9,0.1244,
0,97,-108,0,0,9,0.1244,
0,98,-240,0,0,9,0.1244,
0,99,-240,0,0,9,0.1244,
0,100,-240,0,0,9,0.1292,
0,96,389,0,0,26,0.4872,
0,97,298,0,0,25,0.4813,
0,98,319,0,0,25,0.4809,
0,99,317,0,0,25,0.4813,
0,100,335,0,0,25,0.4813,
1,96,-355,0,0,-14,-0.2581,
1,97,-362,0,0,-14,-0.2681,
1,98,-359,0,0,-15,-0.293,
1,99,-358,0,0,-16,-0.3091,
1,100,-356,0,0,-16,-0.3174,
1,96,-855,0,0,-19,-0.218,
1,97,-847,0,0,-19,-0.218,
1,98,-847,0,0,-19,-0.218,
1,99,-847,0,0,-19,-0.218,
1,100,-847,0,0,-19,-0.2218,
0,96,276,0,0,21,0.4375,
0,97,286,0,0,22,0.4305,
0,98,279,0,0,22,0.4305,
0,99,265,0,0,22,0.4305,
0,100,155,0,0,22,0.4305,
1,96,-247,0,0,-12,-0.083,
1,97,-282,0,0,-12,-0.0754,
1,98,-194,0,0,-11,-0.0714,
1,99,302,0,0,-11,-0.0711,
1,100,315,0,0,-11,-0.0711,
1,96,-484,0,0,-16,-0.1698,
1,97,-506,0,0,-16,-0.1723,
1,98,-586,0,0,-16,-0.1723,
1,99,-586,0,0,-16,-0.1723,
1,100,-701,0,0,-16,-0.1622,
0,96,-135,0,0,-5,-0.0205,
0,97,-64,0,0,-4,-0.011,
0,98,-100,0,0,-4,-0.011,
0,99,-98,0,0,-4,-0.011,
0,100,-114,0,0,-4,-0.011,
1,96,-604,0,0,-24,-0.0542,
1,97,-608,0,0,-24,-0.0542,
1,98,-612,0,0,-22,-0.0548,
1,99,-1008,0,0,-20,-0.0555,
1,100,-1018,0,0,-18,-0.0532,
1,96,-656,0,0,-10,-0.2986,
1,97,-1175,0,0,-10,-0.2986,
1,98,-1057,0,0,-11,-0.302,
1,99,-1154,0,0,-11,-0.3109,
1,100,-1143,0,0,-11,-0.3133,
1,96,-802,0,0,-6,-0.2666,
1,97,-927,0,0,-6,-0.2695,
1,98,-388,0,0,-6,-0.2785,
1,99,-241,0,0,-6,-0.2814,
1,100,-194,0,0,-6,-0.2814,
1,96,7,0,0,-6,0.0834,
1,97,-106,0,0,-6,0.0834,
1,98,-189,0,0,-6,0.0834,
1,99,-184,0,0,-6,0.0834,
1,100,-203,0,0,-6,0.0834,
1,96,-885,0,0,-15,-0.1414,
1,97,-868,0,0,-15,-0.1544,
1,98,-1006,0,0,-15,-0.1584,
1,99,-1058,0,0,-19,-0.1732,
1,100,-1178,0,0,-20,-0.1838,
1,96,464,0,0,12,0.2485,
1,97,464,0,0,12,0.2485,
1,98,456,0,0,12,0.2485,
1,99,456,0,0,12,0.2485,
1,100,50,0,0,9,0.2325,
0,96,80,0,0,14,0.0547,
0,97,95,0,0,15,0.0491,
0,98,103,0,0,14,0.0418,
0,99,111,0,0,12,0.0355,
0,100,108,0,0,12,0.0309,
0,96,788,0,0,5,0.2182,
0,97,915,0,0,8,0.2187,
0,98,935,0,0,7,0.2162,
0,99,1448,0,0,5,0.2178,
0,100,1458,0,0,5,0.2211,
1,96,-218,0,0,11,0.1115,
1,97,-208,0,0,11,0.1115,
1,98,-196,0,0,11,0.1152,
1,99,-184,0,0,11,0.1152,
1,100,-172,0,0,11,0.1152,
1,96,58,0,0,-21,-0.4434,
1,97,80,0,0,-24,-0.459,
1,98,-25,0,0,-26,-0.4727,
1,99,-44,0,0,-28,-0.486,
1,100,-65,0,0,-28,-0.489,
1,96,-274,0,0,4,0.2645,
1,97,-274,0,0,5,0.2533,
1,98,-274,0,0,5,0.2421,
1,99,-284,0,0,4,0.2309,
1,100,208,0,0,5,0.2197,
1,96,-77,0,0,-9,-0.1966,
1,97,-101,0,0,-9,-0.1932,
1,98,-227,0,0,-9,-0.1989,
1,99,-125,0,0,-6,-0.1966,
1,100,-133,0,0,-9,-0.2017,
0,96,1367,0,0,17,0.1227,
0,97,1467,0,0,17,0.1112,
0,98,1480,0,0,18,0.1092,
0,99,1500,0,0,18,0.1092,
0,100,1516,0,0,18,0.1092,
1,96,-613,0,0,-1,0.1097,
1,97,-613,0,0,0,0.0839,
1,98,-489,0,0,-3,0.0683,
1,99,-497,0,0,-3,0.0703,
1,100,-506,0,0,-3,0.0743,
0,96,-48,0,0,-15,-0.0544,
0,97,-54,0,0,-13,-0.0437,
0,98,36,0,0,-12,-0.0428,
0,99,50,0,0,-12,-0.0407,
0,100,-58,0,0,-11,-0.0377,
1,96,391,0,0,-30,-0.3762,
1,97,273,0,0,-32,-0.3853,
1,98,239,0,0,-32,-0.3927,
1,99,208,0,0,-33,-0.3993,
1,100,168,0,0,-33,-0.3993,
0,96,-203,0,0,-10,-0.0873,
0,97,-186,0,0,-9,-0.0794,
0,98,-193,0,0,-8,-0.0722,
0,99,-200,0,0,-9,-0.0704,
0,100,-195,0,0,-8,-0.0659,
1,96,17,0,0,-6,0.0499,
1,97,14,0,0,-6,0.0535,
1,98,19,0,0,-5,0.0584,
1,99,20,0,0,-4,0.0629,
1,100,-74,0,0,-4,0.0629,
0,96,711,0,0,34,0.5164,
0,97,703,0,0,32,0.531,
0,98,792,0,0,33,0.5369,
0,99,782,0,0,34,0.5377,
0,100,1187,0,0,33,0.5257,
0,96,-186,0,0,20,0.3032,
0,97,-162,0,0,20,0.3072,
0,98,-254,0,0,23,0.2926,
0,99,-146,0,0,23,0.2899,
0,100,-267,0,0,24,0.2952,
1,96,-85,0,0,-47,-0.5776,
1,97,-82,0,0,-47,-0.5776,
1,98,-71,0,0,-47,-0.5776,
1,99,-68,0,0,-47,-0.5776,
1,100,-90,0,0,-47,-0.5821,
0,96,445,0,0,12,0.1953,
0,97,550,0,0,10,0.181,
0,98,557,0,0,7,0.169,
0,99,584,0,0,6,0.1607,
0,100,688,0,0,3,0.1448,
0,96,86,0,0,6,0.0252,
0,97,213,0,0,7,0.0429,
0,98,229,0,0,6,0.0403,
0,99,245,0,0,6,0.0377,
0,100,152,0,0,6,0.0377,
1,96,-317,0,0,-6,-0.0342,
1,97,-293,0,0,-5,-0.0351,
1,98,-278,0,0,-5,-0.0412,
1,99,-270,0,0,-6,-0.0527,
1,100,-370,0,0,-5,-0.0658,
0,96,9,0,0,-3,-0.1898,
0,97,-107,0,0,-4,-0.1921,
0,98,-12,0,0,-5,-0.1933,
0,99,20,0,0,-5,-0.1933,
0,100,60,0,0,-5,-0.1933,
1,96,373,0,0,2,-0.009,
1,97,362,0,0,2,-0.009,
1,98,307,0,0,2,-0.009,
1,99,287,0,0,2,-0.009,
1,100,283,0,0,1,-0.0081,
1,96,-247,0,0,-1,0.2162,
1,97,-248,0,0,-2,0.2098,
1,98,-240,0,0,-2,0.208,
1,99,-256,0,0,-2,0.2079,
1,100,-247,0,0,-1,0.1962,
1,96,-312,0,0,18,0.0145,
1,97,-396,0,0,18,0.0119,
1,98,-364,0,0,17,0.0092,
1,99,-333,0,0,17,0.0065,
1,100,-234,0,0,17,0.0065,
0,96,771,0,0,30,0.4364,
0,97,774,0,0,32,0.4484,
0,98,279,0,0,32,0.4534,
0,99,287,0,0,32,0.4534,
0,100,415,0,0,32,0.4534,
1,96,94,0,0,-4,0.0836,
1,97,89,0,0,-4,0.0864,
1,98,66,0,0,-3,0.0694,
1,99,46,0,0,-4,0.0532,
1,100,4,0,0,-3,0.0481,
0,96,671,0,0,16,0.1792,
0,97,667,0,0,16,0.1792,
0,98,677,0,0,16,0.1792,
0,99,659,0,0,16,0.1792,
0,100,639,0,0,16,0.1792,
1,96,-669,0,0,5,-0.1498,
1,97,-689,0,0,5,-0.1498,
1,98,-620,0,0,5,-0.1498,
1,99,-632,0,0,5,-0.1498,
1,100,-528,0,0,5,-0.1557,
0,96,-71,0,0,8,0.2049,
0,97,-74,0,0,8,0.2181,
0,98,-73,0,0,9,0.2298,
0,99,-55,0,0,8,0.2418,
0,100,-273,0,0,8,0.2473,
1,96,-1047,0,0,2,-0.0969,
1,97,-1089,0,0,2,-0.0905,
1,98,-1217,0,0,1,-0.0873,
1,99,-1222,0,0,0,-0.0771,
1,100,-1214,0,0,0,-0.0771,
1,96,-633,0,0,-20,-0.0748,
1,97,-117,0,0,-20,-0.0748,
1,98,-109,0,0,-20,-0.0748,
1,99,-100,0,0,-19,-0.0755,
1,100,-100,0,0,-18,-0.0744,
0,96,410,0,0,-5,-0.4285,
0,97,301,0,0,-4,-0.4254,
0,98,301,0,0,-5,-0.4305,
0,99,307,0,0,-7,-0.446,
0,100,202,0,0,-11,-0.4547,
1,96,-683,0,0,-32,-0.2683,
1,97,-580,0,0,-29,-0.244,
1,98,-577,0,0,-28,-0.2377,
1,99,-573,0,0,-27,-0.2315,
1,100,-668,0,0,-27,-0.2227,
1,96,-141,0,0,-9,-0.0932,
1,97,-158,0,0,-9,-0.0932,
1,98,-169,0,0,-9,-0.0932,
1,99,-64,0,0,-9,-0.0959,
1,100,36,0,0,-9,-0.1062,
0,96,-92,0,0,3,-0.0466,
0,97,-116,0,0,4,-0.0631,
0,98,-124,0,0,5,-0.0941,
0,99,-124,0,0,6,-0.1209,
0,100,-126,0,0,8,-0.1496,
1,96,-349,0,0,3,0.1831,
1,97,-358,0,0,3,0.1831,
1,98,-358,0,0,3,0.1868,
1,99,-374,0,0,3,0.1906,
1,100,-274,0,0,3,0.1846,
0,96,-270,0,0,-4,-0.2075,
0,97,-275,0,0,-4,-0.1974,
0,98,-387,0,0,-3,-0.1907,
0,99,-407,0,0,-6,-0.1881,
0,100,-450,0,0,-6,-0.1915,
1,96,-807,0,0,1,0.1231,
1,97,-916,0,0,2,0.1331,
1,98,-926,0,0,2,0.1331,
1,99,-808,0,0,2,0.1331,
1,100,-770,0,0,1,0.1425,
0,96,356,0,0,2,0.2668,
0,97,372,0,0,2,0.2668,
0,98,256,0,0,3,0.2708,
0,99,272,0,0,3,0.2708,
0,100,356,0,0,4,0.2708,
0,96,70,0,0,20,0.0566,
0,97,54,0,0,20,0.0548,
0,98,34,0,0,19,0.0673,
0,99,21,0,0,21,0.0711,
0,100,12,0,0,20,0.0687,
0,96,147,0,0,3,0.2422,
0,97,268,0,0,3,0.2397,
0,98,287,0,0,4,0.2437,
0,99,302,0,0,4,0.2472,
0,100,306,0,0,4,0.2472,
1,96,-180,0,0,-17,-0.211,
1,97,-201,0,0,-17,-0.2103,
1,98,-237,0,0,-17,-0.2065,
1,99,-253,0,0,-17,-0.2028,
1,100,-261,0,0,-18,-0.1861,
1,96,-809,0,0,-15,-0.314,
1,97,-814,0,0,-14,-0.3073,
1,98,-832,0,0,-12,-0.298,
1,99,-943,0,0,-11,-0.2885,
1,100,-963,0,0,-11,-0.2885,
1,96,143,0,0,11,0.029,
1,97,123,0,0,11,0.019,
1,98,103,0,0,11,0.009,
1,99,191,0,0,10,-0.001,
1,100,170,0,0,9,-0.0105,
0,96,776,0,0,0,-0.2262,
0,97,776,0,0,0,-0.2331,
0,98,781,0,0,0,-0.2431,
0,99,673,0,0,-1,-0.2491,
0,100,681,0,0,3,-0.2551,
1,96,327,0,0,-7,0.0714,
1,97,322,0,0,-7,0.0737,
1,98,422,0,0,-7,0.0737,
1,99,414,0,0,-7,0.0737,
1,100,-194,0,0,-7,0.0737,
0,96,1095,0,0,52,0.4701,
0,97,1197,0,0,52,0.4766,
0,98,1191,0,0,54,0.4803,
0,99,1188,0,0,55,0.4844,
0,100,1087,0,0,55,0.491,
0,96,142,0,0,16,0.0293,
0,97,133,0,0,16,0.0299,
0,98,120,0,0,17,0.0247,
0,99,24,0,0,18,0.0243,
0,100,29,0,0,18,0.0225,
0,96,-26,0,0,17,0.1962,
0,97,-29,0,0,19,0.2124,
0,98,176,0,0,15,0.2125,
0,99,168,0,0,10,0.2152,
0,100,182,0,0,9,0.2187,
1,96,-356,0,0,-10,-0.116,
1,97,-245,0,0,-8,-0.11,
1,98,-232,0,0,-7,-0.1083,
1,99,-194,0,0,-7,-0.1065,
1,100,-186,0,0,-5,-0.1095,
1,96,-619,0,0,-14,-0.4201,
1,97,-729,0,0,-14,-0.42,
1,98,-729,0,0,-14,-0.4211,
1,99,-732,0,0,-14,-0.4232,
1,100,-751,0,0,-13,-0.4198,
1,96,-99,0,0,-26,-0.3751,
1,97,-599,0,0,-26,-0.3751,
1,98,-599,0,0,-26,-0.3751,
1,99,-599,0,0,-26,-0.3751,
1,100,-623,0,0,-24,-0.3879,
1,96,-405,0,0,-27,-0.6721,
1,97,-313,0,0,-27,-0.6738,
1,98,-324,0,0,-27,-0.6738,
1,99,-327,0,0,-27,-0.6738,
1,100,-331,0,0,-27,-0.6746,
1,96,-348,0,0,5,-0.1241,
1,97,-242,0,0,2,-0.1209,
1,98,-331,0,0,0,-0.1307,
1,99,-305,0,0,1,-0.1353,
1,100,-211,0,0,1,-0.1416,
0,96,357,0,0,19,0.2884,
0,97,445,0,0,20,0.2929,
0,98,438,0,0,21,0.2909,
0,99,459,0,0,20,0.2992,
0,100,484,0,0,21,0.3033,
0,96,225,0,0,22,0.3787,
0,97,261,0,0,22,0.3824,
0,98,256,0,0,22,0.3895,
0,99,182,0,0,22,0.3946,
0,100,215,0,0,21,0.4029,
1,96,-256,0,0,-18,-0.2194,
1,97,-256,0,0,-18,-0.2194,
1,98,-248,0,0,-18,-0.2194,
1,99,-247,0,0,-18,-0.2194,
1,100,157,0,0,-16,-0.2121,
0,96,157,0,0,0,0.0635,
0,97,173,0,0,0,0.0815,
0,98,189,0,0,0,0.0993,
0,99,205,0,0,1,0.1173,
0,100,201,0,0,0,0.1256,
0,96,448,0,0,7,0.194,
0,97,472,0,0,7,0.194,
0,98,488,0,0,7,0.194,
0,99,497,0,0,7,0.194,
0,100,425,0,0,7,0.1978,
0,96,1546,0,0,16,0.0351,
0,97,1453,0,0,16,0.0344,
0,98,1453,0,0,16,0.0344,
0,99,1562,0,0,16,0.0378,
0,100,1550,0,0,16,0.0378,
0,96,3,0,0,9,0.2452,
0,97,-13,0,0,9,0.2487,
0,98,-121,0,0,9,0.2487,
0,99,-113,0,0,9,0.2487,
0,100,411,0,0,9,0.2487,
1,96,232,0,0,-4,-0.3828,
1,97,136,0,0,-4,-0.3828,
1,98,32,0,0,-4,-0.3871,
1,99,-82,0,0,-4,-0.3886,
1,100,-71,0,0,-6,-0.3926,
1,96,-476,0,0,-18,-0.32,
1,97,-350,0,0,-18,-0.32,
1,98,-371,0,0,-19,-0.3184,
1,99,-418,0,0,-22,-0.3232,
1,100,-466,0,0,-22,-0.3164,
0,96,-42,0,0,40,0.5639,
0,97,-38,0,0,39,0.5711,
0,98,-36,0,0,39,0.5737,
0,99,-36,0,0,39,0.5737,
0,100,-36,0,0,39,0.5737,
1,96,72,0,0,1,-0.1146,
1,97,-41,0,0,0,-0.1131,
1,98,-185,0,0,0,-0.1181,
1,99,-302,0,0,0,-0.1181,
1,100,-292,0,0,0,-0.1181,
0,96,289,0,0,24,0.4189,
0,97,313,0,0,24,0.4189,
0,98,321,0,0,24,0.4189,
0,99,329,0,0,24,0.4229,
0,100,845,0,0,24,0.4269,
0,96,107,0,0,14,0.1967,
0,97,87,0,0,14,0.1967,
0,98,71,0,0,14,0.1967,
0,99,79,0,0,14,0.2095,
0,100,94,0,0,11,0.2149,
0,96,-298,0,0,6,0.0785,
0,97,-266,0,0,8,0.0785,
0,98,-742,0,0,10,0.0745,
0,99,-734,0,0,10,0.0705,
0,100,-726,0,0,10,0.0665,
1,96,115,0,0,-28,-0.4178,
1,97,113,0,0,-29,-0.4202,
1,98,133,0,0,-29,-0.4212,
1,99,171,0,0,-29,-0.4212,
1,100,309,0,0,-29,-0.4212,
1,96,388,0,0,-7,0.228,
1,97,276,0,0,-7,0.2246,
1,98,276,0,0,-7,0.224,
1,99,274,0,0,-7,0.2241,
1,100,274,0,0,-7,0.2127,
0,96,481,0,0,31,0.62,
0,97,492,0,0,32,0.6142,
0,98,503,0,0,33,0.6208,
0,99,514,0,0,33,0.619,
0,100,517,0,0,33,0.6173,
0,96,257,0,0,-6,-0.1762,
0,97,251,0,0,-6,-0.1797,
0,98,247,0,0,-7,-0.1785,
0,99,32,0,0,-7,-0.179,
0,100,26,0,0,-7,-0.179,
0,96,236,0,0,6,0.3798,
0,97,243,0,0,6,0.3751,
0,98,227,0,0,10,0.3737,
0,99,203,0,0,11,0.3743,
0,100,687,0,0,10,0.375,
0,96,323,0,0,19,0.1934,
0,97,295,0,0,19,0.1899,
0,98,276,0,0,19,0.1899,
0,99,284,0,0,21,0.1964,
0,100,301,0,0,22,0.2028,
1,96,367,0,0,-25,-0.2733,
1,97,339,0,0,-25,-0.2837,
1,98,295,0,0,-25,-0.2845,
1,99,275,0,0,-27,-0.2843,
1,100,255,0,0,-28,-0.2842,
1,96,-299,0,0,-21,-0.4634,
1,97,-294,0,0,-22,-0.4704,
1,98,-293,0,0,-22,-0.4799,
1,99,-334,0,0,-22,-0.4917,
1,100,-460,0,0,-22,-0.4986,
1,96,-452,0,0,-1,0.1126,
1,97,-452,0,0,-1,0.1126,
1,98,-444,0,0,-1,0.1126,
1,99,-444,0,0,-1,0.1126,
1,100,-460,0,0,-1,0.1126,
0,96,-21,0,0,3,0.1937,
0,97,-111,0,0,3,0.1937,
0,98,-99,0,0,3,0.1937,
0,99,-6,0,0,3,0.1937,
0,100,106,0,0,3,0.1937,
1,96,310,0,0,1,-0.0186,
1,97,288,0,0,4,-0.0072,
1,98,58,0,0,4,0.0137,
1,99,51,0,0,4,0.0137,
1,100,167,0,0,2,0.0145,
1,96,-383,0,0,-41,-0.5564,
1,97,-286,0,0,-41,-0.5564,
1,98,-297,0,0,-41,-0.5564,
1,99,-292,0,0,-41,-0.5564,
1,100,-279,0,0,-42,-0.5584,
0,96,-503,0,0,16,0.3815,
0,97,-473,0,0,16,0.3815,
0,98,65,0,0,12,0.382,
0,99,77,0,0,12,0.382,
0,100,105,0,0,12,0.39,
1,96,-901,0,0,-23,-0.3909,
1,97,-901,0,0,-23,-0.3909,
1,98,-1010,0,0,-23,-0.3954,
1,99,-1009,0,0,-24,-0.4022,
1,100,-985,0,0,-23,-0.4113,
0,96,576,0,0,24,0.2355,
0,97,563,0,0,22,0.2287,
0,98,567,0,0,22,0.23,
0,99,581,0,0,20,0.2153,
0,100,585,0,0,20,0.2176,
0,96,667,0,0,14,0.3016,
0,97,702,0,0,11,0.318,
0,98,749,0,0,11,0.3309,
0,99,870,0,0,15,0.3473,
0,100,765,0,0,15,0.3473,
0,96,-502,0,0,6,-0.113,
0,97,-510,0,0,6,-0.1123,
0,98,-500,0,0,6,-0.1123,
0,99,-498,0,0,6,-0.1123,
0,100,-495,0,0,6,-0.1103,
0,96,441,0,0,17,0.2573,
0,97,471,0,0,17,0.2573,
0,98,493,0,0,17,0.2725,
0,99,531,0,0,17,0.2959,
0,100,569,0,0,17,0.3111,
0,96,-133,0,0,13,-0.0994,
0,97,-117,0,0,13,-0.0994,
0,98,-101,0,0,13,-0.0994,
0,99,-79,0,0,13,-0.0994,
0,100,-36,0,0,15,-0.0869,
1,96,-1300,0,0,-30,-0.491,
1,97,-1317,0,0,-30,-0.4981,
1,98,-1225,0,0,-30,-0.4981,
1,99,-1241,0,0,-30,-0.4967,
1,100,-1257,0,0,-28,-0.4954,
0,96,458,0,0,7,0.0613,
0,97,332,0,0,7,0.0613,
0,98,234,0,0,7,0.0613,
0,99,232,0,0,7,0.0613,
0,100,246,0,0,7,0.0613,
0,96,-166,0,0,10,0.2805,
0,97,-174,0,0,10,0.2805,
0,98,14,0,0,10,0.2805,
0,99,11,0,0,10,0.2805,
0,100,126,0,0,9,0.302,
0,96,-18,0,0,8,0.1602,
0,97,14,0,0,8,0.1582,
0,98,46,0,0,8,0.1562,
0,99,78,0,0,8,0.1602,
0,100,98,0,0,8,0.1687,
0,96,527,0,0,3,0.0308,
0,97,529,0,0,3,0.0278,
0,98,524,0,0,5,0.0239,
0,99,623,0,0,4,0.0216,
0,100,618,0,0,5,0.0219,
1,96,-128,0,0,-7,0.0604,
1,97,1,0,0,-7,0.0613,
1,98,0,0,0,-7,0.0613,
1,99,-111,0,0,-7,0.0587,
1,100,-122,0,0,-7,0.0587,
0,96,277,0,0,9,0.2342,
0,97,270,0,0,9,0.2297,
0,98,249,0,0,9,0.2297,
0,99,243,0,0,11,0.2375,
0,100,242,0,0,11,0.2388,
1,96,-240,0,0,-17,-0.202,
1,97,-139,0,0,-19,-0.21,
1,98,-238,0,0,-20,-0.219,
1,99,-232,0,0,-21,-0.2231,
1,100,-213,0,0,-22,-0.2248,
0,96,729,0,0,29,0.4482,
0,97,726,0,0,29,0.4482,
0,98,724,0,0,30,0.4548,
0,99,743,0,0,30,0.4618,
0,100,726,0,0,29,0.4749,
1,96,-395,0,0,-5,-0.1321,
1,97,-203,0,0,-5,-0.1321,
1,98,-219,0,0,-5,-0.1321,
1,99,-337,0,0,-5,-0.1338,
1,100,-230,0,0,-5,-0.1553,
1,96,-756,0,0,-12,-0.1102,
1,97,-638,0,0,-12,-0.1102,
1,98,-636,0,0,-12,-0.1102,
1,99,-640,0,0,-15,-0.1415,
1,100,-645,0,0,-16,-0.1558,
1,96,-134,0,0,-18,-0.3636,
1,97,-243,0,0,-18,-0.3636,
1,98,-242,0,0,-18,-0.3636,
1,99,-242,0,0,-18,-0.3636,
1,100,-262,0,0,-18,-0.3636,
0,96,783,0,0,14,0.0258,
0,97,783,0,0,9,0.0291,
0,98,779,0,0,9,0.0353,
0,99,776,0,0,9,0.0371,
0,100,774,0,0,10,0.0242,
1,96,404,0,0,-5,-0.174,
1,97,385,0,0,-5,-0.1636,
1,98,249,0,0,-4,-0.1648,
1,99,334,0,0,-4,-0.1648,
1,100,308,0,0,-4,-0.1771,
1,96,-18,0,0,-11,-0.4711,
1,97,-30,0,0,-12,-0.4854,
1,98,-34,0,0,-12,-0.4854,
1,99,-34,0,0,-12,-0.4854,
1,100,-51,0,0,-12,-0.4929,
1,96,96,0,0,2,-0.019,
1,97,212,0,0,2,-0.011,
1,98,320,0,0,2,-0.0048,
1,99,346,0,0,1,-0.0073,
1,100,146,0,0,1,-0.0073,
1,96,-340,0,0,-30,-0.6134,
1,97,-836,0,0,-29,-0.6169,
1,98,-826,0,0,-29,-0.6212,
1,99,-807,0,0,-29,-0.6313,
1,100,-882,0,0,-29,-0.6416,
0,96,127,0,0,13,0.3079,
0,97,135,0,0,15,0.3169,
0,98,143,0,0,17,0.3131,
0,99,151,0,0,17,0.2931,
0,100,299,0,0,16,0.2803,
1,96,-332,0,0,-26,-0.3804,
1,97,-344,0,0,-26,-0.3844,
1,98,-373,0,0,-24,-0.3861,
1,99,-402,0,0,-20,-0.3891,
1,100,-598,0,0,-19,-0.3971,
0,96,-350,0,0,1,0.2636,
0,97,-373,0,0,-1,0.26,
0,98,-390,0,0,1,0.2808,
0,99,-400,0,0,7,0.3076,
0,100,-402,0,0,6,0.3111,
0,96,650,0,0,-9,-0.0765,
0,97,662,0,0,-9,-0.0765,
0,98,633,0,0,-9,-0.0757,
0,99,607,0,0,-8,-0.0665,
0,100,594,0,0,-7,-0.0563,
0,96,910,0,0,45,0.7765,
0,97,956,0,0,46,0.7817,
0,98,1006,0,0,46,0.7868,
0,99,1054,0,0,47,0.7888,
0,100,1074,0,0,47,0.7888,
1,96,-345,0,0,-8,-0.0181,
1,97,-248,0,0,-8,-0.0211,
1,98,-251,0,0,-8,-0.0211,
1,99,-267,0,0,-4,-0.0148,
1,100,-254,0,0,-3,-0.0055,
0,96,548,0,0,31,0.6245,
0,97,557,0,0,32,0.6329,
0,98,557,0,0,32,0.6282,
0,99,557,0,0,32,0.6236,
0,100,449,0,0,33,0.619,
1,96,244,0,0,0,0.1138,
1,97,249,0,0,3,0.118,
1,98,252,0,0,3,0.1155,
1,99,351,0,0,4,0.1254,
1,100,233,0,0,4,0.1281,
1,96,124,0,0,-5,-0.3409,
1,97,110,0,0,-5,-0.3475,
1,98,98,0,0,-5,-0.3476,
1,99,-399,0,0,-7,-0.3661,
1,100,-404,0,0,-8,-0.3775,
1,96,-521,0,0,-8,0.0204,
1,97,-573,0,0,-8,0.0204,
1,98,-597,0,0,-8,0.0204,
1,99,-622,0,0,-8,0.0188,
1,100,-626,0,0,-7,0.0408,
0,96,311,0,0,7,0.3172,
0,97,405,0,0,7,0.3172,
0,98,393,0,0,7,0.3172,
0,99,381,0,0,6,0.3183,
0,100,372,0,0,3,0.3142,
1,96,-360,0,0,-8,-0.1089,
1,97,-360,0,0,-9,-0.1158,
1,98,-364,0,0,-9,-0.1158,
1,99,-501,0,0,-9,-0.1158,
1,100,-412,0,0,-9,-0.1158,
1,96,-108,0,0,-15,-0.0709,
1,97,-666,0,0,-13,-0.0748,
1,98,-690,0,0,-12,-0.0712,
1,99,-683,0,0,-12,-0.0681,
1,100,-572,0,0,-12,-0.0651,
0,96,328,0,0,12,0.3072,
0,97,331,0,0,14,0.3185,
0,98,239,0,0,15,0.3281,
0,99,135,0,0,15,0.3281,
0,100,143,0,0,15,0.3281,
0,96,404,0,0,7,0.1982,
0,97,418,0,0,6,0.1815,
0,98,411,0,0,5,0.169,
0,99,404,0,0,5,0.1655,
0,100,528,0,0,5,0.1629,
1,96,-470,0,0,-16,-0.1118,
1,97,-481,0,0,-16,-0.1152,
1,98,-373,0,0,-16,-0.1187,
1,99,-357,0,0,-16,-0.1221,
1,100,-333,0,0,-16,-0.1221,
0,96,-81,0,0,2,0.2155,
0,97,44,0,0,2,0.2155,
0,98,57,0,0,2,0.2155,
0,99,70,0,0,2,0.2155,
0,100,-25,0,0,2,0.2155,
0,96,339,0,0,24,0.3927,
0,97,367,0,0,24,0.3927,
0,98,78,0,0,24,0.3927,
0,99,84,0,0,24,0.3927,
0,100,90,0,0,23,0.3897,
0,96,127,0,0,-4,-0.3743,
0,97,126,0,0,-5,-0.3793,
0,98,117,0,0,-5,-0.3803,
0,99,99,0,0,-8,-0.3915,
0,100,95,0,0,-10,-0.3981,
0,96,388,0,0,11,0.0415,
0,97,479,0,0,11,0.0444,
0,98,386,0,0,11,0.0572,
0,99,370,0,0,11,0.0572,
0,100,369,0,0,11,0.0572,
0,96,-24,0,0,20,0.2394,
0,97,82,0,0,22,0.2428,
0,98,86,0,0,22,0.2428,
0,99,102,0,0,22,0.2428,
0,100,126,0,0,22,0.2428,
1,96,-1017,0,0,2,0.2783,
1,97,-988,0,0,2,0.2783,
1,98,-972,0,0,2,0.2783,
1,99,-440,0,0,2,0.2712,
1,100,-395,0,0,0,0.264,
1,96,76,0,0,-9,-0.1546,
1,97,57,0,0,-9,-0.1714,
1,98,64,0,0,-9,-0.1776,
1,99,80,0,0,-11,-0.1912,
1,100,84,0,0,-11,-0.1992,
1,96,-597,0,0,-24,-0.2529,
1,97,-585,0,0,-25,-0.2492,
1,98,-575,0,0,-26,-0.251,
1,99,-565,0,0,-27,-0.2527,
1,100,-664,0,0,-27,-0.2528,
0,96,7,0,0,-7,-0.0766,
0,97,32,0,0,-7,-0.0766,
0,98,-46,0,0,-7,-0.0766,
0,99,-142,0,0,-9,-0.0835,
0,100,-123,0,0,-9,-0.0897,
0,96,340,0,0,-6,-0.1462,
0,97,346,0,0,-5,-0.1489,
0,98,354,0,0,-5,-0.1489,
0,99,238,0,0,-5,-0.1489,
0,100,323,0,0,-7,-0.1602,
1,96,-113,0,0,9,0.0105,
1,97,-140,0,0,9,-0.0097,
1,98,-258,0,0,9,-0.0135,
1,99,-286,0,0,9,-0.0172,
1,100,-405,0,0,9,-0.0172,
1,96,116,0,0,-7,-0.1356,
1,97,115,0,0,-7,-0.1431,
1,98,20,0,0,-5,-0.1523,
1,99,-7,0,0,-6,-0.1557,
1,100,-138,0,0,-6,-0.1557,
0,96,355,0,0,11,0.2035,
0,97,358,0,0,14,0.2055,
0,98,359,0,0,16,0.1986,
0,99,360,0,0,17,0.1914,
0,100,368,0,0,15,0.1757,
1,96,-203,0,0,-14,-0.4839,
1,97,-187,0,0,-14,-0.485,
1,98,-88,0,0,-14,-0.484,
1,99,10,0,0,-14,-0.484,
1,100,10,0,0,-15,-0.4806,
0,96,-462,0,0,15,0.0154,
0,97,-463,0,0,15,0.0406,
0,98,-446,0,0,16,0.062,
0,99,-303,0,0,16,0.0659,
0,100,-288,0,0,16,0.0684,
0,96,-310,0,0,-10,-0.2453,
0,97,-337,0,0,-10,-0.2453,
0,98,-462,0,0,-10,-0.2453,
0,99,-478,0,0,-9,-0.2393,
0,100,-389,0,0,-9,-0.2389,
1,96,-863,0,0,-5,-0.1243,
1,97,-861,0,0,-5,-0.1508,
1,98,-846,0,0,-6,-0.1891,
1,99,-941,0,0,-7,-0.2056,
1,100,-926,0,0,-7,-0.2098,
1,96,-1137,0,0,-19,-0.4191,
1,97,-1145,0,0,-19,-0.4201,
1,98,-1161,0,0,-22,-0.4279,
1,99,-1153,0,0,-22,-0.4352,
1,100,-1151,0,0,-22,-0.4449,
0,96,-246,0,0,-1,0.031,
0,97,-246,0,0,-1,0.031,
0,98,-254,0,0,-1,0.031,
0,99,-270,0,0,-1,0.031,
0,100,-373,0,0,-1,0.0364,
0,96,612,0,0,14,0.1351,
0,97,726,0,0,15,0.1501,
0,98,627,0,0,16,0.1601,
0,99,605,0,0,17,0.1688,
0,100,591,0,0,18,0.1741,
0,96,668,0,0,15,0.1813,
0,97,680,0,0,16,0.1873,
0,98,809,0,0,17,0.1933,
0,99,341,0,0,17,0.194,
0,100,374,0,0,17,0.1948,
1,96,-327,0,0,-12,-0.1483,
1,97,-327,0,0,-12,-0.1483,
1,98,-319,0,0,-12,-0.1483,
1,99,-319,0,0,-12,-0.1512,
1,100,-430,0,0,-13,-0.1533,
0,96,-602,0,0,-4,-0.1364,
0,97,-728,0,0,-4,-0.1364,
0,98,-646,0,0,-4,-0.1364,
0,99,-662,0,0,-4,-0.1364,
0,100,-665,0,0,-4,-0.132,
0,96,299,0,0,5,0.1824,
0,97,298,0,0,5,0.1824,
0,98,287,0,0,5,0.1789,
0,99,273,0,0,6,0.1869,
0,100,248,0,0,6,0.1868,
0,96,-466,0,0,8,0.1841,
0,97,-435,0,0,10,0.1862,
0,98,-412,0,0,13,0.1884,
0,99,-396,0,0,13,0.1878,
0,100,-386,0,0,14,0.1911,
1,96,293,0,0,6,0.2602,
1,97,413,0,0,6,0.2362,
1,98,433,0,0,6,0.216,
1,99,550,0,0,6,0.2029,
1,100,465,0,0,6,0.1796,
0,96,290,0,0,3,0.1362,
0,97,203,0,0,3,0.1324,
0,98,223,0,0,3,0.1297,
0,99,244,0,0,3,0.1271,
0,100,252,0,0,4,0.1244,
0,96,401,0,0,14,0.098,
0,97,401,0,0,12,0.106,
0,98,399,0,0,14,0.1231,
0,99,268,0,0,15,0.1254,
0,100,254,0,0,14,0.1208,
1,96,-1124,0,0,-17,-0.0987,
1,97,-1239,0,0,-17,-0.1067,
1,98,-1240,0,0,-17,-0.1097,
1,99,-1232,0,0,-17,-0.1111,
1,100,-1219,0,0,-17,-0.1111,
1,96,-671,0,0,11,0.0246,
1,97,-799,0,0,11,0.0228,
1,98,-909,0,0,11,0.0228,
1,99,-1015,0,0,11,0.0228,
1,100,-1005,0,0,11,0.0228,
1,96,-237,0,0,-6,0.0074,
1,97,-224,0,0,-6,0.0084,
1,98,-210,0,0,-6,0.0084,
1,99,-219,0,0,-6,-0.019,
1,100,-212,0,0,-8,-0.0223,
0,96,428,0,0,34,0.3837,
0,97,436,0,0,33,0.3837,
0,98,444,0,0,32,0.3837,
0,99,338,0,0,31,0.3771,
0,100,318,0,0,31,0.3628,
0,96,747,0,0,3,0.0771,
0,97,783,0,0,3,0.0798,
0,98,806,0,0,3,0.0853,
0,99,957,0,0,4,0.0879,
0,100,1011,0,0,4,0.0937,
1,96,-413,0,0,-11,-0.061,
1,97,-410,0,0,-11,-0.0495,
1,98,-414,0,0,-11,-0.0495,
1,99,-521,0,0,-11,-0.0495,
1,100,-537,0,0,-11,-0.0495,
0,96,-154,0,0,3,-0.0076,
0,97,-122,0,0,2,-0.0145,
0,98,-690,0,0,2,-0.0209,
0,99,-672,0,0,0,-0.0298,
0,100,-771,0,0,-1,-0.0371,
0,96,-493,0,0,-2,0.0968,
0,97,-485,0,0,-2,0.0815,
0,98,-349,0,0,-1,0.0658,
0,99,-333,0,0,1,0.0864,
0,100,-317,0,0,1,0.0994,
0,96,576,0,0,-4,-0.1908,
0,97,576,0,0,-5,-0.1997,
0,98,574,0,0,-7,-0.2035,
0,99,572,0,0,-8,-0.2047,
0,100,572,0,0,-9,-0.2013,
1,96,-193,0,0,0,0.1233,
1,97,-213,0,0,2,0.1394,
1,98,-421,0,0,2,0.1425,
1,99,-418,0,0,2,0.1481,
1,100,-418,0,0,2,0.1481,
0,96,349,0,0,3,0.2184,
0,97,235,0,0,2,0.2286,
0,98,328,0,0,3,0.2331,
0,99,336,0,0,3,0.2331,
0,100,360,0,0,3,0.2331,
1,96,300,0,0,-8,0.0564,
1,97,308,0,0,-9,0.0554,
1,98,-191,0,0,-10,0.0594,
1,99,-288,0,0,-6,0.0853,
1,100,-285,0,0,-6,0.0984,
1,96,184,0,0,-6,0.0097,
1,97,204,0,0,-4,0.0194,
1,98,224,0,0,-4,0.0252,
1,99,242,0,0,-4,0.0407,
1,100,262,0,0,-4,0.0373,
0,96,172,0,0,6,-0.0062,
0,97,149,0,0,8,-0.0041,
0,98,218,0,0,8,-0.008,
0,99,204,0,0,8,-0.008,
0,100,208,0,0,9,-0.008,
1,96,627,0,0,17,0.411,
1,97,621,0,0,17,0.411,
1,98,615,0,0,17,0.411,
1,99,607,0,0,17,0.411,
1,100,599,0,0,17,0.411,
0,96,-187,0,0,11,0.2129,
0,97,-156,0,0,11,0.2129,
0,98,-112,0,0,11,0.2129,
0,99,-68,0,0,11,0.2129,
0,100,-28,0,0,11,0.2129,
0,96,653,0,0,2,0.0214,
0,97,664,0,0,2,0.0211,
0,98,682,0,0,4,0.0311,
0,99,800,0,0,6,0.0406,
0,100,710,0,0,7,0.0569,
0,96,-849,0,0,7,0.2177,
0,97,-368,0,0,7,0.2177,
0,98,-351,0,0,12,0.2333,
0,99,-324,0,0,15,0.2423,
0,100,-419,0,0,15,0.2423,
1,96,213,0,0,13,0.4311,
1,97,202,0,0,12,0.4237,
1,98,220,0,0,8,0.4069,
1,99,221,0,0,7,0.3955,
1,100,208,0,0,7,0.3926,
0,96,282,0,0,9,-0.0217,
0,97,-230,0,0,9,-0.0247,
0,98,-230,0,0,9,-0.0247,
0,99,-230,0,0,9,-0.0247,
0,100,-230,0,0,9,-0.0247,
1,96,-467,0,0,-18,-0.3395,
1,97,-453,0,0,-19,-0.3466,
1,98,-417,0,0,-19,-0.3471,
1,99,-389,0,0,-20,-0.342,
1,100,-469,0,0,-20,-0.3374,
1,96,-1240,0,0,-34,-0.5124,
1,97,-1240,0,0,-35,-0.5064,
1,98,-736,0,0,-36,-0.5114,
1,99,-731,0,0,-33,-0.5133,
1,100,-733,0,0,-32,-0.4995,
1,96,-204,0,0,9,0.0694,
1,97,-196,0,0,9,0.0721,
1,98,-188,0,0,9,0.0748,
1,99,-180,0,0,9,0.0774,
1,100,-84,0,0,9,0.0591,
1,96,-117,0,0,-3,-0.0886,
1,97,-11,0,0,-3,-0.0881,
1,98,94,0,0,-3,-0.0919,
1,99,97,0,0,-3,-0.0921,
1,100,80,0,0,-3,-0.0833,
1,96,-625,0,0,-1,-0.3324,
1,97,-624,0,0,-3,-0.3435,
1,98,-642,0,0,-3,-0.356,
1,99,-665,0,0,-3,-0.362,
1,100,-783,0,0,-3,-0.362,
0,96,-119,0,0,-2,0.1236,
0,97,-123,0,0,-1,0.1263,
0,98,-143,0,0,-1,0.129,
0,99,-163,0,0,-1,0.129,
0,100,-171,0,0,-1,0.129,
0,96,-320,0,0,13,0.1391,
0,97,-320,0,0,13,0.1151,
0,98,-428,0,0,12,0.0916,
0,99,-404,0,0,11,0.0849,
0,100,232,0,0,11,0.0849,
1,96,-74,0,0,-32,-0.5627,
1,97,38,0,0,-32,-0.5627,
1,98,32,0,0,-32,-0.5627,
1,99,34,0,0,-32,-0.5412,
1,100,141,0,0,-32,-0.5283,
1,96,538,0,0,-28,-0.4486,
1,97,421,0,0,-27,-0.4474,
1,98,422,0,0,-25,-0.4524,
1,99,422,0,0,-27,-0.4594,
1,100,424,0,0,-29,-0.4691,
1,96,-479,0,0,-33,-0.4003,
1,97,-264,0,0,-33,-0.4003,
1,98,-257,0,0,-33,-0.4003,
1,99,-368,0,0,-33,-0.4206,
1,100,-472,0,0,-34,-0.4408,
0,96,692,0,0,27,0.2485,
0,97,682,0,0,26,0.251,
0,98,563,0,0,26,0.2618,
0,99,542,0,0,28,0.2738,
0,100,436,0,0,30,0.2834,
0,96,26,0,0,13,0.2679,
0,97,34,0,0,14,0.2658,
0,98,-81,0,0,17,0.2595,
0,99,-215,0,0,17,0.2642,
0,100,-128,0,0,17,0.2625,
1,96,-849,0,0,-33,-0.271,
1,97,-755,0,0,-33,-0.2795,
1,98,-766,0,0,-33,-0.2851,
1,99,-768,0,0,-33,-0.2873,
1,100,-762,0,0,-33,-0.2857,
1,96,-464,0,0,0,0.1282,
1,97,-510,0,0,0,0.1522,
1,98,-542,0,0,0,0.1762,
1,99,-556,0,0,0,0.1872,
1,100,-544,0,0,0,0.1982,
0,96,328,0,0,9,0.1258,
0,97,217,0,0,7,0.1377,
0,98,229,0,0,7,0.1367,
0,99,262,0,0,4,0.1222,
0,100,473,0,0,4,0.1288,
1,96,-934,0,0,-14,0.2718,
1,97,-909,0,0,-14,0.2683,
1,98,-932,0,0,-13,0.2649,
1,99,-959,0,0,-13,0.2539,
1,100,-998,0,0,-12,0.2504,
1,96,-1354,0,0,-44,-0.6421,
1,97,-1362,0,0,-44,-0.6421,
1,98,-1350,0,0,-44,-0.6421,
1,99,-1336,0,0,-45,-0.6389,
1,100,-1233,0,0,-46,-0.6475,
0,96,572,0,0,11,0.0385,
0,97,596,0,0,11,0.0385,
0,98,628,0,0,11,0.0385,
0,99,652,0,0,11,0.05,
0,100,668,0,0,11,0.0534,
0,96,542,0,0,24,0.4888,
0,97,570,0,0,25,0.4933,
0,98,598,0,0,27,0.4994,
0,99,622,0,0,28,0.5105,
0,100,225,0,0,28,0.5197,
0,96,511,0,0,23,0.2409,
0,97,486,0,0,23,0.2381,
0,98,464,0,0,22,0.2356,
0,99,444,0,0,22,0.2335,
0,100,440,0,0,22,0.2335,
1,96,-69,0,0,-5,-0.253,
1,97,-43,0,0,-5,-0.253,
1,98,-121,0,0,-5,-0.253,
1,99,-219,0,0,-5,-0.253,
1,100,-206,0,0,-6,-0.2667,
1,96,-392,0,0,-24,-0.3827,
1,97,-401,0,0,-25,-0.4067,
1,98,-299,0,0,-25,-0.4308,
1,99,-293,0,0,-25,-0.4352,
1,100,-293,0,0,-26,-0.437,
0,96,183,0,0,-11,-0.2274,
0,97,263,0,0,-11,-0.2274,
0,98,135,0,0,-11,-0.2274,
0,99,119,0,0,-11,-0.2274,
0,100,117,0,0,-11,-0.2314,
0,96,-192,0,0,-23,-0.3163,
0,97,-212,0,0,-23,-0.3203,
0,98,-112,0,0,-24,-0.3278,
0,99,-109,0,0,-24,-0.3278,
0,100,-192,0,0,-24,-0.3278,
0,96,156,0,0,18,0.5067,
0,97,156,0,0,18,0.5067,
0,98,57,0,0,21,0.5188,
0,99,55,0,0,23,0.5306,
0,100,48,0,0,24,0.5363,
1,96,-852,0,0,-15,-0.3568,
1,97,-845,0,0,-15,-0.3568,
1,98,-819,0,0,-15,-0.3568,
1,99,-821,0,0,-16,-0.357,
1,100,-824,0,0,-20,-0.3659,
0,96,243,0,0,23,0.1268,
0,97,236,0,0,23,0.1234,
0,98,137,0,0,22,0.1198,
0,99,143,0,0,22,0.1198,
0,100,143,0,0,22,0.1097,
0,96,211,0,0,10,0.0714,
0,97,200,0,0,6,0.0447,
0,98,172,0,0,3,0.0235,
0,99,146,0,0,5,0.0215,
0,100,261,0,0,5,0.0176,
0,96,614,0,0,24,0.3262,
0,97,625,0,0,25,0.334,
0,98,649,0,0,24,0.3306,
0,99,689,0,0,24,0.3306,
0,100,829,0,0,24,0.3306,
1,96,-399,0,0,-12,-0.0581,
1,97,-498,0,0,-12,-0.0648,
1,98,-496,0,0,-12,-0.0665,
1,99,-379,0,0,-12,-0.0665,
1,100,-367,0,0,-13,-0.0647,
0,96,-16,0,0,12,0.1823,
0,97,-24,0,0,12,0.1823,
0,98,-32,0,0,12,0.1785,
0,99,-148,0,0,12,0.1727,
0,100,-264,0,0,14,0.1783,
1,96,-479,0,0,-2,0.0598,
1,97,-364,0,0,-3,0.0539,
1,98,-357,0,0,-3,0.054,
1,99,-341,0,0,-3,0.054,
1,100,-325,0,0,-3,0.054,
0,96,1163,0,0,48,0.891,
0,97,1263,0,0,48,0.891,
0,98,1256,0,0,53,0.9148,
0,99,1243,0,0,56,0.9341,
0,100,1126,0,0,56,0.9571,
1,96,-771,0,0,-15,-0.1128,
1,97,-783,0,0,-14,-0.1314,
1,98,-882,0,0,-13,-0.1579,
1,99,-774,0,0,-13,-0.1748,
1,100,-758,0,0,-12,-0.1845,
1,96,-112,0,0,3,0.0494,
1,97,-124,0,0,3,0.0446,
1,98,-152,0,0,3,0.0412,
1,99,-253,0,0,3,0.0412,
1,100,-246,0,0,3,0.0532,
1,96,-390,0,0,-14,-0.1303,
1,97,-391,0,0,-14,-0.1313,
1,98,-393,0,0,-14,-0.1397,
1,99,-395,0,0,-16,-0.1477,
1,100,-396,0,0,-16,-0.1541,
1,96,834,0,0,6,-0.0081,
1,97,845,0,0,6,0.0083,
1,98,842,0,0,6,0.0088,
1,99,840,0,0,6,0.0085,
1,100,832,0,0,6,0.0106,
0,96,281,0,0,21,0.1215,
0,97,297,0,0,21,0.1215,
0,98,305,0,0,18,0.109,
0,99,407,0,0,15,0.1033,
0,100,391,0,0,15,0.0969,
1,96,-709,0,0,6,0.1823,
1,97,-687,0,0,6,0.1823,
1,98,-815,0,0,6,0.186,
1,99,-826,0,0,8,0.1831,
1,100,-803,0,0,7,0.1801,
1,96,-963,0,0,-2,-0.06,
1,97,-1006,0,0,-2,-0.06,
1,98,-1037,0,0,-2,-0.06,
1,99,-1025,0,0,-4,-0.0637,
1,100,-1026,0,0,-4,-0.0637,
1,96,-722,0,0,0,-0.1823,
1,97,-697,0,0,1,-0.1792,
1,98,-660,0,0,1,-0.1852,
1,99,-646,0,0,1,-0.1898,
1,100,-635,0,0,1,-0.1783,
1,96,-787,0,0,-20,-0.1485,
1,97,-741,0,0,-20,-0.1555,
1,98,-685,0,0,-18,-0.158,
1,99,-573,0,0,-19,-0.1554,
1,100,-563,0,0,-19,-0.1573,
1,96,-795,0,0,-27,-0.4829,
1,97,-682,0,0,-27,-0.4832,
1,98,-682,0,0,-26,-0.4812,
1,99,-683,0,0,-26,-0.4797,
1,100,-661,0,0,-26,-0.48,
0,96,4,0,0,11,0.0017,
0,97,12,0,0,11,0.0017,
0,98,-23,0,0,12,0.0121,
0,99,-56,0,0,16,0.0253,
0,100,-61,0,0,17,0.0371,
0,96,-231,0,0,-10,-0.0373,
0,97,-227,0,0,-10,-0.0483,
0,98,-118,0,0,-10,-0.0579,
0,99,-119,0,0,-10,-0.0706,
0,100,-128,0,0,-8,-0.0684,
1,96,-44,0,0,-18,-0.1271,
1,97,-28,0,0,-22,-0.1391,
1,98,85,0,0,-23,-0.1445,
1,99,-40,0,0,-23,-0.1545,
1,100,-57,0,0,-23,-0.1567,
0,96,328,0,0,19,0.3315,
0,97,370,0,0,20,0.3392,
0,98,403,0,0,19,0.3418,
0,99,417,0,0,18,0.3448,
0,100,1052,0,0,18,0.346,
0,96,190,0,0,0,-0.1057,
0,97,84,0,0,0,-0.1043,
0,98,77,0,0,1,-0.0997,
0,99,158,0,0,1,-0.1021,
0,100,272,0,0,1,-0.1021,
0,96,364,0,0,9,0.113,
0,97,359,0,0,9,0.1136,
0,98,355,0,0,9,0.1126,
0,99,354,0,0,8,0.1026,
0,100,338,0,0,8,0.1035,
1,96,205,0,0,-6,0.0234,
1,97,220,0,0,-7,0.0159,
1,98,694,0,0,-7,0.0131,
1,99,657,0,0,-5,0.0224,
1,100,550,0,0,-5,0.0264,
0,96,-395,0,0,10,0.1582,
0,97,-437,0,0,9,0.1713,
0,98,-466,0,0,10,0.1745,
0,99,-494,0,0,10,0.1745,
0,100,-102,0,0,10,0.1745,
1,96,-171,0,0,-21,-0.2687,
1,97,-172,0,0,-21,-0.2706,
1,98,-282,0,0,-21,-0.2706,
1,99,-278,0,0,-21,-0.2706,
1,100,-182,0,0,-21,-0.2706,
0,96,214,0,0,1,-0.1156,
0,97,215,0,0,1,-0.1011,
0,98,204,0,0,4,-0.0806,
0,99,184,0,0,3,-0.0849,
0,100,164,0,0,4,-0.0815,
0,96,925,0,0,5,-0.1353,
0,97,943,0,0,5,-0.1241,
0,98,435,0,0,4,-0.1233,
0,99,456,0,0,2,-0.1223,
0,100,471,0,0,0,-0.1225,
1,96,820,0,0,-4,-0.158,
1,97,818,0,0,-4,-0.1383,
1,98,799,0,0,-2,-0.1184,
1,99,797,0,0,-3,-0.1194,
1,100,787,0,0,-4,-0.1204,
0,96,-333,0,0,20,0.4261,
0,97,-337,0,0,20,0.4288,
0,98,-328,0,0,20,0.4301,
0,99,-318,0,0,19,0.4414,
0,100,-327,0,0,21,0.4449,
1,96,-544,0,0,-3,-0.0978,
1,97,-1075,0,0,-3,-0.0978,
1,98,-1099,0,0,-3,-0.0978,
1,99,-1129,0,0,-3,-0.0992,
1,100,-1129,0,0,-3,-0.0992,
0,96,639,0,0,23,0.2803,
0,97,639,0,0,23,0.2923,
0,98,747,0,0,23,0.2923,
0,99,755,0,0,23,0.2949,
0,100,762,0,0,21,0.3074,
1,96,-309,0,0,-19,-0.5064,
1,97,-327,0,0,-17,-0.4848,
1,98,-948,0,0,-17,-0.4783,
1,99,-964,0,0,-17,-0.4783,
1,100,-968,0,0,-17,-0.4783,
1,96,-33,0,0,-7,-0.2792,
1,97,-35,0,0,-8,-0.2819,
1,98,-55,0,0,-7,-0.2819,
1,99,-75,0,0,-7,-0.2813,
1,100,-77,0,0,-7,-0.2806,
1,96,-352,0,0,-5,-0.0978,
1,97,-327,0,0,-5,-0.1012,
1,98,-324,0,0,-6,-0.1107,
1,99,-744,0,0,-6,-0.1186,
1,100,-732,0,0,-5,-0.1205,
1,96,-103,0,0,-5,-0.1007,
1,97,-101,0,0,-5,-0.1003,
1,98,-100,0,0,-5,-0.0969,
1,99,-92,0,0,-4,-0.0929,
1,100,-85,0,0,-4,-0.0929,
1,96,1,0,0,6,0.0561,
1,97,-7,0,0,6,0.0493,
1,98,77,0,0,4,0.0544,
1,99,74,0,0,3,0.0539,
1,100,57,0,0,1,0.0367,
0,96,92,0,0,7,0.2893,
0,97,69,0,0,8,0.2926,
0,98,39,0,0,8,0.3005,
0,99,-78,0,0,8,0.3042,
0,100,-47,0,0,8,0.3055,
0,96,1112,0,0,20,0.2148,
0,97,1098,0,0,20,0.2124,
0,98,1086,0,0,19,0.2098,
0,99,1074,0,0,17,0.2071,
0,100,1062,0,0,17,0.2071,
0,96,243,0,0,26,0.3908,
0,97,247,0,0,26,0.4026,
0,98,251,0,0,27,0.4063,
0,99,255,0,0,27,0.4063,
0,100,387,0,0,27,0.4063,
1,96,-42,0,0,-6,-0.3373,
1,97,-58,0,0,-6,-0.338,
1,98,-74,0,0,-3,-0.3313,
1,99,-94,0,0,-3,-0.3261,
1,100,0,0,0,-3,-0.3272,
1,96,-62,0,0,-2,0.0792,
1,97,-79,0,0,-4,0.0793,
1,98,-99,0,0,-4,0.0701,
1,99,-115,0,0,-3,0.0571,
1,100,-127,0,0,-3,0.053,
1,96,-930,0,0,-19,-0.4036,
1,97,-944,0,0,-20,-0.4059,
1,98,-966,0,0,-21,-0.4117,
1,99,-988,0,0,-21,-0.4178,
1,100,-1015,0,0,-20,-0.4202,
0,96,336,0,0,4,-0.0676,
0,97,328,0,0,4,-0.0716,
0,98,336,0,0,5,-0.0756,
0,99,336,0,0,5,-0.0756,
0,100,336,0,0,5,-0.0756,
1,96,-447,0,0,-33,-0.5155,
1,97,-552,0,0,-35,-0.5356,
1,98,-577,0,0,-35,-0.5431,
1,99,-583,0,0,-35,-0.5431,
1,100,-675,0,0,-35,-0.5431,
0,96,532,0,0,17,0.2816,
0,97,433,0,0,17,0.2783,
0,98,439,0,0,17,0.282,
0,99,445,0,0,16,0.2858,
0,100,445,0,0,16,0.2895,
1,96,-385,0,0,4,-0.1058,
1,97,-393,0,0,3,-0.1038,
1,98,-408,0,0,3,-0.1067,
1,99,-411,0,0,5,-0.0957,
1,100,-534,0,0,5,-0.0957,
1,96,-678,0,0,-11,-0.2355,
1,97,-691,0,0,-11,-0.2325,
1,98,-672,0,0,-11,-0.2296,
1,99,-668,0,0,-11,-0.2269,
1,100,-661,0,0,-11,-0.224,
0,96,-177,0,0,16,0.2825,
0,97,-182,0,0,16,0.2825,
0,98,-173,0,0,16,0.2825,
0,99,228,0,0,16,0.28,
0,100,226,0,0,16,0.28,
1,96,172,0,0,4,-0.1408,
1,97,83,0,0,4,-0.1408,
1,98,96,0,0,2,-0.1525,
1,99,109,0,0,1,-0.1643,
1,100,102,0,0,0,-0.1668,
1,96,459,0,0,-11,-0.1775,
1,97,385,0,0,-11,-0.1918,
1,98,413,0,0,-12,-0.2014,
1,99,435,0,0,-13,-0.2073,
1,100,567,0,0,-10,-0.2243,
1,96,565,0,0,4,0.099,
1,97,557,0,0,4,0.099,
1,98,549,0,0,4,0.088,
1,99,1059,0,0,4,0.0684,
1,100,969,0,0,5,0.0488,
1,96,-166,0,0,14,0.2217,
1,97,-164,0,0,14,0.2199,
1,98,-266,0,0,12,0.2215,
1,99,-260,0,0,10,0.2215,
1,100,-261,0,0,10,0.2169,
0,96,542,0,0,2,-0.227,
0,97,419,0,0,2,-0.2249,
0,98,395,0,0,2,-0.2033,
0,99,469,0,0,2,-0.1869,
0,100,461,0,0,3,-0.1764,
0,96,-360,0,0,8,0.0862,
0,97,-310,0,0,8,0.0825,
0,98,-286,0,0,8,0.0825,
0,99,-286,0,0,7,0.0825,
0,100,-402,0,0,7,0.0825,
1,96,-838,0,-7.200000,-12,-0.3131,
1,97,-886,0,-10.000000,-12,-0.3131,
1,98,-946,0,-12.800000,-12,-0.3131,
1,99,-880,0,-12.800000,-12,-0.3131,
1,100,-924,0,-12.800000,-9,-0.3138,
0,96,592,0,0,6,0.002,
0,97,716,0,0,6,0.002,
0,98,716,0,0,6,0.0047,
0,99,609,0,0,6,0.0073,
0,100,586,0,0,5,0.01,
1,96,341,0,0,6,-0.2048,
1,97,243,0,0,6,-0.203,
1,98,261,0,0,6,-0.2043,
1,99,383,0,0,5,-0.21,
1,100,394,0,0,5,-0.21,
1,96,-220,0,0,3,0.0803,
1,97,-724,0,0,1,0.0895,
1,98,-724,0,0,1,0.0792,
1,99,-729,0,0,0,0.066,
1,100,-723,0,0,1,0.0707,
1,96,-319,0,0,-25,-0.4076,
1,97,-335,0,0,-25,-0.4115,
1,98,-350,0,0,-25,-0.4184,
1,99,-350,0,0,-25,-0.4254,
1,100,-366,0,0,-25,-0.4323,
1,96,-238,0,0,-14,-0.2359,
1,97,-141,0,0,-14,-0.2437,
1,98,-94,0,0,-14,-0.2427,
1,99,-79,0,0,-14,-0.2427,
1,100,-79,0,0,-14,-0.2438,
1,96,99,0,0,-6,0.1736,
1,97,117,0,0,-6,0.169,
1,98,126,0,0,-7,0.1653,
1,99,123,0,0,-7,0.1663,
1,100,139,0,0,-7,0.1669,
0,96,-115,0,0,22,0.3421,
0,97,-136,0,0,24,0.3379,
0,98,558,0,0,23,0.3453,
0,99,559,0,0,23,0.3474,
0,100,558,0,0,23,0.3526,
1,96,-190,0,0,-17,-0.2263,
1,97,-205,0,0,-16,-0.222,
1,98,-218,0,0,-16,-0.222,
1,99,-340,0,0,-17,-0.2211,
1,100,-361,0,0,-17,-0.2211,
0,96,141,0,0,-9,-0.1915,
0,97,53,0,0,-9,-0.1915,
0,98,89,0,0,-11,-0.1966,
0,99,143,0,0,-9,-0.1986,
0,100,170,0,0,-10,-0.2016,
0,96,277,0,0,-15,-0.2263,
0,97,477,0,0,-15,-0.2263,
0,98,493,0,0,-15,-0.2263,
0,99,454,0,0,-14,-0.238,
0,100,304,0,0,-12,-0.2392,
1,96,-477,0,0,-11,0.1572,
1,97,-368,0,0,-11,0.1531,
1,98,-355,0,0,-11,0.1531,
1,99,-342,0,0,-11,0.1336,
1,100,-321,0,0,-11,0.1336,
0,96,98,0,0,-5,0.0937,
0,97,114,0,0,-5,0.0972,
0,98,105,0,0,-3,0.1063,
0,99,82,0,0,-1,0.1084,
0,100,-26,0,0,-1,0.112,
1,96,525,0,0,-10,-0.1543,
1,97,543,0,0,-10,-0.1564,
1,98,589,0,0,-10,-0.1564,
1,99,115,0,0,-10,-0.1564,
1,100,230,0,0,-10,-0.165,
0,96,97,0,0,0,0.2693,
0,97,95,0,0,0,0.2693,
0,98,179,0,0,0,0.2693,
0,99,151,0,0,0,0.2693,
0,100,123,0,0,0,0.2693,
1,96,476,0,0,-20,-0.1878,
1,97,468,0,0,-20,-0.1878,
1,98,455,0,0,-20,-0.1934,
1,99,434,0,0,-21,-0.2011,
1,100,407,0,0,-21,-0.2038,
1,96,-588,0,0,-17,-0.2515,
1,97,-588,0,0,-17,-0.2515,
1,98,-593,0,0,-17,-0.2515,
1,99,-598,0,0,-17,-0.2515,
1,100,-574,0,0,-17,-0.2488,
1,96,-84,0,0,-27,-0.4751,
1,97,-92,0,0,-30,-0.4874,
1,98,-102,0,0,-31,-0.4998,
1,99,-119,0,0,-31,-0.5017,
1,100,-237,0,0,-31,-0.502,
1,96,-358,0,0,-17,-0.1853,
1,97,-260,0,0,-18,-0.1882,
1,98,-265,0,0,-20,-0.1945,
1,99,-267,0,0,-22,-0.2012,
1,100,-374,0,0,-23,-0.2152,
0,96,279,0,0,10,0.2748,
0,97,286,0,0,10,0.2748,
0,98,817,0,0,10,0.2748,
0,99,816,0,0,10,0.2748,
0,100,823,0,0,10,0.2721,
1,96,-1069,0,0,-26,-0.1887,
1,97,-1074,0,0,-26,-0.1887,
1,98,-1087,0,0,-26,-0.1887,
1,99,-1143,0,0,-26,-0.2015,
1,100,-1274,0,0,-26,-0.1969,
0,96,-201,0,0,0,-0.0442,
0,97,-309,0,0,0,-0.039,
0,98,-305,0,0,0,-0.039,
0,99,-195,0,0,0,-0.039,
0,100,-187,0,0,0,-0.039,
1,96,-26,0,0,17,0.1726,
1,97,-24,0,0,18,0.1856,
1,98,-21,0,0,21,0.1998,
1,99,-21,0,0,21,0.1998,
1,100,-129,0,0,21,0.1998,
0,96,65,0,0,7,-0.022,
0,97,63,0,0,7,-0.022,
0,98,53,0,0,7,-0.022,
0,99,-55,0,0,7,-0.022,
0,100,-47,0,0,7,-0.022,
0,96,109,0,0,16,0.2714,
0,97,141,0,0,16,0.2744,
0,98,273,0,0,16,0.2774,
0,99,382,0,0,16,0.2794,
0,100,380,0,0,18,0.2839,
0,96,440,0,0,39,0.6124,
0,97,444,0,0,39,0.6164,
0,98,556,0,0,40,0.6422,
0,99,670,0,0,41,0.6397,
0,100,676,0,0,43,0.6441,
0,96,-17,0,0,-1,0.1172,
0,97,-114,0,0,-1,0.1188,
0,98,-100,0,0,0,0.119,
0,99,-68,0,0,0,0.1147,
0,100,40,0,0,1,0.1105,
0,96,1092,0,0,15,0.2621,
0,97,1088,0,0,15,0.2655,
0,98,1210,0,0,15,0.269,
0,99,1201,0,0,15,0.2724,
0,100,960,0,0,15,0.2724,
0,96,303,0,0,21,0.2407,
0,97,219,0,0,21,0.2295,
0,98,259,0,0,19,0.2167,
0,99,282,0,0,17,0.2073,
0,100,293,0,0,16,0.2057,
1,96,-3,0,0,-1,-0.0884,
1,97,-11,0,0,-1,-0.0774,
1,98,-19,0,0,-1,-0.0665,
1,99,-127,0,0,-1,-0.039,
1,100,-119,0,0,-1,-0.0112,
0,96,462,0,0,29,0.6797,
0,97,482,0,0,29,0.676,
0,98,615,0,0,29,0.676,
0,99,737,0,0,29,0.676,
0,100,844,0,0,29,0.676,
0,96,-193,0,0,3,-0.0161,
0,97,-206,0,0,2,-0.0101,
0,98,-104,0,0,2,0.007,
0,99,-94,0,0,2,0.0205,
0,100,-41,0,0,2,0.0245,
1,96,-488,0,0,-11,-0.0979,
1,97,-587,0,0,-11,-0.0805,
1,98,-459,0,0,-11,-0.0697,
1,99,-452,0,0,-16,-0.0727,
1,100,-462,0,0,-19,-0.0898,
1,96,173,0,0,-31,-0.5074,
1,97,45,0,0,-30,-0.5077,
1,98,141,0,0,-30,-0.5041,
1,99,104,0,0,-29,-0.4988,
1,100,97,0,0,-29,-0.4968,
0,96,-74,0,0,19,0.2541,
0,97,-73,0,0,18,0.2551,
0,98,-79,0,0,17,0.2554,
0,99,-61,0,0,18,0.2585,
0,100,-44,0,0,18,0.2556,
1,96,205,0,0,-21,-0.2821,
1,97,207,0,0,-19,-0.2804,
1,98,223,0,0,-20,-0.2842,
1,99,238,0,0,-20,-0.287,
1,100,358,0,0,-21,-0.2903,
0,96,238,0,0,12,0.3266,
0,97,196,0,0,12,0.3266,
0,98,64,0,0,12,0.3228,
0,99,56,0,0,12,0.3228,
0,100,64,0,0,9,0.3148,
0,96,707,0,0,-1,0.2602,
0,97,726,0,0,0,0.2686,
0,98,756,0,0,1,0.2726,
0,99,784,0,0,-2,0.2705,
0,100,805,0,0,-3,0.2747,
1,96,65,0,0,-12,-0.1928,
1,97,57,0,0,-12,-0.2003,
1,98,176,0,0,-11,-0.1957,
1,99,-22,0,0,-11,-0.1957,
1,100,-30,0,0,-11,-0.1957,
1,96,259,0,0,-25,-0.1292,
1,97,264,0,0,-25,-0.1329,
1,98,368,0,0,-25,-0.1329,
1,99,356,0,0,-23,-0.1317,
1,100,-267,0,0,-22,-0.1282,
0,96,1311,0,0,35,0.7213,
0,97,1305,0,0,36,0.719,
0,98,1186,0,0,36,0.7205,
0,99,1402,0,0,37,0.7195,
0,100,1433,0,0,37,0.7195,
1,96,695,0,0,-10,-0.3973,
1,97,582,0,0,-12,-0.4083,
1,98,554,0,0,-12,-0.4083,
1,99,433,0,0,-12,-0.4083,
1,100,341,0,0,-12,-0.4103,
0,96,23,0,0,-4,0.0011,
0,97,145,0,0,-4,0.0139,
0,98,151,0,0,-4,0.0267,
0,99,33,0,0,-3,0.0395,
0,100,-21,0,0,-3,0.0395,
0,96,-155,0,0,22,0.2176,
0,97,-138,0,0,22,0.2167,
0,98,-130,0,0,22,0.2188,
0,99,-50,0,0,22,0.2209,
0,100,-166,0,0,22,0.223,
1,96,-188,0,0,-6,-0.1723,
1,97,-187,0,0,-6,-0.1723,
1,98,-187,0,0,-6,-0.1723,
1,99,-187,0,0,-6,-0.1723,
1,100,-187,0,0,-5,-0.1723,
1,96,497,0,0,5,0.1571,
1,97,505,0,0,5,0.1462,
1,98,513,0,0,5,0.1351,
1,99,497,0,0,5,0.1239,
1,100,481,0,0,5,0.1126,
1,96,-530,0,0,-13,-0.0393,
1,97,-534,0,0,-13,-0.0326,
1,98,-410,0,0,-12,-0.0322,
1,99,-389,0,0,-12,-0.0327,
1,100,-481,0,0,-12,-0.0327,
0,96,-463,0,0,2,-0.0024,
0,97,-445,0,0,2,0.0039,
0,98,-434,0,0,2,0.0039,
0,99,-418,0,0,2,0.0059,
0,100,-412,0,0,2,0.0097,
1,96,254,0,0,-14,-0.1225,
1,97,270,0,0,-14,-0.1225,
1,98,270,0,0,-14,-0.1225,
1,99,256,0,0,-14,-0.1309,
1,100,258,0,0,-14,-0.1309,
0,96,263,0,0,13,0.1833,
0,97,256,0,0,13,0.1833,
0,98,224,0,0,13,0.1833,
0,99,208,0,0,13,0.1833,
0,100,118,0,0,13,0.186,
1,96,-879,0,0,-34,-0.5348,
1,97,-883,0,0,-37,-0.5323,
1,98,-905,0,0,-36,-0.5356,
1,99,-933,0,0,-34,-0.5296,
1,100,-1058,0,0,-33,-0.5243,
0,96,67,0,0,12,0.1872,
0,97,203,0,0,12,0.1872,
0,98,227,0,0,12,0.1872,
0,99,374,0,0,12,0.1872,
0,100,482,0,0,12,0.1872,
0,96,317,0,0,19,0.2567,
0,97,246,0,0,19,0.2567,
0,98,282,0,0,19,0.2567,
0,99,523,0,0,19,0.2604,
0,100,531,0,0,19,0.2604,
1,96,-188,0,0,-21,-0.3513,
1,97,-298,0,0,-21,-0.3513,
1,98,-805,0,0,-21,-0.3543,
1,99,-688,0,0,-21,-0.3572,
1,100,-588,0,0,-21,-0.3601,
1,96,472,0,0,-8,-0.1895,
1,97,572,0,0,-8,-0.1891,
1,98,540,0,0,-7,-0.186,
1,99,523,0,0,-6,-0.1753,
1,100,635,0,0,-6,-0.1728,
1,96,-230,0,0,7,0.1584,
1,97,-250,0,0,7,0.153,
1,98,-269,0,0,7,0.1492,
1,99,-294,0,0,7,0.1492,
1,100,-319,0,0,7,0.1492,
1,96,-804,0,0,-18,-0.201,
1,97,-718,0,0,-17,-0.2076,
1,98,-719,0,0,-17,-0.2126,
1,99,-720,0,0,-17,-0.2152,
1,100,-719,0,0,-16,-0.2168,
1,96,-1177,0,0,-13,-0.0585,
1,97,-1275,0,0,-13,-0.0585,
1,98,-1274,0,0,-13,-0.0585,
1,99,-1266,0,0,-13,-0.0585,
1,100,-1258,0,0,-13,-0.0585,
0,96,268,0,0,9,0.0987,
0,97,276,0,0,9,0.1068,
0,98,284,0,0,9,0.1149,
0,99,300,0,0,9,0.123,
0,100,825,0,0,9,0.1311,
1,96,107,0,0,-8,-0.1372,
1,97,107,0,0,-7,-0.1402,
1,98,78,0,0,-7,-0.1242,
1,99,40,0,0,-9,-0.1162,
1,100,2,0,0,-10,-0.1172,
1,96,-571,0,0,-19,-0.2391,
1,97,-592,0,0,-19,-0.2474,
1,98,-614,0,0,-19,-0.2533,
1,99,-627,0,0,-20,-0.2608,
1,100,-1107,0,0,-20,-0.2608,
0,96,183,0,0,-8,0.0095,
0,97,184,0,0,-8,0.0095,
0,98,184,0,0,-8,0.0215,
0,99,184,0,0,-7,0.0324,
0,100,184,0,0,-7,0.0445,
0,96,-59,0,0,1,-0.0596,
0,97,-79,0,0,4,-0.0447,
0,98,-97,0,0,5,-0.0333,
0,99,5,0,0,4,-0.0267,
0,100,15,0,0,4,-0.0267,
1,96,-241,0,0,-18,-0.0801,
1,97,-278,0,0,-18,-0.082,
1,98,-286,0,0,-18,-0.082,
1,99,-795,0,0,-18,-0.0906,
1,100,-805,0,0,-18,-0.1026,
1,96,-534,0,0,-12,-0.4429,
1,97,-476,0,0,-12,-0.4455,
1,98,-339,0,0,-12,-0.4455,
1,99,-350,0,0,-12,-0.4455,
1,100,-347,0,0,-12,-0.4444,
0,96,256,0,0,-11,0.1541,
0,97,252,0,0,-6,0.1793,
0,98,744,0,0,-6,0.1793,
0,99,768,0,0,-7,0.1953,
0,100,792,0,0,-8,0.1993,
0,96,912,0,0,28,0.1614,
0,97,808,0,0,29,0.176,
0,98,923,0,0,30,0.1827,
0,99,909,0,0,30,0.1817,
0,100,908,0,0,30,0.1817,
0,96,227,0,0,31,0.3094,
0,97,307,0,0,31,0.3094,
0,98,291,0,0,31,0.3094,
0,99,267,0,0,31,0.3094,
0,100,288,0,0,31,0.3122,
0,96,154,0,0,-7,0.113,
0,97,158,0,0,-6,0.1064,
0,98,163,0,0,-6,0.0969,
0,99,62,0,0,-6,0.0917,
0,100,66,0,0,-7,0.0858,
1,96,593,0,0,0,-0.1543,
1,97,585,0,0,-2,-0.1384,
1,98,576,0,0,-3,-0.1339,
1,99,673,0,0,-5,-0.1305,
1,100,776,0,0,-5,-0.1214,
0,96,401,0,0,11,0.2355,
0,97,391,0,0,11,0.2355,
0,98,376,0,0,10,0.2469,
0,99,476,0,0,11,0.2491,
0,100,462,0,0,12,0.2536,
1,96,-427,0,0,4,-0.2136,
1,97,-566,0,0,5,-0.2069,
1,98,-368,0,0,5,-0.2049,
1,99,-354,0,0,4,-0.205,
1,100,-437,0,0,4,-0.205,
0,96,232,0,0,13,0.2149,
0,97,232,0,0,13,0.2149,
0,98,216,0,0,13,0.2069,
0,99,336,0,0,13,0.2,
0,100,356,0,0,13,0.193,
0,96,-49,0,0,6,0.1087,
0,97,35,0,0,6,0.1087,
0,98,9,0,0,6,0.109,
0,99,8,0,0,6,0.1074,
0,100,18,0,0,6,0.1084,
0,96,469,0,0,12,0.3264,
0,97,469,0,0,12,0.338,
0,98,469,0,0,11,0.3469,
0,99,469,0,0,9,0.3501,
0,100,462,0,0,12,0.3576,
0,96,925,0,0,3,0.2112,
0,97,936,0,0,3,0.2112,
0,98,931,0,0,3,0.2112,
0,99,934,0,0,3,0.2139,
0,100,938,0,0,2,0.2152,
1,96,-464,0,0,-4,-0.2533,
1,97,-472,0,0,-4,-0.2496,
1,98,-375,0,0,-4,-0.2496,
1,99,-378,0,0,-4,-0.2459,
1,100,-489,0,0,-4,-0.2433,
0,96,170,0,0,0,0.029,
0,97,163,0,0,0,0.0416,
0,98,259,0,0,-1,0.0544,
0,99,367,0,0,-1,0.0672,
0,100,247,0,0,-5,0.0784,
0,96,226,0,0,9,-0.0273,
0,97,220,0,0,10,-0.0138,
0,98,224,0,0,9,-0.014,
0,99,251,0,0,9,-0.0158,
0,100,377,0,0,9,-0.0228,
0,96,79,0,0,10,0.2372,
0,97,79,0,0,12,0.2377,
0,98,79,0,0,8,0.2358,
0,99,-12,0,0,7,0.2339,
0,100,-27,0,0,7,0.2339,
0,96,906,0,0,20,-0.0453,
0,97,929,0,0,20,-0.0415,
0,98,831,0,0,19,-0.0397,
0,99,820,0,0,16,-0.0498,
0,100,828,0,0,17,-0.0475,
1,96,-1099,0,0,-11,-0.2589,
1,97,-989,0,0,-10,-0.2512,
1,98,-981,0,0,-9,-0.2542,
1,99,-972,0,0,-7,-0.2601,
1,100,-940,0,0,-4,-0.2502,
1,96,-1243,0,0,-38,-0.6924,
1,97,-1345,0,0,-38,-0.6953,
1,98,-1352,0,0,-38,-0.7029,
1,99,-1368,0,0,-38,-0.7149,
1,100,-1384,0,0,-38,-0.7258,
0,96,617,0,0,16,0.1626,
0,97,612,0,0,16,0.1672,
0,98,519,0,0,16,0.1696,
0,99,519,0,0,14,0.172,
0,100,518,0,0,15,0.1763,
0,96,-103,0,0,7,0.0603,
0,97,-101,0,0,7,0.0614,
0,98,-109,0,0,7,0.0614,
0,99,-108,0,0,7,0.0461,
0,100,-124,0,0,4,0.0317,
0,96,-385,0,0,-7,-0.0264,
0,97,-406,0,0,-7,-0.0241,
0,98,-410,0,0,-7,-0.0247,
0,99,-416,0,0,-7,-0.0247,
0,100,-408,0,0,-7,-0.0247,
1,96,270,0,0,-31,-0.3052,
1,97,294,0,0,-31,-0.3052,
1,98,302,0,0,-31,-0.3052,
1,99,410,0,0,-31,-0.3202,
1,100,417,0,0,-32,-0.3245,
1,96,-256,0,0,-12,-0.2173,
1,97,-272,0,0,-12,-0.2173,
1,98,-264,0,0,-12,-0.2173,
1,99,-148,0,0,-13,-0.2163,
1,100,-275,0,0,-11,-0.2196,
0,96,658,0,0,21,0.2426,
0,97,674,0,0,22,0.2513,
0,98,674,0,0,20,0.2713,
0,99,674,0,0,18,0.2833,
0,100,674,0,0,17,0.2836,
1,96,-603,0,0,-10,0.0513,
1,97,-518,0,0,-10,0.0366,
1,98,-418,0,0,-10,0.0238,
1,99,-414,0,0,-10,0.0238,
1,100,-410,0,0,-10,0.0238,
1,96,-439,0,0,-16,-0.2634,
1,97,-434,0,0,-20,-0.2909,
1,98,-424,0,0,-19,-0.2978,
1,99,-417,0,0,-19,-0.3024,
1,100,-409,0,0,-19,-0.3024,
0,96,16,0,0,20,0.0325,
0,97,25,0,0,20,0.0288,
0,98,142,0,0,20,0.025,
0,99,177,0,0,20,0.025,
0,100,198,0,0,20,0.025,
1,96,-184,0,0,14,-0.043,
1,97,-76,0,0,13,-0.0558,
1,98,32,0,0,13,-0.0558,
1,99,-84,0,0,13,-0.0558,
1,100,26,0,0,14,-0.0618,
0,96,336,0,0,-1,-0.1245,
0,97,352,0,0,-1,-0.1245,
0,98,352,0,0,-1,-0.1279,
0,99,352,0,0,-1,-0.1279,
0,100,352,0,0,-1,-0.1199,
0,96,546,0,0,28,0.5604,
0,97,650,0,0,26,0.5591,
0,98,767,0,0,24,0.5536,
0,99,749,0,0,24,0.5503,
0,100,640,0,0,23,0.5539,
1,96,665,0,0,8,-0.1188,
1,97,669,0,0,7,-0.1236,
1,98,672,0,0,7,-0.1306,
1,99,676,0,0,5,-0.137,
1,100,671,0,0,5,-0.1399,
1,96,-278,0,0,-9,-0.2564,
1,97,-306,0,0,-10,-0.2327,
1,98,194,0,0,-9,-0.201,
1,99,289,0,0,-7,-0.1811,
1,100,284,0,0,-6,-0.1647,
1,96,628,0,0,-8,0.0789,
1,97,516,0,0,-8,0.0789,
1,98,539,0,0,-10,0.0865,
1,99,547,0.800000,0,-10,0.0825,
1,100,554,2.400000,0,-10,0.0802,
0,96,385,0,0,17,0.2509,
0,97,393,0,0,17,0.2771,
0,98,302,0,0,16,0.3047,
0,99,422,0,0,16,0.3321,
0,100,439,0,0,17,0.3623,
1,96,-46,0,0,5,0.1011,
1,97,-142,0,0,4,0.0962,
1,98,-44,0,0,4,0.0962,
1,99,-44,0,0,4,0.0962,
1,100,-44,0,0,4,0.093,
0,96,-111,0,0,9,-0.0382,
0,97,-94,0,0,8,-0.0325,
0,98,-70,0,0,8,-0.0325,
0,99,-52,0,0,8,-0.0325,
0,100,68,0,0,6,-0.0385,
0,96,-46,0,0,0,-0.1528,
0,97,-46,0,0,0,-0.1528,
0,98,-46,0,0,0,-0.1555,
0,99,-46,0,0,0,-0.1555,
0,100,54,0,0,0,-0.1624,
1,96,-564,0,0,-19,-0.1465,
1,97,-552,0,0,-19,-0.1465,
1,98,-546,0,0,-19,-0.1465,
1,99,-547,0,0,-16,-0.156,
1,100,-546,0,0,-16,-0.1638,
1,96,273,0,0,-2,-0.0951,
1,97,295,0,0,-2,-0.0982,
1,98,200,0,0,-4,-0.1009,
1,99,214,0,0,-5,-0.1049,
1,100,227,0,0,-7,-0.1155,
1,96,-844,0,0,-5,-0.1686,
1,97,-729,0,0,-5,-0.1722,
1,98,-721,0,0,-3,-0.1707,
1,99,-712,0,0,-3,-0.1704,
1,100,-704,0,0,-3,-0.1807,
0,96,441,0,0,5,0.185,
0,97,445,0,0,5,0.1816,
0,98,453,0,0,5,0.1782,
0,99,453,0,0,5,0.1782,
0,100,472,0,0,4,0.1812,
0,96,-176,0,0,24,0.424,
0,97,-206,0,0,25,0.4186,
0,98,-201,0,0,25,0.4181,
0,99,-194,0,0,23,0.4158,
0,100,-416,0,0,24,0.4156,
0,96,367,0,0,-2,0.0083,
0,97,362,0,0,-1,0.0185,
0,98,349,0,0,-2,0.0209,
0,99,341,0,0,-3,0.0223,
0,100,235,0,0,-1,0.0288,
1,96,-813,0,0,-3,-0.2885,
1,97,-821,0,0,-1,-0.2912,
1,98,-822,0,0,0,-0.284,
1,99,-705,0,0,2,-0.2767,
1,100,-799,0,0,5,-0.2696,
1,96,-517,0,0,-19,-0.4505,
1,97,-641,0,0,-20,-0.4534,
1,98,-653,0,0,-20,-0.4534,
1,99,-637,0,0,-20,-0.4534,
1,100,-513,0,0,-20,-0.4534,
0,96,269,0,0,18,0.262,
0,97,386,0,0,19,0.2641,
0,98,378,0,0,18,0.2641,
0,99,394,0,0,18,0.2641,
0,100,394,0,0,18,0.2641,
0,96,136,0,0,5,0.1209,
0,97,134,0,0,6,0.1206,
0,98,135,0,0,5,0.1146,
0,99,253,0,0,6,0.1229,
0,100,155,0,0,7,0.1345,
0,96,325,0,0,8,0.0886,
0,97,420,0,0,7,0.0831,
0,98,432,0,0,7,0.0831,
0,99,432,0,0,7,0.0831,
0,100,416,0,0,7,0.0831,
0,96,607,0,0,19,0.2995,
0,97,1105,0,0,19,0.3138,
0,98,1112,0,0,20,0.3268,
0,99,1123,0,0,22,0.3448,
0,100,1121,0,0,22,0.3448,
0,96,406,0,0,-16,-0.3066,
0,97,301,0,0,-11,-0.3235,
0,98,309,0,0,-11,-0.341,
0,99,211,0,0,-15,-0.3565,
0,100,198,0,0,-15,-0.3565,
0,96,678,0,0,11,0.267,
0,97,650,0,0,12,0.2881,
0,98,625,0,0,15,0.3044,
0,99,714,0,0,15,0.3193,
0,100,721,0,0,18,0.3307,
0,96,-340,0,0,23,0.2943,
0,97,-244,0,0,23,0.2952,
0,98,-253,0,0,23,0.2966,
0,99,-166,0,0,22,0.2935,
0,100,-175,0,0,22,0.2937,
0,96,122,0,0,-1,0.0181,
0,97,98,0,0,-1,0.0181,
0,98,98,0,0,-1,0.0181,
0,99,83,0,0,-1,0.0181,
0,100,52,0,0,-1,0.0181,
0,96,975,0,0,16,0.1896,
0,97,974,0,0,15,0.1792,
0,98,965,0,0,12,0.1742,
0,99,455,0,0,11,0.1676,
0,100,453,0,0,10,0.1591,
1,96,296,0,0,-17,-0.1785,
1,97,195,0,0,-17,-0.1779,
1,98,203,0,0,-17,-0.1779,
1,99,283,0,0,-17,-0.1779,
1,100,-126,0,0,-17,-0.1789,
1,96,109,0,0,-1,0.0621,
1,97,109,0,0,-1,0.0621,
1,98,109,0,0,-1,0.0621,
1,99,101,0,0,-1,0.0621,
1,100,-7,0,0,-3,0.0592,
1,96,-399,0,0,-19,-0.3345,
1,97,-517,0,0,-17,-0.3148,
1,98,-748,0,0,-17,-0.3069,
1,99,-760,0,0,-17,-0.3086,
1,100,-772,0,0,-17,-0.3108,
0,96,43,0,0,18,0.1235,
0,97,75,0,0,17,0.1234,
0,98,46,0,0,17,0.112,
0,99,20,0,0,17,0.114,
0,100,-102,0,0,17,0.1159,
1,96,-697,0,0,5,0.0767,
1,97,-681,0,0,5,0.0767,
1,98,-681,0,0,5,0.0727,
1,99,-675,0,0,5,0.0727,
1,100,-659,0,0,5,0.0727,
0,96,353,0,0,8,0.0307,
0,97,245,0,0,11,0.0444,
0,98,245,0,0,10,0.0589,
0,99,231,0,0,11,0.0661,
0,100,231,0,0,12,0.0634,
0,96,-47,0,0,8,0.1221,
0,97,-43,0,0,8,0.1221,
0,98,-19,0,0,8,0.1221,
0,99,-10,0,0,8,0.1255,
0,100,79,0,0,8,0.1289,
0,96,752,0,0,13,-0.0653,
0,97,748,0,0,13,-0.0536,
0,98,767,0,0,9,-0.0467,
0,99,784,0,0,7,-0.0387,
0,100,828,0,0,6,-0.0305,
0,96,192,0,0,23,0.4292,
0,97,78,0,0,23,0.427,
0,98,69,0,0,22,0.4156,
0,99,-47,0,0,21,0.4068,
0,100,-45,0,0,18,0.395,
0,96,88,0,0,8,0.0088,
0,97,88,0,0,8,0.02,
0,98,88,0,0,8,0.0311,
0,99,64,0,0,9,0.0467,
0,100,-57,0,0,9,0.0439,
1,96,-360,0,0,-8,-0.0486,
1,97,-486,0,0,-8,-0.0476,
1,98,-495,0,0,-8,-0.0489,
1,99,-503,0,0,-8,-0.0489,
1,100,-510,0,0,-7,-0.0512,
1,96,132,0,0,3,-0.0903,
1,97,209,0,0,1,-0.0853,
1,98,203,0,0,2,-0.0747,
1,99,226,0,0,2,-0.0652,
1,100,347,0,0,4,-0.0793,
1,96,149,0,0,8,0.14,
1,97,267,0,0,8,0.1394,
1,98,257,0,0,8,0.1389,
1,99,129,0,0,8,0.1389,
1,100,109,0,0,8,0.1389,
1,96,-292,0,0,-15,-0.1931,
1,97,-292,0,0,-15,-0.1931,
1,98,-400,0,0,-15,-0.1931,
1,99,-400,0,0,-15,-0.1931,
1,100,-507,0,0,-15,-0.2062,
0,96,-341,0,0,-8,-0.0067,
0,97,-321,0,0,-8,-0.0072,
0,98,-237,0,0,-8,-0.0072,
0,99,-217,0,0,-8,-0.0072,
0,100,-202,0,0,-8,-0.0102,
0,96,332,0,0,34,0.4633,
0,97,327,0,0,34,0.4633,
0,98,250,0,0,34,0.4633,
0,99,289,0,0,34,0.4633,
0,100,428,0,0,34,0.4633,
0,96,1362,0,0,26,0.468,
0,97,1356,0,0,27,0.4772,
0,98,1252,0,0,27,0.4792,
0,99,1152,0,0,26,0.4812,
0,100,1246,0,0,27,0.4843,
1,96,400,0,0,-14,-0.2408,
1,97,283,0,0,-12,-0.2167,
1,98,375,0,0,-12,-0.2167,
1,99,351,0,0,-12,-0.2167,
1,100,327,0,0,-12,-0.2167,
1,96,-72,0,0,-5,-0.2144,
1,97,-52,0,0,-5,-0.2292,
1,98,-31,0,0,-6,-0.2438,
1,99,-10,0,0,-5,-0.2717,
1,100,8,0,0,-7,-0.2975,
0,96,1122,0,0,12,0.4504,
0,97,1128,0,0,13,0.4426,
0,98,1106,0,0,16,0.4475,
0,99,1086,0,0,17,0.4495,
0,100,1070,0,0,17,0.4437,
1,96,-177,0,0,15,0.0319,
1,97,-181,0,0,15,0.0279,
1,98,-176,0,0,15,0.0162,
1,99,-88,0,0,14,0.0278,
1,100,-116,0,0,7,0.0283,
0,96,71,0,0,2,-0.2301,
0,97,79,0,0,2,-0.2301,
0,98,99,0,0,2,-0.2301,
0,99,87,0,0,2,-0.2301,
0,100,59,0,0,2,-0.2301,
0,96,12,0,0,10,0.086,
0,97,-20,0,0,10,0.086,
0,98,-44,0,0,10,0.086,
0,99,-108,0,0,10,0.086,
0,100,-34,0,0,10,0.086,
0,96,725,0,0,11,-0.0827,
0,97,193,0,0,11,-0.0827,
0,98,269,0,0,11,-0.0827,
0,99,233,0,0,11,-0.0827,
0,100,197,0,0,11,-0.0818,
0,96,492,0,0,12,0.2972,
0,97,396,0,0,12,0.2881,
0,98,428,0,0,12,0.2791,
0,99,444,0,0,12,0.2699,
0,100,468,0,0,12,0.2608,
0,96,868,0,0,11,0.3213,
0,97,883,0,0,12,0.3237,
0,98,977,0,0,12,0.3237,
0,99,342,0,0,12,0.3237,
0,100,329,0,0,12,0.3237,
0,96,36,0,0,13,0.0787,
0,97,-70,0,0,13,0.0822,
0,98,-80,0,0,13,0.0822,
0,99,-90,0,0,13,0.0822,
0,100,8,0,0,13,0.0822,
0,96,-219,0,0,-6,-0.1074,
0,97,-219,0,0,-6,-0.1158,
0,98,-203,0,0,-6,-0.1242,
0,99,-83,0,0,-6,-0.1238,
0,100,-211,0,0,-6,-0.1234,
0,96,1111,0,0,21,0.0971,
0,97,1092,0,0,21,0.0891,
0,98,1073,0,0,20,0.0811,
0,99,1058,0,0,18,0.0731,
0,100,1058,0,0,17,0.0653,
1,96,-154,0,0,12,0.2849,
1,97,-155,0,0,13,0.2794,
1,98,-155,0,0,13,0.2685,
1,99,-163,0,0,13,0.2685,
1,100,-70,0,0,13,0.2664,
1,96,40,0,0,-7,-0.0328,
1,97,59,0,0,-7,-0.023,
1,98,78,0,0,-7,-0.0155,
1,99,97,0,0,-6,-0.0023,
1,100,114,0,0,-8,0.0049,
0,96,188,0,0,1,0.0719,
0,97,183,0,0,3,0.0648,
0,98,43,0,0,4,0.0643,
0,99,28,0,0,6,0.0814,
0,100,16,0,0,7,0.0872,
1,96,-1230,0,0,-26,-0.1442,
1,97,-1242,0,0,-27,-0.1362,
1,98,-1254,0,0,-25,-0.1136,
1,99,-1265,0,0,-23,-0.098,
1,100,-1269,0,0,-19,-0.0919,
1,96,-1091,0,0,4,0.1845,
1,97,-1112,0,0,4,0.1877,
1,98,-1224,0,0,4,0.1877,
1,99,-1207,0,0,5,0.1766,
1,100,-681,0,0,5,0.1656,
0,96,138,0,0,18,-0.0157,
0,97,139,0,0,18,-0.0155,
0,98,115,0,0,17,-0.0165,
0,99,601,0,0,16,-0.0217,
0,100,585,0,0,13,-0.0171,
1,96,-1498,0,0,-30,-0.036,
1,97,-1530,0,0,-30,-0.0397,
1,98,-1577,0,0,-33,-0.0449,
1,99,-1693,0,0,-33,-0.0759,
1,100,-1810,0,0,-35,-0.0806,
1,96,-645,0,0,-12,-0.271,
1,97,-667,0,0,-13,-0.271,
1,98,-681,0,0,-13,-0.271,
1,99,-489,0,0,-14,-0.2757,
1,100,-606,0,0,-12,-0.2702,
0,96,125,0,0,22,0.3964,
0,97,129,0,0,23,0.4061,
0,98,248,0,0,23,0.4076,
0,99,142,0,0,23,0.4076,
0,100,256,0,0,23,0.4076,
1,96,-477,0,0,-14,-0.1393,
1,97,-463,0,0,-14,-0.1393,
1,98,-457,0,0,-14,-0.1354,
1,99,-343,0,0,-14,-0.1354,
1,100,-453,0,0,-14,-0.1624,
1,96,-512,0,0,-11,0.0763,
1,97,-510,0,0,-11,0.0765,
1,98,-510,0,0,-11,0.0765,
1,99,-506,0,0,-10,0.0878,
1,100,-487,0,0,-11,0.1007,
0,96,297,0,0,41,0.3659,
0,97,260,0,0,42,0.3653,
0,98,225,0,0,40,0.3645,
0,99,111,0,0,41,0.3763,
0,100,99,0,0,41,0.3792,
1,96,-548,0,0,-23,-0.3651,
1,97,-575,0,0,-23,-0.3651,
1,98,-614,0,0,-23,-0.3662,
1,99,-743,0,0,-23,-0.3723,
1,100,-875,0,0,-23,-0.3759,
0,96,851,0,0,2,-0.2179,
0,97,875,0,0,3,-0.2211,
0,98,791,0,0,2,-0.2226,
0,99,800,0,0,4,-0.2089,
0,100,805,0,0,4,-0.2121,
0,96,213,0,0,23,0.319,
0,97,317,0,0,22,0.311,
0,98,-186,0,0,21,0.3031,
0,99,-98,0,0,21,0.3007,
0,100,-141,0,0,21,0.3007,
0,96,759,0,0,16,0.3312,
0,97,753,0,0,15,0.3392,
0,98,729,0,0,17,0.3401,
0,99,715,0,0,17,0.3408,
0,100,709,0,0,18,0.34,
1,96,380,0,0,-8,0.0489,
1,97,381,0,0,-8,0.0653,
1,98,381,0,0,-9,0.0756,
1,99,380,0,0,-9,0.0669,
1,100,264,0,0,-10,0.0527,
1,96,167,0,0,-20,-0.331,
1,97,155,0,0,-20,-0.3269,
1,98,143,0,0,-20,-0.3247,
1,99,128,0,0,-20,-0.3242,
1,100,-11,0,0,-20,-0.3208,
0,96,941,0,0,18,0.2279,
0,97,1055,0,0,20,0.2218,
0,98,1052,0,0,20,0.2232,
0,99,1025,0,0,21,0.2245,
0,100,1000,0,0,21,0.2302,
1,96,-1037,0,0,-9,-0.1686,
1,97,-964,0,0,-9,-0.169,
1,98,-1027,0,0,-9,-0.169,
1,99,-1058,0,0,-9,-0.169,
1,100,-1082,0,0,-9,-0.165,
1,96,-730,0,0,-17,-0.2519,
1,97,-859,0,0,-17,-0.2532,
1,98,-887,0,0,-19,-0.2566,
1,99,-415,0,0,-19,-0.2627,
1,100,-415,0,0,-19,-0.2627,
1,96,457,0,0,9,0.1614,
1,97,473,0,0,6,0.1527,
1,98,488,0,0,7,0.1441,
1,99,508,0,0,7,0.147,
1,100,420,0,0,7,0.15,
1,96,-173,0,0,5,0.0858,
1,97,-73,0,0,4,0.0673,
1,98,-72,0,0,3,0.0506,
1,99,33,0,0,4,0.0311,
1,100,17,0,0,2,0.0236,
0,96,-158,0,0,9,0.196,
0,97,-186,0,0,9,0.196,
0,98,-192,0,0,9,0.196,
0,99,-202,0,0,9,0.196,
0,100,-192,0,0,9,0.196,
1,96,188,0,0,12,0.3129,
1,97,300,0,0,12,0.3193,
1,98,320,0,0,12,0.3193,
1,99,856,0,0,12,0.3193,
1,100,870,0,0,12,0.3192,
0,96,-33,0,0,24,0.4887,
0,97,-79,0,0,24,0.4887,
0,98,-25,0,0,24,0.4887,
0,99,5,0,0,24,0.4887,
0,100,114,0,0,22,0.4887,
1,96,-1333,0,0,-17,-0.3967,
1,97,-1327,0,0,-16,-0.3888,
1,98,-1284,0,0,-15,-0.3791,
1,99,-1250,0,0,-15,-0.3791,
1,100,-1224,0,0,-15,-0.3791,
1,96,-245,0,0,2,0.1091,
1,97,-242,0,0,0,0.1009,
1,98,-241,0,0,1,0.0989,
1,99,-211,0,0,1,0.1109,
1,100,-207,0,0,1,0.1109,
1,96,-405,0,0,-16,-0.1207,
1,97,-388,0,0,-17,-0.1195,
1,98,-281,0,0,-18,-0.1175,
1,99,-273,0,0,-18,-0.1175,
1,100,-354,0,0,-18,-0.1175,
0,96,423,0,0,19,0.137,
0,97,424,0,0,19,0.1368,
0,98,425,0,0,19,0.1362,
0,99,419,0,0,19,0.1403,
0,100,412,0,0,19,0.1407,
0,96,354,0,0,13,0.1679,
0,97,367,0,0,13,0.181,
0,98,273,0,0,13,0.1936,
0,99,252,0,0,13,0.2071,
0,100,233,0,0,14,0.2205,
1,96,-449,0,0,-2,0.1377,
1,97,-449,0,0,-1,0.1404,
1,98,-445,0,0,-1,0.1363,
1,99,-438,0,0,-1,0.1516,
1,100,-423,0,0,0,0.1497,
1,96,1028,0,0,2,-0.0987,
1,97,993,0,0,2,-0.1088,
1,98,959,0,0,2,-0.11,
1,99,939,0,0,2,-0.11,
1,100,424,0,0,-1,-0.1169,
1,96,541,0,0,-24,-0.2651,
1,97,529,0,0,-24,-0.2855,
1,98,393,0,0,-26,-0.2893,
1,99,373,0,0,-26,-0.2893,
1,100,269,0,0,-26,-0.2893,
0,96,403,0,0,5,0.1808,
0,97,425,0,0,5,0.1919,
0,98,320,0,0,6,0.2154,
0,99,324,0,0,6,0.2154,
0,100,331,0,0,6,0.2154,
1,96,38,0,0,-27,-0.3375,
1,97,53,0,0,-29,-0.3454,
1,98,53,0,0,-29,-0.3404,
1,99,37,0,0,-30,-0.3434,
1,100,53,0,0,-30,-0.3434,
0,96,-118,0,0,7,0.2552,
0,97,-214,0,0,7,0.2552,
0,98,-230,0,0,7,0.2592,
0,99,-238,0,0,7,0.2592,
0,100,-234,0,0,7,0.2592,
0,96,202,0,0,-6,-0.2134,
0,97,196,0,0,-5,-0.2099,
0,98,92,0,0,-5,-0.1893,
0,99,169,0,0,-5,-0.1893,
0,100,169,0,0,-5,-0.1893,
0,96,-146,0,0,-6,-0.1671,
0,97,-157,0,0,-6,-0.1781,
0,98,-157,0,0,-7,-0.1875,
0,99,-271,0,0,-8,-0.1987,
0,100,-273,0,0,-8,-0.1978,
1,96,688,0,0,1,-0.1107,
1,97,689,0,0,2,-0.1021,
1,98,804,0,0,2,-0.103,
1,99,820,0,0,2,-0.103,
1,100,828,0,0,2,-0.0913,
1,96,-300,0,0,0,-0.035,
1,97,-316,0,0,0,-0.035,
1,98,-448,0,0,0,-0.035,
1,99,-464,0,0,0,-0.035,
1,100,-364,0,0,0,-0.0235,
0,96,-109,0,0,-19,-0.4744,
0,97,11,0,0,-19,-0.4744,
0,98,19,0,0,-19,-0.4707,
0,99,31,0,0,-19,-0.467,
0,100,43,0,0,-19,-0.4557,
0,96,-675,0,0,-3,0.0004,
0,97,-556,0,0,-3,0.0004,
0,98,-566,0,0,-3,0.0019,
0,99,-576,0,0,-3,0.0191,
0,100,-578,0,0,-2,0.04,
1,96,-274,0,0,-8,0.0655,
1,97,-287,0,0,-8,0.0655,
1,98,-276,0,0,-8,0.0655,
1,99,-269,0,0,-8,0.0682,
1,100,-270,0,0,-8,0.0682,
1,96,-439,0,0,-26,-0.3772,
1,97,-432,0,0,-27,-0.3869,
1,98,-541,0,0,-30,-0.4029,
1,99,-535,0,0,-29,-0.4137,
1,100,-524,0,0,-30,-0.4089,
0,96,698,0,0,13,0.1799,
0,97,1228,0,0,10,0.1667,
0,98,1242,0,0,10,0.1667,
0,99,1244,0,0,10,0.1667,
0,100,1026,0,0,10,0.1667,
1,96,-269,0,0,1,0.1497,
1,97,-276,0,0,1,0.1497,
1,98,-284,0,0,1,0.1497,
1,99,-300,0,0,6,0.1553,
1,100,-331,0,0,7,0.159,
0,96,105,0,0,5,0.0026,
0,97,60,0,0,6,-0.001,
0,98,32,0,0,6,-0.001,
0,99,39,0,0,8,-0.0138,
0,100,38,0,0,6,-0.0239,
1,96,315,0,0,-7,-0.1142,
1,97,326,0,0,-8,-0.1069,
1,98,326,0,0,-8,-0.1075,
1,99,-295,0,0,-8,-0.1062,
1,100,-322,0,0,-8,-0.1075,
1,96,14,0,0,30,0.2684,
1,97,-75,0,0,29,0.2835,
1,98,-84,0,0,29,0.2835,
1,99,-100,0,0,29,0.2835,
1,100,-88,0,0,28,0.2755,
0,96,355,0,0,17,0.0328,
0,97,351,0,0,15,0.0429,
0,98,231,0,0,15,0.0429,
0,99,219,0,0,14,0.0402,
0,100,225,0,0,11,0.0292,
1,96,427,0,0,-5,-0.2578,
1,97,523,0,0,-5,-0.2574,
1,98,507,0,0,-5,-0.2636,
1,99,386,0,0,-5,-0.2697,
1,100,473,0,0,-5,-0.2693,
0,96,690,0,0,2,0.2164,
0,97,681,0,0,1,0.2274,
0,98,701,0,0,0,0.2601,
0,99,825,0,0,0,0.2727,
0,100,289,0,0,0,0.2674,
1,96,-150,0,0,-15,-0.0305,
1,97,-258,0,0,-15,-0.0305,
1,98,-250,0,0,-15,-0.0305,
1,99,-244,0,0,-15,-0.0284,
1,100,-242,0,0,-15,-0.0284,
1,96,224,0,0,-3,-0.3431,
1,97,76,0,0,-3,-0.3431,
1,98,46,0,0,-4,-0.3252,
1,99,-94,0,0,-4,-0.3247,
1,100,-234,0,0,-4,-0.3209,
0,96,-18,0,0,13,0.223,
0,97,-10,0,0,13,0.2361,
0,98,-2,0,0,13,0.2566,
0,99,6,0,0,13,0.2729,
0,100,14,0,0,13,0.2708,
0,96,-903,0,0,12,0.1667,
0,97,-903,0,0,12,0.1667,
0,98,-903,0,0,12,0.1601,
0,99,-795,0,0,12,0.1454,
0,100,-812,0,0,12,0.1322,
0,96,350,0,0,19,0.1612,
0,97,431,0,0,19,0.1591,
0,98,519,0,0,20,0.1618,
0,99,503,0,0,20,0.1618,
0,100,613,0,0,19,0.1742,
1,96,-10,0,0,-19,-0.1686,
1,97,6,0,0,-20,-0.1755,
1,98,144,0,0,-21,-0.1815,
1,99,660,0,0,-21,-0.1815,
1,100,562,0,0,-21,-0.1815,
1,96,20,0,0,-24,-0.3307,
1,97,-86,0,0,-24,-0.3464,
1,98,-76,0,0,-24,-0.3583,
1,99,-57,0,0,-25,-0.3543,
1,100,-37,0,0,-24,-0.3487,
0,96,113,0,0,-3,0.0791,
0,97,228,0,0,-3,0.0771,
0,98,233,0,0,-4,0.0855,
0,99,267,0,0,-5,0.1014,
0,100,292,0,0,-5,0.1017,
0,96,749,0,0,-1,-0.1321,
0,97,747,0,0,-1,-0.1341,
0,98,144,0,0,1,-0.1287,
0,99,25,0,0,1,-0.1307,
0,100,26,0,0,1,-0.1272,
0,96,916,0,0,24,0.2212,
0,97,924,0,0,22,0.2092,
0,98,895,0,0,20,0.1982,
0,99,759,0,0,20,0.1982,
0,100,755,0,0,20,0.1982,
0,96,885,0,0,-6,-0.0835,
0,97,899,0,0,-7,-0.0917,
0,98,997,0,0,-8,-0.1045,
0,99,1003,0,0,-9,-0.1145,
0,100,991,0,0,-9,-0.1115,
0,96,632,0,0,34,0.5594,
0,97,740,0,0,33,0.5554,
0,98,847,0,0,31,0.5553,
0,99,739,0,0,31,0.5507,
0,100,729,0,0,30,0.5436,
1,96,-206,0,0,-7,-0.1748,
1,97,-109,0,0,-8,-0.1751,
1,98,-149,0,0,-9,-0.1805,
1,99,-161,0,0,-9,-0.1856,
1,100,-173,0,0,-9,-0.1826,
0,96,-542,0,0,10,-0.2453,
0,97,-564,0,0,10,-0.2288,
0,98,-580,0,0,7,-0.2224,
0,99,-588,0,0,5,-0.216,
0,100,-614,0,0,2,-0.2129,
0,96,486,0,0,11,-0.0318,
0,97,600,0,0,10,-0.0391,
0,98,583,0,0,10,-0.04,
0,99,575,0,0,10,-0.04,
0,100,547,0,0,10,-0.04,
1,96,178,0,0,-4,-0.0349,
1,97,149,0,0,-4,-0.0349,
1,98,41,0,0,-4,-0.0349,
1,99,41,0,0,-4,-0.0349,
1,100,41,0,0,-4,-0.0349,
1,96,-922,0,0,-1,-0.0938,
1,97,-915,0,0,-2,-0.0988,
1,98,-1006,0,0,-1,-0.1017,
1,99,-1130,0,0,-1,-0.1047,
1,100,-1154,0,0,-1,-0.1076,
1,96,-113,0,0,-10,-0.1589,
1,97,15,0,0,-10,-0.1679,
1,98,23,0,0,-9,-0.1759,
1,99,31,0,0,-9,-0.1759,
1,100,22,0,0,-10,-0.1736,
0,96,58,0,0,-4,-0.1521,
0,97,57,0,0,-3,-0.1586,
0,98,72,0,0,-3,-0.1613,
0,99,593,0,0,-2,-0.1604,
0,100,594,0,0,-2,-0.1539,
1,96,519,0,0,-7,-0.1827,
1,97,493,0,0,-7,-0.1864,
1,98,483,0,0,-7,-0.1902,
1,99,485,0,0,-6,-0.1793,
1,100,596,0,0,-7,-0.182,
0,96,-145,0,0,28,0.3071,
0,97,-227,0,0,27,0.3044,
0,98,-178,0,0,24,0.3036,
0,99,-127,0,0,25,0.303,
0,100,-78,0,0,24,0.3045,
0,96,525,0,0,18,0.2601,
0,97,529,0,0,19,0.2473,
0,98,533,0,0,19,0.2255,
0,99,637,0,0,18,0.2107,
0,100,642,0,0,18,0.2112,
