1,106,-1559,0.0,0.0,19,0.6249,
1,107,-1574,0.0,0.0,19,0.6249,
1,108,-1579,0.0,0.0,19,0.6249,
1,109,-1586,0.0,0.0,19,0.6249,
1,110,-1589,0.0,0.0,20,0.6281,
1,106,-1557,0.0,0.0,27,0.8642,
1,107,-1557,0.0,0.0,27,0.8642,
1,108,-1557,0.0,0.0,27,0.8642,
1,109,-1557,0.0,0.0,27,0.8642,
1,110,-1557,0.0,0.0,27,0.8642,
1,106,-1156,0.0,0.0,6,0.2162,
1,107,-1164,0.0,0.0,6,0.2162,
1,108,-1172,0.0,0.0,6,0.2162,
1,109,-1201,0.0,0.0,6,0.2194,
1,110,-1177,0.0,0.0,6,0.2194,
1,106,-384,0.0,0.0,5,0.364,
1,107,-426,0.0,0.0,4,0.349,
1,108,-573,0.0,0.0,4,0.3492,
1,109,-621,0.0,0.0,3,0.3435,
1,110,-731,0.0,0.0,2,0.3346,
1,106,-476,0.0,0.0,8,0.6259,
1,107,-476,0.0,0.0,8,0.6259,
1,108,-476,0.0,0.0,8,0.6259,
1,109,-473,0.0,0.0,12,0.6506,
1,110,-570,0.0,0.0,12,0.6579,
1,106,-744,0.0,0.0,16,0.5778,
1,107,-744,0.0,0.0,16,0.5778,
1,108,-744,0.0,0.0,16,0.5778,
1,109,-704,0.0,0.0,16,0.5778,
1,110,-600,0.0,0.0,16,0.5778,
0,106,246,0.0,0.0,23,0.4058,
0,107,259,0.0,0.0,23,0.4058,
0,108,275,0.0,0.0,23,0.4058,
0,109,183,0.0,0.0,23,0.4058,
0,110,184,0.0,0.0,23,0.4058,
1,106,-1590,0.0,0.0,2,0.066,
1,107,-1606,0.0,0.0,1,0.071,
1,108,-1628,0.0,0.0,0,0.0762,
1,109,-1644,0.0,0.0,-1,0.0811,
1,110,-1652,0.0,0.0,-3,0.0862,
1,106,-1248,0.0,0.0,16,0.6365,
1,107,-1353,0.0,0.0,16,0.6365,
1,108,-1352,0.0,0.0,16,0.6381,
1,109,-1325,0.0,0.0,16,0.6412,
1,110,-1309,0.0,0.0,16,0.6412,
1,106,-658,0.0,0.0,24,0.6891,
1,107,-690,0.0,0.0,24,0.6891,
1,108,-722,0.0,0.0,24,0.6891,
1,109,-746,0.0,0.0,24,0.6891,
1,110,-730,0.0,0.0,24,0.6891,
1,106,-608,0.0,0.0,8,0.5535,
1,107,-584,0.0,0.0,8,0.5508,
1,108,-552,0.0,0.0,8,0.5508,
1,109,-120,0.0,0.0,8,0.5508,
1,110,-196,0.0,0.0,8,0.5508,
1,106,-1256,0.0,0.0,29,0.7704,
1,107,-1256,0.0,0.0,32,0.7826,
1,108,-1360,0.0,0.0,32,0.791,
1,109,-1236,0.0,0.0,32,0.791,
1,110,-1236,0.0,0.0,32,0.791,
1,106,-1022,0.0,0.0,20,0.5104,
1,107,-1032,0.0,0.0,21,0.5129,
1,108,-1034,0.0,0.0,21,0.5158,
1,109,-1037,0.0,0.0,20,0.5182,
1,110,-1009,0.0,0.0,20,0.5129,
0,106,-192,0.0,0.0,4,0.2161,
0,107,-184,0.0,0.0,5,0.2128,
0,108,-176,0.0,0.0,5,0.2128,
0,109,-165,0.0,0.0,6,0.2189,
0,110,-139,0.0,0.0,7,0.2279,
1,106,-1002,0.0,0.0,42,0.7329,
1,107,-1010,0.0,0.0,42,0.7329,
1,108,-1010,0.0,0.0,42,0.7329,
1,109,-876,0.0,0.0,42,0.7329,
1,110,-882,0.0,0.0,42,0.7329,
1,106,-293,0.0,0.0,7,0.3887,
1,107,-293,0.0,0.0,7,0.3887,
1,108,-293,0.0,0.0,7,0.3887,
1,109,-253,0.0,0.0,7,0.3887,
1,110,-759,0.0,0.0,7,0.3887,
0,106,-53,0.0,0.0,9,0.3219,
0,107,-37,0.0,0.0,9,0.3219,
0,108,-129,0.0,0.0,9,0.3219,
0,109,-124,0.0,0.0,9,0.3219,
0,110,-119,0.0,0.0,9,0.3219,
1,106,-601,0.0,0.0,-12,0.4502,
1,107,-617,0.0,0.0,-12,0.4502,
1,108,-649,0.0,0.0,-11,0.4617,
1,109,-788,0.0,0.0,-8,0.4723,
1,110,-894,0.0,0.0,-8,0.4763,
1,106,-988,0.0,0.0,3,0.1981,
1,107,-1014,0.0,0.0,1,0.1856,
1,108,-1045,0.0,0.0,1,0.1761,
1,109,-1166,0.0,0.0,-1,0.1631,
1,110,-671,0.0,0.0,-2,0.1547,
1,106,-689,0.0,0.0,9,0.3977,
1,107,-696,0.0,0.0,11,0.4141,
1,108,-200,0.0,0.0,11,0.4124,
1,109,-212,0.0,0.0,11,0.4124,
1,110,-200,0.0,0.0,11,0.4124,
0,106,-692,0.0,0.0,22,0.6545,
0,107,-678,0.0,0.0,23,0.641,
0,108,-652,0.0,0.0,21,0.6282,
0,109,-628,0.0,0.0,22,0.6162,
0,110,-104,0.0,0.0,21,0.6042,
0,106,1307,0.0,0.0,-4,-0.2945,
0,107,1307,0.0,0.0,-4,-0.2945,
0,108,1419,0.0,0.0,-4,-0.2945,
0,109,1431,0.0,0.0,-4,-0.2945,
0,110,1391,0.0,0.0,-4,-0.2945,
0,106,777,0.0,0.0,-17,-0.5599,
0,107,725,0.0,0.0,-17,-0.5572,
0,108,194,0.0,0.0,-17,-0.5572,
0,109,194,0.0,0.0,-17,-0.5572,
0,110,178,0.0,0.0,-17,-0.5572,
1,106,748,0.0,0.0,-10,-0.4614,
1,107,744,0.0,0.0,-10,-0.4567,
1,108,948,0.0,0.0,-10,-0.4671,
1,109,1022,0.0,0.0,-11,-0.4776,
1,110,872,0.0,0.0,-11,-0.4776,
1,106,599,0.0,0.0,-22,-0.4747,
1,107,573,0.0,0.0,-24,-0.4954,
1,108,663,0.0,0.0,-25,-0.4996,
1,109,674,0.0,0.0,-25,-0.4996,
1,110,157,0.0,0.0,-25,-0.4996,
0,106,1295,0.0,0.0,14,0.1156,
0,107,1261,0.0,0.0,17,0.1263,
0,108,850,0.0,0.0,17,0.1278,
0,109,862,0.0,0.0,17,0.1278,
0,110,758,0.0,0.0,17,0.1278,
0,106,966,0.0,0.0,-2,-0.2955,
0,107,936,0.0,0.0,-2,-0.2813,
0,108,960,0.0,0.0,-2,-0.2813,
0,109,1076,0.0,0.0,-2,-0.2917,
0,110,966,0.0,0.0,-2,-0.3021,
0,106,1243,0.0,0.0,-9,-0.5927,
0,107,1243,0.0,0.0,-9,-0.5927,
0,108,1367,0.0,0.0,-9,-0.5927,
0,109,1351,0.0,0.0,-9,-0.5927,
0,110,1227,0.0,0.0,-9,-0.5927,
0,106,1414,0.0,0.0,-10,-0.3364,
0,107,1422,0.0,0.0,-10,-0.3364,
0,108,1430,0.0,0.0,-10,-0.3364,
0,109,1330,0.0,0.0,-10,-0.3364,
0,110,1345,0.0,0.0,-10,-0.3364,
0,106,1522,0.0,0.0,-4,-0.4035,
0,107,1554,0.0,0.0,-4,-0.4035,
0,108,1562,0.0,0.0,-4,-0.4035,
0,109,1454,0.0,0.0,-4,-0.4035,
0,110,1454,0.0,0.0,-4,-0.4035,
0,106,1372,0.0,0.0,-6,-0.448,
0,107,1371,0.0,0.0,-13,-0.4895,
0,108,1248,0.0,0.0,-13,-0.5055,
0,109,1248,0.0,0.0,-13,-0.5055,
0,110,1248,0.0,0.0,-13,-0.5055,
0,106,1235,0.0,0.0,-30,-0.89,
0,107,1251,0.0,0.0,-31,-0.9027,
0,108,1262,0.0,0.0,-31,-0.9071,
0,109,1278,0.0,0.0,-31,-0.9071,
0,110,1409,0.0,0.0,-32,-0.9239,
0,106,1475,0.0,0.0,-34,-0.8931,
0,107,1500,0.0,0.0,-34,-0.8931,
0,108,1525,0.0,0.0,-34,-0.8931,
0,109,1542,0.0,0.0,-34,-0.8931,
0,110,1674,0.0,0.0,-37,-0.9117,
0,106,938,0.0,0.0,-14,-0.3238,
0,107,946,0.0,0.0,-14,-0.3238,
0,108,954,0.0,0.0,-14,-0.3238,
0,109,954,0.0,0.0,-14,-0.3238,
0,110,954,0.0,0.0,-14,-0.3434,
1,106,236,0.0,0.0,-13,-0.5023,
1,107,242,0.0,0.0,-12,-0.4996,
1,108,356,0.0,0.0,-13,-0.5015,
1,109,362,0.0,0.0,-13,-0.5015,
1,110,353,0.0,0.0,-13,-0.5015,
0,106,1468,0.0,0.0,-17,-0.5445,
0,107,1475,0.0,0.0,-17,-0.5445,
0,108,1482,0.0,0.0,-17,-0.5445,
0,109,1489,0.0,0.0,-17,-0.5445,
0,110,1593,0.0,0.0,-17,-0.5445,
0,106,1332,0.0,0.0,-26,-0.2581,
0,107,812,0.0,0.0,-28,-0.2751,
0,108,795,0.0,0.0,-28,-0.2853,
0,109,779,0.0,0.0,-28,-0.2956,
0,110,723,0.0,0.0,-29,-0.3058,
0,106,881,0.0,0.0,-6,-0.1393,
0,107,866,0.0,0.0,-8,-0.1337,
0,108,865,0.0,0.0,-9,-0.1262,
0,109,863,0.0,0.0,-9,-0.1142,
0,110,979,0.0,0.0,-9,-0.1204,
0,106,832,0.0,0.0,-13,-0.3385,
0,107,920,0.0,0.0,-13,-0.3385,
0,108,912,0.0,0.0,-13,-0.3385,
0,109,892,0.0,0.0,-13,-0.3385,
0,110,980,0.0,0.0,-13,-0.3385,
0,106,603,0.0,0.0,-28,-0.8346,
0,107,626,0.0,0.0,-28,-0.8346,
0,108,731,0.0,0.0,-28,-0.8346,
0,109,691,0.0,0.0,-28,-0.8346,
0,110,583,0.0,0.0,-28,-0.8346,
0,106,1688,0.0,0.0,-2,-0.4685,
0,107,1688,0.0,0.0,-2,-0.4765,
0,108,1688,0.0,0.0,-2,-0.4845,
0,109,1688,0.0,0.0,-3,-0.4925,
0,110,1588,0.0,0.0,-3,-0.4925,
1,106,320,0.0,0.0,-16,-0.3316,
1,107,280,0.0,0.0,-16,-0.355,
1,108,348,0.0,0.0,-16,-0.3619,
1,109,428,0.0,0.0,-16,-0.3619,
1,110,432,0.0,0.0,-16,-0.3619,
0,106,1582,0.0,0.0,-23,-0.6187,
0,107,1490,0.0,0.0,-23,-0.6187,
0,108,1506,0.0,0.0,-23,-0.6187,
0,109,1603,0.0,0.0,-23,-0.6187,
0,110,1524,0.0,0.0,-23,-0.6187,
1,106,338,0.0,0.0,-24,-0.6245,
1,107,328,0.0,0.0,-25,-0.6262,
1,108,446,0.0,0.0,-25,-0.6186,
1,109,440,0.0,0.0,-25,-0.6186,
1,110,438,0.0,0.0,-25,-0.6186,
0,106,173,0.0,0.0,5,-0.2949,
0,107,197,0.0,0.0,5,-0.2909,
0,108,329,0.0,0.0,5,-0.2978,
0,109,353,0.0,0.0,5,-0.2951,
0,110,377,0.0,0.0,5,-0.2924,
0,106,1124,0.0,0.0,-4,-0.5342,
0,107,1124,0.0,0.0,-4,-0.5392,
0,108,1124,0.0,0.0,-5,-0.5438,
0,109,1107,0.0,0.0,-5,-0.5468,
0,110,1187,0.0,0.0,-7,-0.5519,
0,106,1704,0.0,0.0,0,0.0843,
0,107,1705,0.0,0.0,0,0.0805,
0,108,1683,0.0,0.0,1,0.0749,
0,109,1164,0.0,0.0,2,0.0807,
0,110,1136,0.0,0.0,2,0.0807,
0,106,1225,0.0,0.0,-19,-0.7129,
0,107,1241,0.0,0.0,-19,-0.7129,
0,108,1257,0.0,0.0,-19,-0.7129,
0,109,1273,0.0,0.0,-19,-0.7129,
0,110,1389,0.0,0.0,-19,-0.7129,
0,106,1812,0.0,0.0,-8,-0.3465,
0,107,1828,0.0,0.0,-8,-0.3465,
0,108,1844,0.0,0.0,-8,-0.3465,
0,109,1860,0.0,0.0,-8,-0.3465,
0,110,1736,0.0,0.0,-9,-0.3616,
0,106,876,0.0,0.0,-15,-0.6317,
0,107,880,0.0,0.0,-15,-0.6317,
0,108,884,0.0,0.0,-15,-0.6317,
0,109,888,0.0,0.0,-15,-0.6317,
0,110,896,0.0,0.0,-15,-0.6317,
0,106,350,0.0,0.0,-9,-0.3228,
0,107,358,0.0,0.0,-9,-0.3264,
0,108,364,0.0,0.0,-10,-0.3276,
0,109,427,0.0,0.0,-11,-0.3226,
0,110,275,0.0,0.0,-11,-0.3226,
1,106,1823,13.6,0.0,2,0.0168,
1,107,1757,16.8,0.0,2,0.0168,
1,108,1751,16.8,0.0,2,0.0168,
1,109,1820,16.8,0.0,2,0.0168,
1,110,1689,16.8,0.0,2,0.0168,
1,106,1635,0.0,0.0,8,-0.2378,
1,107,1535,0.0,0.0,8,-0.2341,
1,108,1503,0.0,0.0,8,-0.2341,
1,109,1550,0.0,0.0,8,-0.2341,
1,110,1413,0.0,0.0,8,-0.2341,
1,106,1727,0.0,0.0,7,0.0515,
1,107,1617,0.0,0.0,7,0.0584,
1,108,1599,0.0,0.0,7,0.0584,
1,109,1577,0.0,0.0,7,0.0584,
1,110,1447,0.0,0.0,7,0.0584,
0,106,1329,0.0,0.0,8,-0.142,
0,107,1361,0.0,0.0,8,-0.142,
0,108,1393,0.0,0.0,8,-0.142,
0,109,1409,0.0,0.0,8,-0.142,
0,110,1417,0.0,0.0,8,-0.142,
1,106,1507,0.0,0.0,4,-0.2259,
1,107,1631,0.0,0.0,4,-0.2259,
1,108,1763,0.0,0.0,4,-0.227,
1,109,1614,0.0,0.0,2,-0.2368,
1,110,1690,0.0,0.0,2,-0.2368,
1,106,1526,0.0,0.0,5,-0.1302,
1,107,1534,0.0,0.0,5,-0.107,
1,108,1542,0.0,0.0,5,-0.1082,
1,109,1550,0.0,0.0,5,-0.1215,
1,110,1674,0.0,0.0,5,-0.1482,
1,106,-242,0.0,0.0,-10,-0.3719,
1,107,-256,0.0,0.0,-10,-0.3919,
1,108,-259,0.0,0.0,-10,-0.4045,
1,109,-162,0.0,0.0,-10,-0.4079,
1,110,-164,0.0,0.0,-10,-0.4359,
1,106,823,0.0,0.0,1,-0.0973,
1,107,707,0.0,0.0,0,-0.0936,
1,108,667,0.0,0.0,0,-0.0936,
1,109,599,0.0,0.0,0,-0.0936,
1,110,455,0.0,0.0,0,-0.0936,
1,106,1776,0.0,0.0,-7,-0.3665,
1,107,1704,0.0,0.0,-7,-0.3665,
1,108,1805,0.0,0.0,-7,-0.3665,
1,109,1845,0.0,0.0,-7,-0.3665,
1,110,1701,0.0,0.0,-7,-0.3665,
0,106,1799,0.0,0.0,-1,-0.4435,
0,107,1799,0.0,0.0,-1,-0.4435,
0,108,1783,0.0,0.0,-1,-0.4435,
0,109,1227,0.0,0.0,-1,-0.4435,
0,110,1227,0.0,0.0,-1,-0.4435,
1,106,1135,0.0,0.0,0,-0.6089,
1,107,1154,0.0,0.0,0,-0.6089,
1,108,1173,0.0,0.0,0,-0.61,
1,109,1193,0.0,0.0,0,-0.6203,
1,110,1211,0.0,0.0,-1,-0.6229,
1,106,1708,0.0,0.0,5,-0.1913,
1,107,1722,0.0,0.0,5,-0.1913,
1,108,1736,0.0,0.0,5,-0.1925,
1,109,1582,0.0,0.0,5,-0.2028,
1,110,1590,0.0,0.0,5,-0.2028,
0,106,1198,0.0,0.0,-8,-0.6548,
0,107,1198,0.0,0.0,-8,-0.6548,
0,108,1198,0.0,0.0,-8,-0.6548,
0,109,1206,0.0,0.0,-8,-0.6548,
0,110,1214,0.0,0.0,-8,-0.6548,
1,106,1230,0.0,0.0,2,-0.112,
1,107,1242,0.0,0.0,2,-0.112,
1,108,1261,0.0,0.0,2,-0.0968,
1,109,1288,0.0,0.0,2,-0.0914,
1,110,1322,0.0,0.0,2,-0.0941,
0,106,1861,0.0,0.0,9,-0.1947,
0,107,1877,0.0,0.0,9,-0.1947,
0,108,1885,0.0,0.0,9,-0.1947,
0,109,1892,0.0,0.0,9,-0.1911,
0,110,2005,0.0,0.0,6,-0.2082,
1,106,1894,16.8,0.0,-11,-0.5825,
1,107,1878,16.8,0.0,-11,-0.5825,
1,108,1842,16.8,0.0,-11,-0.5825,
1,109,1766,16.8,0.0,-11,-0.5825,
1,110,1722,16.8,0.0,-11,-0.5825,
1,106,1607,0.0,0.0,7,-0.1575,
1,107,1499,0.0,0.0,9,-0.1301,
1,108,1467,0.0,0.0,9,-0.1301,
1,109,1415,0.0,0.0,9,-0.1301,
1,110,1279,0.0,0.0,9,-0.1301,
1,106,1779,0.0,0.0,17,0.0068,
1,107,1695,0.0,0.0,17,0.0199,
1,108,1679,0.0,0.0,17,0.0199,
1,109,1619,0.0,0.0,17,0.0199,
1,110,1483,0.0,0.0,17,0.0199,
1,106,94,0.0,0.0,-24,-0.698,
1,107,113,0.0,0.0,-24,-0.7007,
1,108,125,0.0,0.0,-24,-0.7007,
1,109,143,0.0,0.0,-24,-0.7007,
1,110,169,0.0,0.0,-24,-0.6895,
1,106,2135,0.0,0.0,2,-0.4059,
1,107,2042,0.0,0.0,2,-0.4059,
1,108,2125,46.4,0.0,2,-0.4059,
1,109,2056,46.4,0.0,2,-0.4059,
1,110,1928,46.4,0.0,2,-0.4059,
1,106,773,0.0,0.0,8,-0.3243,
1,107,794,0.0,0.0,8,-0.3243,
1,108,831,0.0,0.0,8,-0.3243,
1,109,852,0.0,0.0,8,-0.3243,
1,110,867,0.0,0.0,8,-0.3243,
0,106,1390,0.0,0.0,-13,-0.6926,
0,107,1390,0.0,0.0,-13,-0.6926,
0,108,1390,0.0,0.0,-13,-0.6926,
0,109,1390,0.0,0.0,-13,-0.6926,
0,110,1390,0.0,0.0,-13,-0.6926,
1,106,-149,0.0,-36.2,-32,-0.7056,
1,107,-119,0.0,-37.4,-32,-0.7056,
1,108,-18,0.0,-39.6,-32,-0.7056,
1,109,-19,0.0,-43.0,-32,-0.6936,
1,110,-44,0.0,-51.2,-33,-0.6816,
1,106,1433,0.0,0.0,7,0.0074,
1,107,1445,0.0,0.0,7,0.0104,
1,108,1573,0.0,0.0,7,0.0092,
1,109,1607,0.0,0.0,7,-0.001,
1,110,1585,0.0,0.0,7,-0.0228,
1,106,579,0.0,0.0,2,0.1497,
1,107,606,0.0,0.0,2,0.1497,
1,108,633,0.0,0.0,2,0.147,
1,109,744,0.0,0.0,2,0.1337,
1,110,589,0.0,0.0,2,0.1199,
1,106,916,0.0,0.0,12,-0.2734,
1,107,924,0.0,0.0,12,-0.2734,
1,108,932,0.0,0.0,12,-0.2745,
1,109,954,0.0,0.0,11,-0.2791,
1,110,960,0.0,0.0,9,-0.2976,
1,106,1310,0.0,0.0,-4,-0.2558,
1,107,1318,0.0,0.0,-4,-0.2558,
1,108,1317,0.0,0.0,-4,-0.2558,
1,109,1288,0.0,0.0,-4,-0.2558,
1,110,1285,0.0,0.0,-4,-0.2558,
1,106,1552,0.0,0.0,0,-0.0931,
1,107,1584,0.0,0.0,0,-0.0902,
1,108,1600,0.0,0.0,0,-0.0889,
1,109,1732,0.0,0.0,0,-0.0982,
1,110,1748,0.0,0.0,0,-0.1209,
1,106,1441,0.0,0.0,4,-0.1088,
1,107,1448,0.0,0.0,4,-0.1088,
1,108,1475,0.0,0.0,4,-0.0925,
1,109,1499,0.0,0.0,3,-0.0849,
1,110,1522,0.0,0.0,1,-0.084,
1,106,-101,0.0,-1.6,-24,-0.6715,
1,107,-93,0.0,-1.6,-24,-0.6715,
1,108,-103,0.0,-1.6,-24,-0.6735,
1,109,-102,0.0,-1.6,-22,-0.6845,
1,110,-134,0.0,-8.2,-22,-0.7005,
1,106,1696,0.0,0.0,-8,-0.3604,
1,107,1592,0.0,0.0,-8,-0.3604,
1,108,1556,0.0,0.0,-8,-0.3604,
1,109,1508,0.0,0.0,-8,-0.3604,
1,110,1404,0.0,0.0,-8,-0.3604,
0,106,1523,0.0,0.0,9,-0.2355,
0,107,1531,0.0,0.0,9,-0.2355,
0,108,1539,0.0,0.0,9,-0.2355,
0,109,1547,0.0,0.0,9,-0.2355,
0,110,1555,0.0,0.0,9,-0.2355,
0,106,557,0.0,0.0,11,-0.1011,
0,107,454,0.0,0.0,11,-0.1082,
0,108,959,0.0,0.0,11,-0.1164,
0,109,956,0.0,0.0,10,-0.1246,
0,110,952,0.0,0.0,11,-0.1328,
1,106,1614,0.0,0.0,7,0.0041,
1,107,1648,0.0,0.0,7,0.0041,
1,108,1532,0.0,0.0,7,-0.0004,
1,109,1484,0.0,0.0,7,-0.0004,
1,110,1467,0.0,0.0,7,-0.0004,
0,106,2080,0.0,0.0,9,-0.38,
0,107,2088,0.0,0.0,9,-0.38,
0,108,2080,0.0,0.0,9,-0.38,
0,109,1556,0.0,0.0,9,-0.38,
0,110,1564,0.0,0.0,9,-0.38,
1,106,1854,0.0,0.0,15,-0.1277,
1,107,1738,0.0,0.0,15,-0.1146,
1,108,1690,0.0,0.0,15,-0.1146,
1,109,1622,0.0,0.0,15,-0.1146,
1,110,1486,0.0,0.0,15,-0.1146,
0,106,543,0.0,0.0,-21,-0.4206,
0,107,555,0.0,0.0,-21,-0.4206,
0,108,566,0.0,0.0,-23,-0.451,
0,109,575,0.0,0.0,-30,-0.4646,
0,110,583,0.0,0.0,-35,-0.4694,
1,106,384,0.0,-18.0,-16,-0.2719,
1,107,394,0.0,-18.0,-16,-0.2719,
1,108,397,0.0,-18.0,-16,-0.2719,
1,109,284,0.0,-18.0,-16,-0.2719,
1,110,271,0.0,-18.0,-16,-0.2719,
1,106,1269,0.0,0.0,-7,-0.0739,
1,107,1171,0.0,0.0,-7,-0.0739,
1,108,1161,0.0,0.0,-7,-0.0739,
1,109,1111,0.0,0.0,-7,-0.0739,
1,110,1099,0.0,0.0,-7,-0.0739,
1,106,1437,0.0,0.0,-9,-0.4178,
1,107,1461,0.0,0.0,-9,-0.4178,
1,108,1485,0.0,0.0,-9,-0.4205,
1,109,1501,0.0,0.0,-9,-0.4338,
1,110,1517,0.0,0.0,-9,-0.4605,
0,106,619,0.0,0.0,-13,-0.5449,
0,107,619,0.0,0.0,-13,-0.5449,
0,108,619,0.0,0.0,-13,-0.5449,
0,109,619,0.0,0.0,-13,-0.5449,
0,110,619,0.0,0.0,-13,-0.5449,
1,106,1253,0.0,0.0,2,-0.3467,
1,107,1152,0.0,0.0,2,-0.3389,
1,108,1105,0.0,0.0,2,-0.3389,
1,109,1038,0.0,0.0,2,-0.3389,
1,110,1047,0.0,0.0,2,-0.3389,
1,106,1099,0.0,0.0,-10,-0.2687,
1,107,1013,0.0,0.0,-10,-0.2657,
1,108,1003,0.0,0.0,-10,-0.2657,
1,109,973,0.0,0.0,-10,-0.2657,
1,110,867,0.0,0.0,-10,-0.2657,
1,106,595,0.0,0.0,-7,-0.6038,
1,107,625,0.0,0.0,-8,-0.6038,
1,108,657,0.0,0.0,-8,-0.6025,
1,109,685,0.0,0.0,-8,-0.6118,
1,110,693,0.0,0.0,-8,-0.6345,
1,106,1326,0.0,0.0,-2,-0.4341,
1,107,1346,0.0,0.0,-2,-0.4261,
1,108,1215,0.0,0.0,-2,-0.429,
1,109,1151,0.0,0.0,-2,-0.429,
1,110,1127,0.0,0.0,-2,-0.429,
0,106,1997,0.0,0.0,-22,-0.7397,
0,107,1991,0.0,0.0,-27,-0.786,
0,108,1885,0.0,0.0,-28,-0.8027,
0,109,1377,0.0,0.0,-28,-0.8027,
0,110,1485,0.0,0.0,-28,-0.8027,
1,106,1572,0.0,0.0,19,-0.0537,
1,107,1632,0.0,0.0,19,-0.0468,
1,108,1776,0.0,0.0,19,-0.0406,
1,109,1808,0.0,0.0,19,-0.0539,
1,110,1816,0.0,0.0,19,-0.0806,
1,106,-390,0.0,-55.4,-19,-0.5926,
1,107,-366,0.0,-56.2,-19,-0.5926,
1,108,-367,0.0,-58.0,-19,-0.5926,
1,109,-375,0.0,-61.2,-19,-0.5926,
1,110,-407,0.0,-69.2,-19,-0.5926,
1,106,1203,0.0,0.0,-9,-0.7565,
1,107,1079,0.0,0.0,-9,-0.7565,
1,108,1039,0.0,0.0,-9,-0.7565,
1,109,1111,0.0,0.0,-9,-0.7565,
1,110,1007,0.0,0.0,-9,-0.7565,
1,106,799,0.0,0.0,-10,-0.3252,
1,107,807,0.0,0.0,-10,-0.3252,
1,108,923,0.0,0.0,-10,-0.3071,
1,109,939,0.0,0.0,-10,-0.2989,
1,110,955,0.0,0.0,-10,-0.3111,
1,106,1536,0.0,0.0,21,0.0526,
1,107,1550,0.0,0.0,22,0.0564,
1,108,1568,0.0,0.0,22,0.0552,
1,109,1410,0.0,0.0,22,0.0449,
1,110,1370,0.0,0.0,22,0.0449,
1,106,1012,0.0,0.0,0,-0.2455,
1,107,1040,0.0,0.0,0,-0.2455,
1,108,1084,0.0,0.0,0,-0.2359,
1,109,1112,0.0,0.0,-1,-0.2327,
1,110,1140,0.0,0.0,-6,-0.2375,
1,106,-478,0.0,-96.4,-6,-0.2384,
1,107,-459,0.0,-97.4,-6,-0.2384,
1,108,-456,0.0,-99.2,-6,-0.2384,
1,109,-1948,0.0,-100.0,-7,-0.2392,
1,106,1445,0.0,0.0,-25,-0.4853,
1,107,1448,0.0,0.0,-28,-0.5054,
1,108,1449,0.0,0.0,-29,-0.516,
1,109,1452,0.0,0.0,-29,-0.5158,
1,110,1456,0.0,0.0,-29,-0.5158,
1,106,1811,0.0,0.0,15,-0.0822,
1,107,1719,0.0,0.0,15,-0.0822,
1,108,1687,0.0,0.0,15,-0.0822,
1,109,1703,0.0,0.0,15,-0.0822,
1,110,1725,0.0,0.0,14,-0.0836,
1,106,1368,0.0,0.0,20,-0.224,
1,107,1290,0.0,0.0,19,-0.215,
1,108,1305,0.0,0.0,19,-0.215,
1,109,1288,0.0,0.0,19,-0.215,
1,110,1195,0.0,0.0,19,-0.215,
1,106,1681,0.0,0.0,1,-0.055,
1,107,1701,0.0,0.0,1,-0.055,
1,108,1552,0.0,0.0,1,-0.0571,
1,109,1492,0.0,0.0,1,-0.0571,
1,110,1464,0.0,0.0,1,-0.0571,
1,106,1270,0.0,0.0,5,-0.2655,
1,107,1178,0.0,0.0,5,-0.2655,
1,108,1250,0.0,0.0,5,-0.2655,
1,109,1197,0.0,0.0,5,-0.2655,
1,110,1076,0.0,0.0,5,-0.2655,
1,106,1469,0.0,0.0,8,-0.167,
1,107,1477,0.0,0.0,8,-0.1633,
1,108,1485,0.0,0.0,8,-0.1644,
1,109,1493,0.0,0.0,8,-0.1747,
1,110,1349,0.0,0.0,5,-0.1964,
1,106,572,0.0,0.0,-9,-0.6272,
1,107,456,0.0,0.0,-9,-0.6272,
1,108,416,0.0,0.0,-9,-0.6272,
1,109,340,0.0,0.0,-9,-0.6272,
1,110,340,0.0,0.0,-9,-0.6272,
1,106,1377,0.0,0.0,-8,-0.4234,
1,107,1273,0.0,0.0,-8,-0.4205,
1,108,1245,0.0,0.0,-8,-0.4205,
1,109,1265,0.0,0.0,-8,-0.4205,
1,110,1285,0.0,0.0,-10,-0.4253,
0,106,1504,0.0,0.0,-11,-0.5869,
0,107,1516,0.0,0.0,-11,-0.5869,
0,108,1516,0.0,0.0,-11,-0.5869,
0,109,1516,0.0,0.0,-11,-0.5869,
0,110,1516,0.0,0.0,-11,-0.5869,
0,106,1118,0.0,0.0,2,-0.1997,
0,107,1226,0.0,0.0,2,-0.1997,
0,108,1234,0.0,0.0,2,-0.1997,
0,109,1242,0.0,0.0,2,-0.1997,
0,110,1250,0.0,0.0,2,-0.1997,
1,106,1726,0.0,0.0,-6,-0.5726,
1,107,1748,0.0,0.0,-6,-0.5707,
1,108,1770,0.0,0.0,-6,-0.5545,
1,109,1887,0.0,0.0,-8,-0.5457,
1,110,1900,0.0,0.0,-11,-0.5479,
1,106,1446,0.0,0.0,-4,-0.1671,
1,107,1338,0.0,0.0,-4,-0.1671,
1,108,1306,0.0,0.0,-4,-0.1671,
1,109,1250,0.0,0.0,-4,-0.1671,
1,110,1294,0.0,0.0,-4,-0.1671,
1,106,-243,0.0,0.0,-27,-0.8379,
1,107,-299,0.0,0.0,-29,-0.8625,
1,108,-353,0.0,0.0,-29,-0.8625,
1,109,-400,0.0,0.0,-29,-0.8625,
1,110,-510,0.0,0.0,-29,-0.8625,
1,106,1714,0.0,0.0,-18,-0.465,
1,107,1736,0.0,0.0,-18,-0.4458,
1,108,1758,0.0,0.0,-19,-0.4376,
1,109,1788,0.0,0.0,-22,-0.4489,
1,110,1668,0.0,0.0,-22,-0.4587,
1,106,1430,0.0,0.0,3,-0.15,
1,107,1438,0.0,0.0,3,-0.15,
1,108,1436,0.0,0.0,3,-0.1428,
1,109,1264,0.0,0.0,3,-0.1398,
1,110,1212,0.0,0.0,3,-0.1398,
0,106,2332,56.4,0.0,1,0.0989,
0,107,2465,61.2,0.0,2,0.1088,
0,108,2489,66.0,0.0,3,0.1101,
0,109,2508,69.2,0.0,3,0.1008,
0,110,2532,72.4,0.0,3,0.0781,
1,106,397,0.0,0.0,-16,-0.3728,
1,107,413,0.0,0.0,-16,-0.3728,
1,108,436,0.0,0.0,-17,-0.377,
1,109,281,0.0,0.0,-18,-0.3845,
1,110,245,0.0,0.0,-18,-0.3845,
1,106,1068,0.0,0.0,10,-0.2046,
1,107,1108,0.0,0.0,10,-0.1886,
1,108,1124,0.0,0.0,9,-0.1897,
1,109,1140,0.0,0.0,9,-0.2,
1,110,1148,0.0,0.0,5,-0.2217,
1,106,1546,0.0,0.0,9,-0.1908,
1,107,1450,0.0,0.0,9,-0.1908,
1,108,1430,0.0,0.0,9,-0.1908,
1,109,1382,0.0,0.0,9,-0.1908,
1,110,1266,0.0,0.0,9,-0.1908,
0,106,2045,0.0,0.0,1,-0.5571,
0,107,2045,0.0,0.0,1,-0.5571,
0,108,1997,0.0,0.0,1,-0.5571,
0,109,1413,0.0,0.0,1,-0.5571,
0,110,1413,0.0,0.0,1,-0.5571,
1,106,1145,0.0,0.0,-4,-0.1335,
1,107,1032,0.0,0.0,-4,-0.1335,
1,108,1103,0.0,0.0,-4,-0.1335,
1,109,1121,0.0,0.0,-4,-0.1335,
1,110,1155,0.0,0.0,-4,-0.1602,
1,106,1188,0.0,0.0,-9,-0.4089,
1,107,1188,0.0,0.0,-9,-0.4089,
1,108,1186,0.0,0.0,-9,-0.3981,
1,109,1185,0.0,0.0,-9,-0.401,
1,110,1184,0.0,0.0,-9,-0.4198,
1,106,1281,0.0,0.0,11,-0.2238,
1,107,1388,0.0,0.0,11,-0.2238,
1,108,1391,0.0,0.0,11,-0.225,
1,109,1394,0.0,0.0,11,-0.2165,
1,110,1505,0.0,0.0,11,-0.2382,
1,106,1789,0.0,0.0,5,-0.1555,
1,107,1665,0.0,0.0,5,-0.1555,
1,108,1617,0.0,0.0,5,-0.1555,
1,109,1557,0.0,0.0,5,-0.1555,
1,110,1437,0.0,0.0,5,-0.1555,
1,106,640,0.0,0.0,-6,-0.4452,
1,107,522,0.0,0.0,-6,-0.4452,
1,108,474,0.0,0.0,-6,-0.4452,
1,109,514,0.0,0.0,-6,-0.4452,
1,110,378,0.0,0.0,-6,-0.4452,
1,106,240,0.0,0.0,-2,-0.217,
1,107,354,0.0,0.0,-2,-0.217,
1,108,357,0.0,0.0,-2,-0.217,
1,109,379,0.0,0.0,-2,-0.221,
1,110,377,0.0,0.0,-2,-0.225,
1,106,1486,0.0,0.0,9,-0.3175,
1,107,1386,0.0,0.0,9,-0.3175,
1,108,1369,0.0,0.0,9,-0.3175,
1,109,1332,0.0,0.0,9,-0.3175,
1,110,1211,0.0,0.0,9,-0.3175,
1,106,1755,0.0,0.0,6,-0.2547,
1,107,1655,0.0,0.0,6,-0.2547,
1,108,1623,0.0,0.0,6,-0.2547,
1,109,1657,0.0,0.0,6,-0.2547,
1,110,1511,0.0,0.0,6,-0.2547,
1,106,1685,12.8,0.0,2,-0.0977,
1,107,1740,14.4,0.0,2,-0.0977,
1,108,1784,16.0,0.0,2,-0.0988,
1,109,1828,17.6,0.0,2,-0.1091,
1,110,1880,19.2,0.0,0,-0.1308,
0,106,1917,0.0,0.0,-6,-0.3929,
0,107,1917,0.0,0.0,-6,-0.3929,
0,108,1401,0.0,0.0,-6,-0.3929,
0,109,1401,0.0,0.0,-6,-0.3929,
0,110,1401,0.0,0.0,-6,-0.3929,
1,106,1547,0.0,0.0,-9,-0.4668,
1,107,1437,0.0,0.0,-9,-0.4668,
1,108,1403,0.0,0.0,-9,-0.4668,
1,109,1341,0.0,0.0,-9,-0.4668,
1,110,1313,0.0,0.0,-9,-0.4668,
1,106,1806,0.0,0.0,-8,-0.2039,
1,107,1682,0.0,0.0,-8,-0.2039,
1,108,1658,0.0,0.0,-8,-0.2039,
1,109,1590,0.0,0.0,-8,-0.2039,
1,110,1590,0.0,0.0,-8,-0.2039,
1,106,1591,0.0,0.0,0,-0.0093,
1,107,1607,0.0,0.0,0,-0.0064,
1,108,1615,0.0,0.0,0,-0.0064,
1,109,1545,0.0,0.0,0,-0.0036,
1,110,1513,0.0,0.0,0,-0.0036,
0,106,2103,0.0,0.0,2,-0.7198,
0,107,2111,0.0,0.0,2,-0.7198,
0,108,2103,0.0,0.0,2,-0.7198,
0,109,1547,0.0,0.0,2,-0.7198,
0,110,1555,0.0,0.0,2,-0.7198,
1,106,720,0.0,0.0,-24,-0.5349,
1,107,735,0.0,0.0,-24,-0.5349,
1,108,847,0.0,0.0,-24,-0.5376,
1,109,866,0.0,0.0,-24,-0.5509,
1,110,885,0.0,0.0,-24,-0.5776,
1,106,-236,0.0,0.0,-7,-0.2661,
1,107,-200,0.0,0.0,-7,-0.2661,
1,108,-176,0.0,0.0,-7,-0.2661,
1,109,-164,0.0,0.0,-7,-0.2661,
1,110,-44,0.0,0.0,-7,-0.2661,
1,106,309,0.0,0.0,-17,-0.7477,
1,107,333,0.0,0.0,-18,-0.7513,
1,108,873,0.0,0.0,-18,-0.7513,
1,109,897,0.0,0.0,-18,-0.7513,
1,110,925,0.0,0.0,-18,-0.7502,
0,106,1311,0.0,0.0,11,-0.1729,
0,107,1419,0.0,0.0,11,-0.1729,
0,108,1419,0.0,0.0,11,-0.1729,
0,109,1419,0.0,0.0,11,-0.1729,
0,110,1419,0.0,0.0,11,-0.1729,
1,106,1855,0.0,0.0,-13,-0.4869,
1,107,1743,0.0,0.0,-13,-0.4869,
1,108,1807,0.0,0.0,-13,-0.4869,
1,109,1731,0.0,0.0,-13,-0.4869,
1,110,1579,0.0,0.0,-13,-0.4869,
1,106,635,0.0,0.0,-13,-0.3874,
1,107,635,0.0,0.0,-13,-0.3874,
1,108,1151,0.0,0.0,-13,-0.3886,
1,109,1167,0.0,0.0,-13,-0.3989,
1,110,1183,0.0,0.0,-13,-0.4206,
1,106,800,0.0,0.0,-5,-0.4978,
1,107,816,0.0,0.0,-5,-0.494,
1,108,832,0.0,0.0,-5,-0.4879,
1,109,848,0.0,0.0,-5,-0.4916,
1,110,864,0.0,0.0,-5,-0.5078,
0,106,177,0.0,0.0,-21,-0.3065,
0,107,127,0.0,0.0,-21,-0.3065,
0,108,581,0.0,0.0,-21,-0.3065,
0,109,471,0.0,0.0,-21,-0.3065,
0,110,483,0.0,0.0,-21,-0.3065,
0,106,1850,0.0,0.0,-17,-0.6768,
0,107,1852,0.0,0.0,-17,-0.6768,
0,108,1853,0.0,0.0,-18,-0.6704,
0,109,1849,0.0,0.0,-18,-0.6939,
0,110,1848,0.0,0.0,-19,-0.7545,
1,106,1390,0.0,0.0,-2,-0.6069,
1,107,1372,0.0,0.0,-2,-0.6069,
1,108,1396,0.0,0.0,-2,-0.6069,
1,109,1420,0.0,0.0,-2,-0.6069,
1,110,1444,0.0,0.0,-2,-0.6069,
1,106,948,0.0,0.0,-1,-0.2422,
1,107,956,0.0,0.0,-1,-0.2229,
1,108,970,0.0,0.0,-1,-0.2256,
1,109,998,0.0,0.0,-1,-0.2389,
1,110,1026,0.0,0.0,-1,-0.2656,
1,106,1161,0.0,0.0,-11,-0.3963,
1,107,1049,0.0,0.0,-11,-0.3963,
1,108,1037,0.0,0.0,-11,-0.3963,
1,109,997,0.0,0.0,-11,-0.3963,
1,110,861,0.0,0.0,-11,-0.3963,
1,106,1605,0.0,0.0,5,-0.3177,
1,107,1761,0.0,0.0,5,-0.3177,
1,108,1621,0.0,0.0,5,-0.3177,
1,109,1629,0.0,0.0,5,-0.3177,
1,110,1637,0.0,0.0,5,-0.3177,
1,106,546,0.0,0.0,2,-0.1009,
1,107,562,0.0,0.0,2,-0.1009,
1,108,670,0.0,0.0,2,-0.1036,
1,109,678,0.0,0.0,2,-0.1169,
1,110,694,0.0,0.0,2,-0.1436,
1,106,1129,0.0,0.0,-14,-0.464,
1,107,1237,0.0,0.0,-14,-0.464,
1,108,1237,0.0,0.0,-14,-0.464,
1,109,1225,0.0,0.0,-14,-0.464,
1,110,1213,0.0,0.0,-14,-0.464,
0,106,1331,0.0,0.0,4,-0.5324,
0,107,1339,0.0,0.0,4,-0.5324,
0,108,1339,0.0,0.0,4,-0.5324,
0,109,1339,0.0,0.0,4,-0.5324,
0,110,1339,0.0,0.0,4,-0.5324,
1,106,18,0.0,-36.2,-12,-0.7316,
1,107,89,0.0,-34.6,-12,-0.7316,
1,108,121,0.0,-33.0,-12,-0.7316,
1,109,152,0.0,-31.4,-14,-0.7288,
1,110,172,0.0,-31.4,-14,-0.7246,
0,106,1978,0.0,0.0,1,-0.3588,
0,107,1978,0.0,0.0,1,-0.3588,
0,108,2069,0.0,0.0,1,-0.3588,
0,109,1528,0.0,0.0,1,-0.3588,
0,110,1535,0.0,0.0,1,-0.3588,
0,106,1215,0.0,0.0,-8,-0.3994,
0,107,1215,0.0,0.0,-8,-0.3994,
0,108,1215,0.0,0.0,-8,-0.3994,
0,109,1215,0.0,0.0,-8,-0.3994,
0,110,1215,0.0,0.0,-8,-0.3994,
1,106,456,0.0,0.0,-6,-0.5176,
1,107,356,0.0,0.0,-6,-0.5176,
1,108,372,0.0,0.0,-6,-0.5176,
1,109,372,0.0,0.0,-6,-0.5176,
1,110,380,0.0,0.0,-6,-0.5176,
0,106,1776,0.0,0.0,11,-0.0577,
0,107,1804,1.6,0.0,11,-0.0577,
0,108,1824,5.6,0.0,11,-0.0339,
0,109,1959,9.6,0.0,11,-0.0171,
0,110,1994,13.6,0.0,10,-0.0134,
1,106,1434,0.0,0.0,2,-0.1569,
1,107,1474,0.0,0.0,2,-0.1569,
1,108,1498,0.0,0.0,1,-0.144,
1,109,1514,0.0,0.0,-1,-0.1403,
1,110,1537,0.0,0.0,-2,-0.1469,
1,106,1859,0.0,0.0,18,-0.2189,
1,107,1883,0.0,0.0,18,-0.2189,
1,108,1891,0.0,0.0,16,-0.2093,
1,109,1993,0.0,0.0,13,-0.2061,
1,110,1991,0.0,0.0,11,-0.2082,
1,106,1255,0.0,0.0,4,-0.3286,
1,107,1289,0.0,0.0,4,-0.3286,
1,108,1289,0.0,0.0,4,-0.3286,
1,109,1261,0.0,0.0,4,-0.3286,
1,110,1157,0.0,0.0,4,-0.3286,
0,106,1392,0.0,0.0,-11,-0.4752,
0,107,1392,0.0,0.0,-11,-0.4752,
0,108,1392,0.0,0.0,-11,-0.4752,
0,109,1392,0.0,0.0,-11,-0.4752,
0,110,1388,0.0,0.0,-19,-0.5278,
1,106,1681,0.0,0.0,7,-0.1358,
1,107,1577,0.0,0.0,7,-0.1358,
1,108,1649,0.0,0.0,7,-0.1358,
1,109,1581,0.0,0.0,7,-0.1358,
1,110,1437,0.0,0.0,7,-0.1358,
1,106,1576,0.0,0.0,-12,-0.6462,
1,107,1496,0.0,0.0,-12,-0.6422,
1,108,1498,0.0,0.0,-12,-0.6422,
1,109,1472,0.0,0.0,-12,-0.6422,
1,110,1460,0.0,0.0,-12,-0.6422,
0,106,690,0.0,0.0,-25,-0.7794,
0,107,690,0.0,0.0,-25,-0.7794,
0,108,690,0.0,0.0,-25,-0.7794,
0,109,690,0.0,0.0,-25,-0.7794,
0,110,690,0.0,0.0,-25,-0.7794,
1,106,1460,0.0,0.0,1,-0.1979,
1,107,1368,0.0,0.0,1,-0.1979,
1,108,1352,0.0,0.0,1,-0.1979,
1,109,1316,0.0,0.0,1,-0.1979,
1,110,1288,0.0,0.0,1,-0.1979,
1,106,526,0.0,0.0,2,-0.1394,
1,107,556,0.0,0.0,2,-0.1314,
1,108,602,0.0,0.0,2,-0.1341,
1,109,724,0.0,0.0,2,-0.1474,
1,110,732,0.0,0.0,2,-0.1741,
0,106,1024,0.0,0.0,-27,-0.6726,
0,107,1140,0.0,0.0,-27,-0.6726,
0,108,1140,0.0,0.0,-27,-0.6726,
0,109,1140,0.0,0.0,-27,-0.6726,
0,110,1140,0.0,0.0,-27,-0.6726,
1,106,1715,0.0,0.0,10,-0.0143,
1,107,1710,0.0,0.0,10,-0.0003,
1,108,1662,0.0,0.0,10,-0.0003,
1,109,1602,0.0,0.0,10,-0.0003,
1,110,1466,0.0,0.0,10,-0.0003,
1,106,2063,6.0,0.0,4,-0.1235,
1,107,1984,11.8,0.0,4,-0.1235,
1,108,1973,17.6,0.0,4,-0.1235,
1,109,1926,23.4,0.0,4,-0.1235,
1,110,1811,29.2,0.0,4,-0.1235,
1,106,234,0.0,0.0,-22,-0.7116,
1,107,234,0.0,0.0,-22,-0.7116,
1,108,355,0.0,0.0,-23,-0.7636,
1,109,403,0.0,0.0,-30,-0.7902,
1,110,447,0.0,0.0,-30,-0.7902,
1,106,998,0.0,0.0,-15,-0.4241,
1,107,998,0.0,0.0,-15,-0.4241,
1,108,998,0.0,0.0,-15,-0.4252,
1,109,1122,0.0,0.0,-15,-0.4355,
1,110,970,0.0,0.0,-15,-0.4572,
1,106,796,0.0,0.0,9,0.0502,
1,107,1224,0.0,0.0,9,0.0633,
1,108,1204,0.0,0.0,9,0.0633,
1,109,1247,0.0,0.0,9,0.0633,
1,110,1114,0.0,0.0,9,0.0633,
0,106,1260,0.0,0.0,-16,-0.63,
0,107,1260,0.0,0.0,-16,-0.63,
0,108,1260,0.0,0.0,-16,-0.63,
0,109,1260,0.0,0.0,-16,-0.63,
0,110,1260,0.0,0.0,-16,-0.63,
1,106,1888,44.0,0.0,-4,-0.4385,
1,107,1780,47.2,0.0,-4,-0.4356,
1,108,1796,50.4,0.0,-4,-0.4356,
1,109,1812,53.6,0.0,-4,-0.4324,
1,110,1828,56.8,0.0,-9,-0.4372,
1,106,1456,0.0,0.0,-4,-0.2908,
1,107,1348,0.0,0.0,-4,-0.2908,
1,108,1316,0.0,0.0,-4,-0.2908,
1,109,1256,0.0,0.0,-4,-0.2908,
1,110,1120,0.0,0.0,-4,-0.2908,
0,106,1926,0.0,0.0,-7,-0.6713,
0,107,1926,0.0,0.0,-7,-0.6713,
0,108,1910,0.0,0.0,-7,-0.6713,
0,109,1402,0.0,0.0,-7,-0.6713,
0,110,1402,0.0,0.0,-7,-0.6713,
1,106,272,0.0,-19.6,-10,-0.3682,
1,107,295,0.0,-19.8,-10,-0.3682,
1,108,310,0.0,-20.8,-10,-0.3682,
1,109,341,0.0,-21.8,-10,-0.3682,
1,110,252,0.0,-27.6,-10,-0.3682,
1,106,1149,0.0,0.0,-17,-0.4618,
1,107,1164,0.0,0.0,-18,-0.4648,
1,108,1180,0.0,0.0,-18,-0.4648,
1,109,1192,0.0,0.0,-18,-0.4648,
1,110,1204,0.0,0.0,-18,-0.4648,
1,106,1370,0.0,0.0,8,-0.0789,
1,107,1270,0.0,0.0,8,-0.0789,
1,108,1246,0.0,0.0,8,-0.0789,
1,109,1210,0.0,0.0,8,-0.0789,
1,110,1082,0.0,0.0,8,-0.0789,
1,106,1432,0.0,0.0,3,-0.3869,
1,107,1432,0.0,0.0,3,-0.3869,
1,108,1432,0.0,0.0,3,-0.3773,
1,109,1432,0.0,0.0,2,-0.3741,
1,110,1432,0.0,0.0,2,-0.4008,
0,106,1388,0.0,0.0,-14,-0.6582,
0,107,1388,0.0,0.0,-14,-0.6582,
0,108,1388,0.0,0.0,-14,-0.6582,
0,109,1388,0.0,0.0,-14,-0.6582,
0,110,1388,0.0,0.0,-14,-0.6582,
1,106,1498,0.0,0.0,12,0.0426,
1,107,1644,0.0,0.0,12,0.0456,
1,108,1694,0.0,0.0,11,0.0618,
1,109,1736,0.0,0.0,9,0.0831,
1,110,1778,0.0,0.0,9,0.0824,
0,106,1404,0.0,0.0,-1,-0.5849,
0,107,1404,0.0,0.0,-1,-0.5849,
0,108,1404,0.0,0.0,-1,-0.5849,
0,109,1404,0.0,0.0,-2,-0.5822,
0,110,1403,0.0,0.0,-6,-0.6044,
1,106,1282,0.0,0.0,-18,-0.3921,
1,107,1294,0.0,0.0,-18,-0.3921,
1,108,1306,0.0,0.0,-18,-0.3933,
1,109,1314,0.0,0.0,-18,-0.4036,
1,110,1322,0.0,0.0,-18,-0.4253,
1,106,1689,0.0,0.0,9,-0.103,
1,107,1583,0.0,0.0,9,-0.103,
1,108,1645,0.0,0.0,9,-0.103,
1,109,1569,0.0,0.0,9,-0.103,
1,110,1425,0.0,0.0,9,-0.103,
1,106,-352,0.0,-47.8,-23,-0.4601,
1,107,-347,0.0,-48.0,-23,-0.4601,
1,108,-458,0.0,-49.0,-23,-0.4601,
1,109,-475,0.0,-51.2,-23,-0.4601,
1,110,-516,0.0,-58.2,-23,-0.4601,
0,106,2014,0.0,0.0,-2,-0.4509,
0,107,2014,0.0,0.0,-2,-0.4509,
0,108,2014,0.0,0.0,-2,-0.4509,
0,109,1966,0.0,0.0,-2,-0.4509,
0,110,1402,0.0,0.0,-2,-0.4509,
1,106,1483,0.0,0.0,-3,-0.3238,
1,107,1491,0.0,0.0,-3,-0.3238,
1,108,1615,0.0,0.0,-3,-0.3238,
1,109,1639,0.0,0.0,-3,-0.3371,
1,110,1671,0.0,0.0,-3,-0.3638,
1,106,1466,0.0,0.0,8,-0.1924,
1,107,1523,0.0,0.0,8,-0.1924,
1,108,1555,0.0,0.0,7,-0.1956,
1,109,1586,0.0,0.0,6,-0.2076,
1,110,1552,0.0,0.0,5,-0.2161,
0,106,1996,0.0,0.0,-6,-0.6696,
0,107,1996,0.0,0.0,-6,-0.6696,
0,108,1980,0.0,0.0,-6,-0.6696,
0,109,1916,0.0,0.0,-6,-0.6696,
0,110,1400,0.0,0.0,-6,-0.6696,
1,106,-359,0.0,0.0,-10,-0.4158,
1,107,-335,0.0,0.0,-10,-0.4158,
1,108,-303,0.0,0.0,-10,-0.4158,
1,109,-383,0.0,0.0,-10,-0.4158,
1,110,-351,0.0,0.0,-10,-0.4158,
0,106,1396,0.0,0.0,-9,-0.436,
0,107,1396,0.0,0.0,-9,-0.436,
0,108,1396,0.0,0.0,-9,-0.436,
0,109,1396,0.0,0.0,-9,-0.4387,
0,110,1396,0.0,0.0,-9,-0.4731,
1,106,1232,0.0,0.0,9,-0.075,
1,107,1248,0.0,0.0,9,-0.075,
1,108,1264,0.0,0.0,10,-0.0598,
1,109,1287,0.0,0.0,10,-0.0531,
1,110,1310,0.0,0.0,10,-0.0664,
1,106,1759,0.0,0.0,0,-0.3577,
1,107,1782,0.0,0.0,0,-0.3447,
1,108,1755,0.0,0.0,0,-0.3486,
1,109,1679,0.0,0.0,0,-0.3486,
1,110,1627,0.0,0.0,0,-0.3486,
1,106,463,0.0,0.0,-18,-0.4973,
1,107,339,0.0,0.0,-18,-0.4973,
1,108,343,0.0,0.0,-18,-0.4973,
1,109,347,0.0,0.0,-18,-0.4973,
1,110,351,0.0,0.0,-18,-0.4973,
1,106,1174,0.0,0.0,-1,-0.1549,
1,107,1058,0.0,0.0,-1,-0.1512,
1,108,1018,0.0,0.0,-1,-0.1512,
1,109,950,0.0,0.0,-1,-0.1512,
1,110,806,0.0,0.0,-1,-0.1512,
1,106,1594,0.0,0.0,13,-0.0824,
1,107,1514,0.0,0.0,13,-0.0824,
1,108,1458,0.0,0.0,13,-0.0824,
1,109,1458,0.0,0.0,13,-0.0824,
1,110,1482,0.0,0.0,13,-0.0824,
1,106,1271,0.0,0.0,1,-0.1997,
1,107,1287,0.0,0.0,1,-0.1997,
1,108,1303,0.0,0.0,1,-0.1901,
1,109,1318,0.0,0.0,-2,-0.1857,
1,110,1373,0.0,0.0,-3,-0.1899,
1,106,1530,0.0,0.0,14,-0.2974,
1,107,1538,0.0,0.0,14,-0.2844,
1,108,1646,0.0,0.0,13,-0.281,
1,109,1654,0.0,0.0,12,-0.2884,
1,110,1660,0.0,0.0,11,-0.3043,
1,106,195,0.0,-80.2,-3,-0.4117,
1,107,208,0.0,-80.4,-3,-0.4117,
1,108,209,0.0,-81.8,-3,-0.4117,
1,109,202,0.0,-84.8,-3,-0.4117,
1,110,159,0.0,-92.6,-3,-0.4117,
1,106,-404,0.0,-78.6,-21,-0.5215,
1,107,-392,0.0,-79.6,-21,-0.5215,
1,108,-395,0.0,-81.2,-21,-0.5215,
1,109,-411,0.0,-83.4,-21,-0.5215,
1,110,-539,0.0,-90.4,-21,-0.5215,
1,106,1508,0.0,0.0,19,0.0124,
1,107,1424,0.0,0.0,19,0.0204,
1,108,1508,0.0,0.0,19,0.0204,
1,109,1448,0.0,0.0,19,0.0204,
1,110,1408,0.0,0.0,19,0.0204,
1,106,1480,0.0,0.0,-9,-0.6819,
1,107,1392,0.0,0.0,-9,-0.6819,
1,108,1364,0.0,0.0,-9,-0.6819,
1,109,1316,0.0,0.0,-9,-0.6819,
1,110,1200,0.0,0.0,-9,-0.6819,
0,106,1117,0.0,0.0,-7,-0.5856,
0,107,1129,0.0,0.0,-7,-0.5856,
0,108,1141,0.0,0.0,-7,-0.5856,
0,109,1153,0.0,0.0,-7,-0.5856,
0,110,1165,0.0,0.0,-7,-0.5856,
0,106,1249,0.0,0.0,-34,-0.7623,
0,107,1249,0.0,0.0,-34,-0.7623,
0,108,1201,0.0,0.0,-34,-0.7623,
0,109,669,0.0,0.0,-34,-0.7623,
0,110,669,0.0,0.0,-34,-0.7623,
0,106,927,0.0,0.0,-8,-0.4517,
0,107,935,0.0,0.0,-8,-0.4517,
0,108,935,0.0,0.0,-8,-0.4517,
0,109,935,0.0,0.0,-8,-0.4517,
0,110,935,0.0,0.0,-8,-0.4517,
1,106,1655,0.0,0.0,-12,-0.3807,
1,107,1562,0.0,0.0,-12,-0.3556,
1,108,1542,0.0,0.0,-12,-0.3556,
1,109,1494,0.0,0.0,-12,-0.3556,
1,110,1632,0.0,0.0,-12,-0.3556,
1,106,-245,0.0,-65.6,-18,-0.5342,
1,107,-242,0.0,-66.4,-18,-0.5342,
1,108,-254,0.0,-67.8,-18,-0.5342,
1,109,-271,0.0,-70.2,-18,-0.5342,
1,110,-408,0.0,-77.4,-18,-0.5342,
1,106,1132,0.0,0.0,-15,-0.3287,
1,107,1016,0.0,0.0,-15,-0.3287,
1,108,988,0.0,0.0,-15,-0.3287,
1,109,932,0.0,0.0,-15,-0.3287,
1,110,792,0.0,0.0,-15,-0.3287,
1,106,1728,0.0,0.0,3,-0.3822,
1,107,1613,0.0,0.0,3,-0.3779,
1,108,1573,0.0,0.0,3,-0.3779,
1,109,1505,0.0,0.0,3,-0.3779,
1,110,1361,0.0,0.0,3,-0.3779,
1,106,1278,0.0,0.0,-3,-0.2446,
1,107,1176,0.0,0.0,-3,-0.2446,
1,108,1258,0.0,0.0,-3,-0.2446,
1,109,1216,0.0,0.0,-3,-0.2446,
1,110,1098,0.0,0.0,-3,-0.2446,
1,106,1721,0.0,0.0,-12,-0.6839,
1,107,1597,0.0,0.0,-13,-0.6708,
1,108,1549,0.0,0.0,-13,-0.6708,
1,109,1473,0.0,0.0,-13,-0.6708,
1,110,1333,0.0,0.0,-13,-0.6708,
1,106,-184,0.0,0.0,-37,-0.6588,
1,107,-72,0.0,0.0,-37,-0.6841,
1,108,-68,0.0,0.0,-37,-0.7041,
1,109,44,0.0,0.0,-37,-0.7081,
1,110,56,0.0,0.0,-37,-0.7081,
1,106,1870,0.0,0.0,15,-0.0904,
1,107,1910,0.0,0.0,15,-0.0643,
1,108,1943,0.0,0.0,15,-0.0654,
1,109,1976,0.0,0.0,15,-0.0757,
1,110,2200,0.0,0.0,15,-0.0974,
0,106,1306,0.0,0.0,-20,-0.788,
0,107,1306,0.0,0.0,-20,-0.788,
0,108,1306,0.0,0.0,-20,-0.788,
0,109,1306,0.0,0.0,-20,-0.788,
0,110,1306,0.0,0.0,-20,-0.788,
0,106,1941,0.0,0.0,3,-0.4513,
0,107,1941,0.0,0.0,3,-0.4513,
0,108,1925,0.0,0.0,3,-0.4513,
0,109,1525,0.0,0.0,3,-0.4513,
0,110,1533,0.0,0.0,3,-0.4513,
1,106,1734,0.0,0.0,-11,-0.4359,
1,107,1626,0.0,0.0,-12,-0.4153,
1,108,1606,0.0,0.0,-12,-0.4153,
1,109,1538,0.0,0.0,-12,-0.4153,
1,110,1398,0.0,0.0,-12,-0.4153,
1,106,609,0.0,0.0,-14,-0.5894,
1,107,515,0.0,0.0,-14,-0.5894,
1,108,505,0.0,0.0,-14,-0.5894,
1,109,467,0.0,0.0,-14,-0.5894,
1,110,355,0.0,0.0,-14,-0.5894,
0,106,1803,0.0,0.0,-12,-0.5586,
0,107,1819,0.0,0.0,-12,-0.5586,
0,108,1334,0.0,0.0,-12,-0.5586,
0,109,1350,0.0,0.0,-12,-0.5586,
0,110,1366,0.0,0.0,-12,-0.5586,
0,106,1265,0.0,0.0,-7,-0.4449,
0,107,1381,0.0,0.0,-7,-0.4449,
0,108,1397,0.0,0.0,-7,-0.4449,
0,109,1413,0.0,0.0,-7,-0.4449,
0,110,1429,0.0,0.0,-7,-0.4449,
0,106,1969,0.0,0.0,-11,-0.4217,
0,107,1969,0.0,0.0,-11,-0.4217,
0,108,1953,0.0,0.0,-11,-0.4217,
0,109,1508,0.0,0.0,-11,-0.4217,
0,110,1513,0.0,0.0,-11,-0.4217,
1,106,1132,0.0,0.0,-19,-0.3443,
1,107,1138,0.0,0.0,-19,-0.3443,
1,108,1138,0.0,0.0,-19,-0.3454,
1,109,970,0.0,0.0,-19,-0.3557,
1,110,1044,0.0,0.0,-19,-0.3557,
1,106,1213,0.0,0.0,-4,-0.548,
1,107,1221,0.0,0.0,-4,-0.548,
1,108,1245,0.0,0.0,-5,-0.5298,
1,109,1358,0.0,0.0,-7,-0.5211,
1,110,1372,0.0,0.0,-9,-0.5301,
1,106,1828,0.0,0.0,0,-0.0919,
1,107,1730,0.0,0.0,0,-0.0919,
1,108,1708,0.0,0.0,0,-0.0919,
1,109,1656,0.0,0.0,0,-0.0919,
1,110,1680,0.0,0.0,0,-0.0919,
1,106,1369,0.0,0.0,-4,-0.4203,
1,107,1254,0.0,0.0,-4,-0.4123,
1,108,1223,0.0,0.0,-4,-0.4123,
1,109,1164,0.0,0.0,-4,-0.4123,
1,110,1037,0.0,0.0,-4,-0.4123,
1,106,350,0.0,0.0,0,-0.4203,
1,107,258,0.0,0.0,0,-0.4203,
1,108,342,0.0,0.0,0,-0.4203,
1,109,282,0.0,0.0,0,-0.4203,
1,110,234,0.0,0.0,0,-0.4203,
1,106,812,0.0,0.0,7,-0.1179,
1,107,748,0.0,0.0,7,-0.1179,
1,108,616,0.0,0.0,7,-0.1179,
1,109,624,0.0,0.0,7,-0.1179,
1,110,624,0.0,0.0,7,-0.1179,
1,106,1586,0.0,0.0,-6,-0.4396,
1,107,1498,0.0,0.0,-6,-0.4396,
1,108,1562,0.0,0.0,-6,-0.4396,
1,109,1494,0.0,0.0,-6,-0.4396,
1,110,1510,0.0,0.0,-6,-0.4396,
0,106,835,0.0,0.0,-16,-0.7183,
0,107,835,0.0,0.0,-16,-0.7183,
0,108,835,0.0,0.0,-16,-0.7183,
0,109,835,0.0,0.0,-16,-0.7183,
0,110,835,0.0,0.0,-16,-0.7183,
0,106,1963,0.0,0.0,0,-0.4439,
0,107,1963,0.0,0.0,0,-0.4439,
0,108,2061,0.0,0.0,0,-0.4439,
0,109,1535,0.0,0.0,0,-0.4439,
0,110,1549,0.0,0.0,0,-0.4439,
1,106,1060,0.0,0.0,-21,-0.5813,
1,107,1282,0.0,0.0,-21,-0.6107,
1,108,1290,0.0,0.0,-22,-0.6347,
1,109,1298,0.0,0.0,-22,-0.6427,
1,110,1306,0.0,0.0,-22,-0.6427,
1,106,1173,0.0,0.0,-15,-0.4594,
1,107,1181,0.0,0.0,-19,-0.4658,
1,108,1179,0.0,0.0,-22,-0.4676,
1,109,1178,0.0,0.0,-22,-0.4634,
1,110,1188,0.0,0.0,-22,-0.4634,
1,106,135,0.0,-89.4,-22,-0.9811,
1,107,131,0.0,-91.0,-22,-0.9811,
1,108,12,0.0,-93.8,-22,-0.9811,
1,109,3,0.0,-97.8,-22,-0.9811,
1,110,-1400,0.0,-100.0,-22,-0.9811,
1,106,2032,19.2,0.0,24,-0.1069,
1,107,2076,24.0,0.0,24,-0.1031,
1,108,2128,28.8,0.0,24,-0.1031,
1,109,2260,32.0,0.0,24,-0.1165,
1,110,2284,36.8,0.0,24,-0.1431,
1,106,1266,0.0,0.0,0,-0.2403,
1,107,1174,0.0,0.0,0,-0.2403,
1,108,1158,0.0,0.0,0,-0.2403,
1,109,1182,0.0,0.0,0,-0.2403,
1,110,1182,0.0,0.0,0,-0.263,
1,106,1398,0.0,0.0,-1,-0.3582,
1,107,1426,0.0,0.0,-1,-0.3555,
1,108,1545,0.0,0.0,-1,-0.3574,
1,109,1557,0.0,0.0,-3,-0.3638,
1,110,1419,0.0,0.0,-3,-0.3715,
1,106,568,0.0,0.0,-35,-0.7598,
1,107,572,0.0,0.0,-35,-0.7598,
1,108,584,0.0,0.0,-35,-0.7598,
1,109,576,0.0,0.0,-35,-0.7598,
1,110,596,0.0,0.0,-35,-0.7598,
0,106,769,0.0,0.0,2,-0.2011,
0,107,785,0.0,0.0,2,-0.2011,
0,108,801,0.0,0.0,2,-0.2011,
0,109,817,0.0,0.0,2,-0.2011,
0,110,817,0.0,0.0,2,-0.2011,
1,106,2151,0.0,0.0,14,-0.1154,
1,107,2027,0.0,0.0,13,-0.1024,
1,108,1979,0.0,0.0,13,-0.1024,
1,109,1919,0.0,0.0,13,-0.1024,
1,110,1799,0.0,0.0,13,-0.1024,
1,106,1008,0.0,0.0,13,-0.1213,
1,107,916,0.0,0.0,13,-0.1007,
1,108,900,0.0,0.0,13,-0.1007,
1,109,856,0.0,0.0,13,-0.1007,
1,110,744,0.0,0.0,13,-0.1007,
1,106,1728,0.0,0.0,8,-0.2143,
1,107,1624,0.0,0.0,8,-0.2143,
1,108,1596,0.0,0.0,8,-0.2143,
1,109,1556,0.0,0.0,8,-0.2143,
1,110,1428,0.0,0.0,8,-0.2143,
0,106,810,0.0,0.0,8,-0.5381,
0,107,826,0.0,0.0,8,-0.5381,
0,108,826,0.0,0.0,8,-0.5381,
0,109,826,0.0,0.0,8,-0.5381,
0,110,826,0.0,0.0,8,-0.5381,
1,106,1041,0.0,0.0,4,-0.4258,
1,107,933,0.0,0.0,4,-0.4258,
1,108,957,0.0,0.0,4,-0.4258,
1,109,981,0.0,0.0,4,-0.4258,
1,110,1005,0.0,0.0,4,-0.4258,
0,106,2310,0.0,0.0,5,-0.305,
0,107,2326,0.0,0.0,5,-0.305,
0,108,2342,0.0,0.0,5,-0.305,
0,109,2342,0.0,0.0,5,-0.305,
0,110,2342,0.0,0.0,5,-0.3312,
1,106,1825,0.0,0.0,10,-0.1568,
1,107,1731,0.0,0.0,10,-0.1437,
1,108,1729,0.0,0.0,10,-0.1437,
1,109,1699,0.0,0.0,10,-0.1437,
1,110,1686,0.0,0.0,10,-0.1437,
1,106,1386,0.0,0.0,-23,-0.541,
1,107,1278,0.0,0.0,-23,-0.541,
1,108,1251,0.0,0.0,-23,-0.541,
1,109,1196,0.0,0.0,-23,-0.541,
1,110,1049,0.0,0.0,-23,-0.541,
1,106,596,0.0,0.0,-18,-0.6458,
1,107,620,0.0,0.0,-18,-0.6458,
1,108,638,0.0,0.0,-18,-0.6458,
1,109,644,0.0,0.0,-19,-0.6446,
1,110,637,0.0,0.0,-19,-0.6466,
1,106,1509,0.0,0.0,-2,-0.1608,
1,107,1421,0.0,0.0,-2,-0.1608,
1,108,1417,0.0,0.0,-2,-0.1608,
1,109,1377,0.0,0.0,-2,-0.1608,
1,110,1261,0.0,0.0,-2,-0.1608,
1,106,532,0.0,0.0,-10,-0.3577,
1,107,436,0.0,0.0,-10,-0.3577,
1,108,432,0.0,0.0,-10,-0.3577,
1,109,460,0.0,0.0,-10,-0.3577,
1,110,982,0.0,0.0,-12,-0.3755,
1,106,1885,0.0,0.0,5,-0.0793,
1,107,1896,0.0,0.0,5,-0.0764,
1,108,1879,0.0,0.0,5,-0.0764,
1,109,1926,0.0,0.0,5,-0.0764,
1,110,2039,0.0,0.0,5,-0.0764,
0,106,1737,0.0,0.0,-20,-0.7277,
0,107,1750,0.0,0.0,-20,-0.7277,
0,108,1866,0.0,0.0,-20,-0.7277,
0,109,1882,0.0,0.0,-20,-0.7304,
0,110,1897,0.0,0.0,-26,-0.7639,
0,106,1309,0.0,0.0,-20,-1.0114,
0,107,1307,0.0,0.0,-20,-1.014,
0,108,1307,0.0,0.0,-20,-1.014,
0,109,1307,0.0,0.0,-20,-1.014,
0,110,1307,0.0,0.0,-20,-1.014,
1,106,1436,0.0,0.0,-8,-0.2178,
1,107,1454,0.0,0.0,-8,-0.2141,
1,108,1472,0.0,0.0,-8,-0.2152,
1,109,1596,0.0,0.0,-8,-0.2255,
1,110,1632,0.0,0.0,-8,-0.2472,
0,106,2041,0.0,0.0,9,-0.2642,
0,107,2041,0.0,0.0,9,-0.2642,
0,108,2025,0.0,0.0,9,-0.2642,
0,109,1525,0.0,0.0,9,-0.2642,
0,110,1525,0.0,0.0,9,-0.2642,
0,106,1527,0.0,0.0,8,-0.5519,
0,107,1539,0.0,0.0,8,-0.5519,
0,108,1551,0.0,0.0,8,-0.5519,
0,109,1563,0.0,0.0,8,-0.5492,
0,110,1574,0.0,0.0,3,-0.5777,
0,106,1503,0.0,0.0,-25,-0.6762,
0,107,1507,0.0,0.0,-25,-0.6762,
0,108,1507,0.0,0.0,-25,-0.6762,
0,109,1507,0.0,0.0,-25,-0.6762,
0,110,1515,0.0,0.0,-25,-0.6762,
0,106,1640,0.0,0.0,7,-0.2058,
0,107,1656,0.0,0.0,7,-0.2058,
0,108,1672,0.0,0.0,7,-0.2058,
0,109,1672,0.0,0.0,7,-0.2058,
0,110,1672,0.0,0.0,7,-0.2058,
1,106,1860,0.0,0.0,-3,-0.2699,
1,107,1776,0.0,0.0,-3,-0.2699,
1,108,1861,0.0,0.0,-3,-0.2699,
1,109,1885,0.0,0.0,-3,-0.2699,
1,110,1854,0.0,0.0,-3,-0.2723,
1,106,1726,0.0,0.0,15,-0.0312,
1,107,1613,0.0,0.0,15,-0.0223,
1,108,1574,0.0,0.0,15,-0.0223,
1,109,1499,0.0,0.0,15,-0.0223,
1,110,1348,0.0,0.0,15,-0.0223,
1,106,756,0.0,0.0,19,-0.2636,
1,107,772,0.0,0.0,19,-0.2636,
1,108,884,0.0,0.0,19,-0.2482,
1,109,900,0.0,0.0,17,-0.2406,
1,110,915,0.0,0.0,13,-0.241,
1,106,1488,0.0,0.0,-2,-0.3626,
1,107,1505,0.0,0.0,-2,-0.3626,
1,108,1538,0.0,0.0,-2,-0.3477,
1,109,1575,0.0,0.0,-4,-0.3405,
1,110,1611,0.0,0.0,-4,-0.3447,
1,106,1515,0.0,0.0,3,-0.3424,
1,107,1515,0.0,0.0,3,-0.3424,
1,108,1515,0.0,0.0,3,-0.3436,
1,109,1523,0.0,0.0,3,-0.3538,
1,110,1531,0.0,0.0,3,-0.3756,
0,106,1806,0.0,0.0,-4,-0.6424,
0,107,1803,0.0,0.0,-11,-0.6898,
0,108,1798,0.0,0.0,-12,-0.7008,
0,109,1798,0.0,0.0,-12,-0.7008,
0,110,1798,0.0,0.0,-12,-0.7008,
1,106,746,0.0,0.0,-16,-0.5337,
1,107,850,0.0,0.0,-16,-0.5577,
1,108,858,0.0,0.0,-21,-0.5771,
1,109,982,0.0,0.0,-22,-0.5722,
1,110,982,0.0,0.0,-22,-0.5722,
1,106,-529,0.0,-86.6,-12,-0.2909,
1,107,-512,0.0,-87.2,-12,-0.2909,
1,108,-624,0.0,-88.8,-12,-0.2909,
1,109,-640,0.0,-91.2,-12,-0.2909,
1,110,-672,0.0,-98.4,-12,-0.2909,
1,106,1144,0.0,0.0,-13,-0.6752,
1,107,1141,0.0,0.0,-13,-0.6752,
1,108,1114,0.0,0.0,-13,-0.6752,
1,109,1051,0.0,0.0,-13,-0.6752,
1,110,928,0.0,0.0,-13,-0.6752,
1,106,1055,0.0,0.0,12,-0.1574,
1,107,1063,0.0,0.0,12,-0.1574,
1,108,1200,0.0,0.0,12,-0.155,
1,109,1310,0.0,0.0,12,-0.1661,
1,110,1309,0.0,0.0,11,-0.188,
1,106,1751,0.0,0.0,1,-0.2248,
1,107,1635,0.0,0.0,1,-0.2248,
1,108,1595,0.0,0.0,1,-0.2248,
1,109,1543,0.0,0.0,1,-0.2248,
1,110,1519,0.0,0.0,1,-0.2248,
1,106,2013,12.0,0.0,0,-0.3392,
1,107,2035,12.0,0.0,0,-0.3392,
1,108,2057,12.0,0.0,0,-0.3418,
1,109,2175,12.0,0.0,0,-0.3552,
1,110,2182,12.2,0.0,0,-0.3818,
1,106,1177,0.0,0.0,25,-0.0462,
1,107,1069,0.0,0.0,25,-0.0462,
1,108,1129,0.0,0.0,25,-0.0462,
1,109,1053,0.0,0.0,25,-0.0462,
1,110,1413,0.0,0.0,25,-0.0462,
1,106,1541,0.0,0.0,-12,-0.3665,
1,107,1443,0.0,0.0,-12,-0.3665,
1,108,1403,0.0,0.0,-12,-0.3665,
1,109,1356,0.0,0.0,-12,-0.3665,
1,110,1217,0.0,0.0,-12,-0.3665,
1,106,1825,0.0,0.0,10,-0.0514,
1,107,1733,0.0,0.0,10,-0.0514,
1,108,1709,0.0,0.0,10,-0.0514,
1,109,1649,0.0,0.0,10,-0.0514,
1,110,1529,0.0,0.0,10,-0.0514,
1,106,556,0.0,0.0,-37,-0.8659,
1,107,557,0.0,0.0,-39,-0.8818,
1,108,419,0.0,0.0,-40,-0.8919,
1,109,424,0.0,0.0,-40,-0.8919,
1,110,429,0.0,0.0,-40,-0.8919,
1,106,1276,0.0,0.0,1,-0.4671,
1,107,1290,0.0,0.0,1,-0.4671,
1,108,1304,0.0,0.0,1,-0.4682,
1,109,1334,0.0,0.0,1,-0.4785,
1,110,1364,0.0,0.0,1,-0.5002,
1,106,2212,0.0,0.0,18,-0.0425,
1,107,2236,0.0,0.0,20,-0.0395,
1,108,2259,0.0,0.0,20,-0.0397,
1,109,2283,0.0,0.0,20,-0.0365,
1,110,2291,0.0,0.0,15,-0.0413,
1,106,805,0.0,0.0,10,-0.0353,
1,107,714,0.0,0.0,8,-0.0353,
1,108,691,0.0,0.0,8,-0.0353,
1,109,640,0.0,0.0,8,-0.0353,
1,110,615,0.0,0.0,8,-0.0353,
1,106,1198,0.0,0.0,-27,-0.6501,
1,107,1082,0.0,0.0,-27,-0.6501,
1,108,1042,0.0,0.0,-27,-0.6501,
1,109,1090,0.0,0.0,-27,-0.6501,
1,110,987,0.0,0.0,-27,-0.6501,
1,106,1828,0.0,0.0,9,-0.2901,
1,107,1732,0.0,0.0,9,-0.2901,
1,108,1712,0.0,0.0,9,-0.2901,
1,109,1672,0.0,0.0,9,-0.2901,
1,110,1540,0.0,0.0,9,-0.2901,
1,106,2000,0.0,0.0,27,0.0024,
1,107,2037,0.0,0.0,27,0.0043,
1,108,2073,0.0,0.0,27,0.0016,
1,109,1917,0.0,0.0,27,-0.0117,
1,110,1885,0.0,0.0,27,-0.0117,
1,106,1540,0.0,0.0,16,0.1404,
1,107,1664,0.0,0.0,16,0.1404,
1,108,1688,0.0,0.0,16,0.166,
1,109,1535,0.0,0.0,15,0.1696,
1,110,1491,0.0,0.0,15,0.1696,
0,106,1675,0.0,0.0,-5,-0.4942,
0,107,1681,0.0,0.0,-5,-0.4942,
0,108,1703,0.0,0.0,-5,-0.4942,
0,109,1719,0.0,0.0,-5,-0.4942,
0,110,1841,0.0,0.0,-7,-0.5139,
1,106,1709,0.0,0.0,-4,-0.1124,
1,107,1607,0.0,0.0,-4,-0.1013,
1,108,1581,0.0,0.0,-4,-0.1013,
1,109,1526,0.0,0.0,-4,-0.1013,
1,110,1383,0.0,0.0,-4,-0.1013,
1,106,1438,0.0,0.0,7,0.0032,
1,107,1458,0.0,0.0,7,0.0061,
1,108,1574,0.0,0.0,7,0.0137,
1,109,1581,0.0,0.0,4,0.0175,
1,110,1576,0.0,0.0,4,0.0143,
1,106,816,0.0,0.0,-6,-0.1577,
1,107,848,0.0,0.0,-6,-0.1577,
1,108,880,0.0,0.0,-6,-0.1589,
1,109,896,0.0,0.0,-6,-0.1691,
1,110,912,0.0,0.0,-6,-0.1909,
1,106,1295,0.0,0.0,-8,-0.4084,
1,107,1187,0.0,0.0,-8,-0.4084,
1,108,1147,0.0,0.0,-8,-0.4084,
1,109,1079,0.0,0.0,-8,-0.4084,
1,110,935,0.0,0.0,-8,-0.4084,
1,106,1660,0.0,0.0,5,-0.451,
1,107,1676,0.0,0.0,5,-0.451,
1,108,1700,0.0,0.0,5,-0.4414,
1,109,1708,0.0,0.0,5,-0.4382,
1,110,1719,0.0,0.0,2,-0.443,
1,106,1359,0.0,0.0,-9,-0.181,
1,107,1263,0.0,0.0,-9,-0.181,
1,108,1243,0.0,0.0,-9,-0.181,
1,109,1167,0.0,0.0,-9,-0.181,
1,110,1031,0.0,0.0,-9,-0.181,
1,106,-204,0.0,-68.8,-27,-0.749,
1,107,-204,0.0,-68.8,-27,-0.749,
1,108,-195,0.0,-68.8,-26,-0.755,
1,109,-184,0.0,-68.8,-26,-0.773,
1,110,-181,0.0,-68.8,-26,-0.7944,
1,106,115,0.0,0.0,-12,-0.3007,
1,107,135,0.0,0.0,-16,-0.3071,
1,108,144,0.0,0.0,-18,-0.3068,
1,109,157,0.0,0.0,-18,-0.3102,
1,110,171,0.0,0.0,-18,-0.3102,
1,106,1825,0.0,0.0,14,0.03,
1,107,1849,0.0,0.0,14,0.03,
1,108,1857,0.0,0.0,11,0.0396,
1,109,1865,0.0,0.0,9,0.0428,
1,110,1873,0.0,0.0,7,0.038,
0,106,1213,0.0,0.0,-4,-0.3639,
0,107,1213,0.0,0.0,-4,-0.3639,
0,108,1321,0.0,0.0,-4,-0.3639,
0,109,1329,0.0,0.0,-4,-0.3639,
0,110,1329,0.0,0.0,-4,-0.3639,
1,106,1630,40.0,0.0,5,-0.0255,
1,107,1542,43.2,0.0,5,-0.0255,
1,108,1624,46.4,0.0,5,-0.0255,
1,109,1586,49.6,0.0,5,-0.0255,
1,110,1480,52.8,0.0,5,-0.0255,
1,106,1468,0.0,0.0,2,-0.2184,
1,107,1344,0.0,0.0,2,-0.2184,
1,108,1296,0.0,0.0,2,-0.2184,
1,109,1220,0.0,0.0,2,-0.2184,
1,110,1084,0.0,0.0,2,-0.2184,
1,106,845,0.0,0.0,1,-0.1091,
1,107,739,0.0,0.0,1,-0.1091,
1,108,1235,0.0,0.0,1,-0.1091,
1,109,1187,0.0,0.0,1,-0.1091,
1,110,1215,0.0,0.0,1,-0.1091,
0,106,1212,0.0,0.0,-6,-0.3459,
0,107,1212,0.0,0.0,-6,-0.3459,
0,108,1212,0.0,0.0,-6,-0.3459,
0,109,1212,0.0,0.0,-6,-0.3459,
0,110,1212,0.0,0.0,-6,-0.3459,
0,106,1365,0.0,0.0,-23,-0.8166,
0,107,1365,0.0,0.0,-23,-0.8166,
0,108,1365,0.0,0.0,-23,-0.8166,
0,109,1365,0.0,0.0,-23,-0.8166,
0,110,1373,0.0,0.0,-23,-0.8166,
1,106,178,0.0,0.0,-26,-0.5197,
1,107,181,0.0,0.0,-28,-0.5346,
1,108,147,0.0,0.0,-30,-0.5503,
1,109,155,0.0,0.0,-30,-0.5503,
1,110,179,0.0,0.0,-30,-0.5503,
1,106,834,0.0,0.0,6,-0.0942,
1,107,782,0.0,0.0,6,-0.1235,
1,108,766,0.0,0.0,6,-0.1235,
1,109,782,0.0,0.0,6,-0.1235,
1,110,798,0.0,0.0,6,-0.1235,
1,106,-1261,0.0,0.0,12,0.5854,
1,107,-1261,0.0,0.0,12,0.5854,
1,108,-1261,0.0,0.0,12,0.5854,
1,109,-1261,0.0,0.0,12,0.5854,
1,110,-1261,0.0,0.0,12,0.5854,
0,106,-1852,0.0,0.0,-11,0.0884,
0,107,-1744,0.0,0.0,-11,0.0884,
0,108,-1728,0.0,0.0,-11,0.0884,
0,109,-1768,0.0,0.0,-11,0.0884,
0,110,-1624,0.0,0.0,-11,0.0884,
0,106,-431,0.0,0.0,17,0.6745,
0,107,-430,0.0,0.0,17,0.6745,
0,108,-415,0.0,0.0,17,0.6745,
0,109,-405,0.0,0.0,17,0.6745,
0,110,-283,3.8,0.0,17,0.6745,
1,106,-1329,0.0,0.0,-10,0.4459,
1,107,-1329,0.0,0.0,-10,0.4459,
1,108,-1329,0.0,0.0,-10,0.4459,
1,109,-1329,0.0,0.0,-10,0.4459,
1,110,-1329,0.0,0.0,-10,0.4459,
1,106,-1926,0.0,0.0,17,0.5675,
1,107,-1934,0.0,0.0,17,0.5675,
1,108,-1934,0.0,0.0,17,0.5675,
1,109,-1386,0.0,0.0,17,0.5701,
1,110,-1386,0.0,0.0,17,0.5701,
0,106,-1743,0.0,0.0,5,0.3167,
0,107,-1642,0.0,0.0,5,0.3156,
0,108,-1618,0.0,0.0,5,0.3156,
0,109,-1566,0.0,0.0,5,0.3156,
0,110,-1438,0.0,0.0,5,0.3156,
0,106,-1668,0.0,0.0,-4,0.2219,
0,107,-1675,0.0,0.0,-4,0.2219,
0,108,-1534,0.0,0.0,-4,0.2123,
0,109,-1465,0.0,0.0,-4,0.2123,
0,110,-1428,0.0,0.0,-4,0.2123,
0,106,-918,0.0,0.0,0,0.125,
0,107,-934,0.0,0.0,0,0.125,
0,108,-962,0.0,0.0,-1,0.1277,
0,109,-993,0.0,0.0,-1,0.141,
0,110,-1028,0.0,0.0,-1,0.1677,
0,106,-1681,0.0,0.0,-1,0.1264,
0,107,-1697,0.0,0.0,-1,0.1264,
0,108,-1809,0.0,0.0,0,0.1295,
0,109,-1804,0.0,0.0,0,0.1362,
0,110,-1651,0.0,0.0,1,0.1403,
0,106,-2188,0.0,0.0,-17,-0.0119,
0,107,-2196,0.0,0.0,-17,-0.023,
0,108,-2204,0.0,0.0,-17,-0.0288,
0,109,-2212,0.0,0.0,-17,-0.0256,
0,110,-2220,0.0,0.0,-15,-0.0108,
0,106,-1107,0.0,0.0,11,0.3317,
0,107,-999,0.0,0.0,11,0.3317,
0,108,-983,0.0,0.0,11,0.3317,
0,109,-1047,0.0,0.0,11,0.3317,
0,110,-951,0.0,0.0,11,0.3317,
0,106,-446,0.0,0.0,19,0.6966,
0,107,-438,0.0,0.0,19,0.6966,
0,108,-454,0.0,0.0,19,0.6966,
0,109,-578,0.0,0.0,19,0.7158,
0,110,-602,0.0,0.0,19,0.7158,
0,106,-1408,0.0,0.0,7,0.4296,
0,107,-1440,0.0,0.0,8,0.4307,
0,108,-1324,0.0,0.0,8,0.4334,
0,109,-1272,0.0,0.0,8,0.4334,
0,110,-1244,0.0,0.0,8,0.4334,
0,106,-634,0.0,0.0,9,0.4727,
0,107,-633,0.0,0.0,14,0.4595,
0,108,-627,0.0,0.0,14,0.4444,
0,109,-577,0.0,0.0,14,0.422,
0,110,-566,0.0,0.0,16,0.4028,
0,106,-1186,0.0,0.0,8,0.5248,
0,107,-1202,0.0,0.0,8,0.5117,
0,108,-1218,0.0,0.0,8,0.5104,
0,109,-1081,0.0,0.0,8,0.521,
0,110,-1052,0.0,0.0,8,0.521,
0,106,-1082,0.0,0.0,-28,0.0802,
0,107,-1202,0.0,0.0,-28,0.0764,
0,108,-1218,0.0,0.0,-28,0.0776,
0,109,-1234,0.0,0.0,-26,0.0878,
0,110,-1097,0.0,0.0,-25,0.1092,
0,106,-1258,0.0,0.0,4,0.4749,
0,107,-1282,0.0,0.0,7,0.4959,
0,108,-1275,0.0,0.0,7,0.4981,
0,109,-1311,0.0,0.0,7,0.4981,
0,110,-1343,0.0,0.0,7,0.4981,
0,106,-1517,0.0,0.0,21,0.4756,
0,107,-1405,0.0,0.0,21,0.4756,
0,108,-1377,0.0,0.0,21,0.4756,
0,109,-1433,0.0,0.0,21,0.4756,
0,110,-1297,0.0,0.0,21,0.4756,
0,106,-1012,0.0,0.0,-1,-0.0506,
0,107,-1028,0.0,0.0,0,-0.0683,
0,108,-1156,0.0,0.0,0,-0.0657,
0,109,-1184,0.0,0.0,0,-0.0523,
0,110,-1212,0.0,0.0,0,-0.0257,
0,106,-1808,0.0,0.0,-16,0.1543,
0,107,-1720,0.0,0.0,-16,0.1543,
0,108,-1792,0.0,0.0,-16,0.1543,
0,109,-1828,0.0,0.0,-16,0.1543,
0,110,-1676,0.0,0.0,-16,0.1543,
0,106,-1623,0.0,0.0,-7,0.0347,
0,107,-1499,0.0,0.0,-7,0.0347,
0,108,-1467,0.0,0.0,-7,0.0347,
0,109,-1467,0.0,0.0,-7,0.0347,
0,110,-1583,0.0,0.0,-7,0.0613,
0,106,-1337,0.0,0.0,0,0.5531,
0,107,-1243,0.0,0.0,3,0.5451,
0,108,-1225,0.0,0.0,3,0.5451,
0,109,-1173,0.0,0.0,3,0.5451,
0,110,-1049,0.0,0.0,3,0.5451,
0,106,389,0.0,0.0,13,0.509,
0,107,385,0.0,0.0,13,0.529,
0,108,-127,0.0,0.0,14,0.5496,
0,109,-115,0.0,0.0,14,0.5698,
0,110,389,0.0,0.0,15,0.5947,
0,106,-1069,0.0,0.0,35,0.7595,
0,107,-961,0.0,0.0,35,0.7595,
0,108,-929,0.0,0.0,35,0.7595,
0,109,-877,0.0,0.0,35,0.7595,
0,110,-753,0.0,0.0,35,0.7595,
0,106,-1409,0.0,0.0,10,0.3399,
0,107,-1300,0.0,0.0,10,0.3334,
0,108,-1260,0.0,0.0,10,0.3334,
0,109,-1184,0.0,0.0,10,0.3334,
0,110,-1046,0.0,0.0,10,0.3334,
0,106,-1099,0.0,0.0,-6,0.0046,
0,107,-1115,0.0,0.0,-6,0.0046,
0,108,-1097,0.0,0.0,-6,0.0011,
0,109,-1037,0.0,0.0,-6,0.0011,
0,110,-1509,0.0,0.0,-6,0.0011,
0,106,-1786,0.0,0.0,-1,0.1276,
0,107,-1802,0.0,0.0,-1,0.1126,
0,108,-1676,0.0,0.0,-1,0.1145,
0,109,-1625,0.0,0.0,-1,0.1145,
0,110,-1598,0.0,0.0,-1,0.1145,
0,106,-986,0.0,0.0,17,0.605,
0,107,-858,0.0,0.0,17,0.605,
0,108,-1370,0.0,0.0,17,0.605,
0,109,-1382,0.0,0.0,17,0.605,
0,110,-1402,0.0,0.0,17,0.605,
0,106,-1454,0.0,0.0,11,0.6172,
0,107,-1456,0.0,0.0,12,0.6155,
0,108,-1426,0.0,0.0,12,0.6155,
0,109,-1366,0.0,0.0,12,0.6155,
0,110,-1246,0.0,0.0,12,0.6155,
0,106,-1668,0.0,0.0,-14,-0.0135,
0,107,-1686,0.0,0.0,-14,-0.0164,
0,108,-1704,0.0,0.0,-14,-0.0137,
0,109,-1733,0.0,0.0,-14,-0.0086,
0,110,-1754,0.0,0.0,-14,-0.0094,
1,106,-1242,0.0,0.0,0,0.4554,
1,107,-1242,0.0,0.0,0,0.4554,
1,108,-1242,0.0,0.0,0,0.4554,
1,109,-1242,0.0,0.0,0,0.4554,
1,110,-1242,0.0,0.0,0,0.4554,
0,106,-1401,0.0,0.0,-3,0.2617,
0,107,-1417,0.0,0.0,-3,0.2617,
0,108,-1421,0.0,0.0,-2,0.2425,
0,109,-1430,0.0,0.0,-1,0.2333,
0,110,-1439,0.0,0.0,1,0.2374,
0,106,-591,0.0,0.0,21,0.6323,
0,107,-482,0.0,0.0,21,0.6323,
0,108,-450,0.0,0.0,21,0.6323,
0,109,-382,0.0,0.0,21,0.6323,
0,110,-238,0.0,0.0,21,0.6323,
0,106,-1826,0.0,0.0,-17,-0.0584,
0,107,-1842,0.0,0.0,-16,-0.0715,
0,108,-1818,0.0,0.0,-16,-0.0715,
0,109,-1766,0.0,0.0,-16,-0.0715,
0,110,-1630,0.0,0.0,-16,-0.0715,
0,106,-1440,0.0,0.0,-2,0.1179,
0,107,-1348,0.0,0.0,-2,0.1179,
0,108,-1440,0.0,0.0,-2,0.1179,
0,109,-1484,0.0,0.0,-2,0.1179,
0,110,-1340,0.0,0.0,-2,0.1179,
0,106,-1551,0.0,0.0,19,0.4789,
0,107,-1561,0.0,0.0,21,0.5029,
0,108,-1586,0.0,0.0,25,0.5223,
0,109,-1609,0.0,0.0,27,0.5273,
0,110,-1635,0.0,0.0,27,0.5273,
0,106,-1703,0.0,0.0,14,0.5174,
0,107,-1711,0.0,0.0,15,0.5043,
0,108,-1814,0.0,0.0,15,0.4945,
0,109,-1742,0.0,0.0,15,0.4881,
0,110,-1704,0.0,0.0,15,0.4881,
1,106,-2015,0.0,0.0,-1,0.4415,
1,107,-2015,0.0,0.0,-1,0.4415,
1,108,-1999,0.0,0.0,-1,0.4415,
1,109,-1935,0.0,0.0,-1,0.4415,
1,110,-1410,0.0,0.0,-1,0.4415,
0,106,-1312,0.0,0.0,10,0.4396,
0,107,-1446,0.0,0.0,10,0.4396,
0,108,-1483,0.0,0.0,10,0.4423,
0,109,-1520,0.0,0.0,10,0.4556,
0,110,-1555,0.0,0.0,10,0.4823,
1,106,-1612,0.0,0.0,3,0.408,
1,107,-1517,0.0,0.0,3,0.4127,
1,108,-1425,0.0,0.0,3,0.4127,
1,109,-953,0.0,0.0,3,0.4127,
1,110,-969,0.0,0.0,3,0.4127,
1,106,-546,0.0,0.0,9,0.5684,
1,107,-546,0.0,0.0,9,0.5684,
1,108,-547,0.0,0.0,9,0.5664,
1,109,-564,0.0,0.0,15,0.5881,
1,110,-1165,0.0,0.0,17,0.5956,
0,106,-1213,0.0,0.0,6,0.2412,
0,107,-1089,0.0,0.0,6,0.2412,
0,108,-1041,0.0,0.0,6,0.2412,
0,109,-965,0.0,0.0,6,0.2412,
0,110,-829,0.0,0.0,6,0.2412,
1,106,-1984,0.0,0.0,15,0.7688,
1,107,-1984,0.0,0.0,15,0.7688,
1,108,-1968,0.0,0.0,15,0.7688,
1,109,-1904,0.0,0.0,15,0.7688,
1,110,-1388,0.0,0.0,15,0.7688,
0,106,-622,0.0,0.0,23,0.5741,
0,107,-505,0.0,0.0,23,0.5741,
0,108,-536,0.0,0.0,23,0.5741,
0,109,-673,0.0,0.0,26,0.586,
0,110,-711,0.0,0.0,26,0.586,
0,106,-1189,0.0,0.0,10,0.2871,
0,107,-1065,0.0,0.0,10,0.2751,
0,108,-1065,0.0,0.0,10,0.2751,
0,109,-1064,0.0,0.0,13,0.2715,
0,110,-1061,0.0,0.0,13,0.2747,
1,106,-1423,0.0,0.0,-20,0.0948,
1,107,-1423,0.0,0.0,-20,0.0948,
1,108,-1423,0.0,0.0,-20,0.0948,
1,109,-1423,0.0,0.0,-20,0.0948,
1,110,-1423,0.0,0.0,-20,0.1293,
0,106,-1814,0.0,0.0,-16,-0.0621,
0,107,-1690,0.0,0.0,-16,-0.0659,
0,108,-1650,0.0,0.0,-16,-0.0659,
0,109,-1582,0.0,0.0,-16,-0.0659,
0,110,-1430,0.0,0.0,-16,-0.0659,
0,106,-984,0.0,0.0,12,0.0335,
0,107,-884,0.0,0.0,12,0.0335,
0,108,-952,0.0,0.0,12,0.0335,
0,109,-898,0.0,0.0,12,0.0335,
0,110,-848,0.0,0.0,12,0.0335,
0,106,-977,0.0,0.0,-1,0.127,
0,107,-985,0.0,0.0,-1,0.127,
0,108,-1101,0.0,0.0,-1,0.121,
0,109,-1129,0.0,0.0,-1,0.1247,
0,110,-1137,0.0,0.0,-1,0.1513,
0,106,-1321,0.0,0.0,-14,0.1154,
0,107,-1337,0.0,0.0,-13,0.1023,
0,108,-1469,0.0,0.0,-13,0.1035,
0,109,-1493,0.0,0.0,-13,0.1138,
0,110,-1517,0.0,0.0,-13,0.1275,
1,106,-611,0.0,0.0,26,0.8264,
1,107,-611,0.0,0.0,26,0.8264,
1,108,-611,0.0,0.0,26,0.8264,
1,109,-615,0.0,0.0,26,0.8264,
1,110,-619,0.0,0.0,26,0.8264,
1,106,-1748,0.0,0.0,33,0.9085,
1,107,-1769,0.0,0.0,33,0.9085,
1,108,-1782,0.0,0.0,33,0.9085,
1,109,-1252,0.0,0.0,33,0.9085,
1,110,-1252,0.0,0.0,33,0.9085,
0,106,-334,0.0,0.0,22,0.5714,
0,107,-343,0.0,0.0,22,0.5714,
0,108,-352,0.0,0.0,22,0.5741,
0,109,-361,0.0,0.0,22,0.5874,
0,110,-378,0.0,0.0,22,0.6141,
1,106,-1291,0.0,0.0,4,0.333,
1,107,-1291,0.0,0.0,4,0.333,
1,108,-1404,0.0,0.0,4,0.333,
1,109,-1404,0.0,0.0,4,0.333,
1,110,-1404,0.0,0.0,4,0.333,
0,106,-1466,0.0,0.0,-1,0.398,
0,107,-1378,0.0,0.0,-1,0.398,
0,108,-1374,0.0,0.0,-1,0.398,
0,109,-1342,0.0,0.0,-1,0.398,
0,110,-1234,0.0,0.0,-1,0.398,
0,106,-2316,0.0,-20.0,-39,-0.2629,
0,107,-2224,0.0,-21.6,-39,-0.2629,
0,108,-2208,0.0,-23.2,-39,-0.2629,
0,109,-2164,0.0,-24.8,-39,-0.2629,
0,110,-2028,0.0,-26.4,-39,-0.2629,
0,106,-109,0.0,0.0,33,0.817,
0,107,-130,0.0,0.0,33,0.817,
0,108,-151,0.0,0.0,33,0.817,
0,109,-168,0.0,0.0,33,0.817,
0,110,-172,0.0,0.0,33,0.817,
1,106,-991,0.0,0.0,15,0.5664,
1,107,-991,0.0,0.0,15,0.5664,
1,108,-991,0.0,0.0,15,0.5664,
1,109,-991,0.0,0.0,15,0.5664,
1,110,-1099,0.0,0.0,15,0.5664,
0,106,-1589,0.0,0.0,28,0.6169,
0,107,-1606,0.0,0.0,28,0.6169,
0,108,-1621,0.0,0.0,28,0.6095,
0,109,-1745,0.0,0.0,32,0.6228,
0,110,-1612,0.0,0.0,32,0.6285,
0,106,-2057,0.0,0.0,15,0.4378,
0,107,-1962,0.0,0.0,15,0.4336,
0,108,-1930,0.0,0.0,15,0.4336,
0,109,-1870,0.0,0.0,15,0.4336,
0,110,-1734,0.0,0.0,15,0.4336,
0,106,-1531,0.0,0.0,-16,-0.0115,
0,107,-1562,0.0,0.0,-14,-0.0081,
0,108,-1598,0.0,0.0,-14,-0.007,
0,109,-1634,0.0,0.0,-14,0.0033,
0,110,-1598,0.0,0.0,-14,0.025,
1,106,-2074,0.0,0.0,11,0.6275,
1,107,-1586,0.0,0.0,11,0.6275,
1,108,-1602,0.0,0.0,11,0.6275,
1,109,-1618,0.0,0.0,11,0.6275,
1,110,-1634,0.0,0.0,11,0.6275,
0,106,-565,7.2,0.0,9,0.5026,
0,107,-696,7.4,0.0,9,0.5026,
0,108,-706,8.6,0.0,9,0.5026,
0,109,-712,10.6,0.0,10,0.5014,
0,110,-786,17.4,0.0,10,0.5003,
0,106,-778,0.0,0.0,-4,0.2132,
0,107,-1317,0.0,0.0,-5,0.2097,
0,108,-1356,0.0,0.0,-5,0.202,
0,109,-1395,0.0,0.0,-6,0.1801,
0,110,-1418,0.0,0.0,-6,0.1801,
0,106,-1353,0.0,0.0,-4,0.1593,
0,107,-1369,0.0,0.0,-4,0.1593,
0,108,-1237,0.0,0.0,-4,0.1605,
0,109,-1177,0.0,0.0,-4,0.1605,
0,110,-1153,0.0,0.0,-4,0.1605,
0,106,755,0.0,0.0,17,0.5237,
0,107,607,0.0,0.0,17,0.5347,
0,108,595,0.0,0.0,17,0.5347,
0,109,595,0.0,0.0,17,0.5347,
0,110,495,0.0,0.0,17,0.5347,
0,106,-1600,0.0,0.0,5,0.3979,
0,107,-1608,0.0,0.0,5,0.3979,
0,108,-1468,0.0,0.0,5,0.3966,
0,109,-1408,0.0,0.0,5,0.3966,
0,110,-1372,0.0,0.0,5,0.3966,
0,106,-1729,0.0,0.0,-11,-0.0542,
0,107,-1849,0.0,0.0,-11,-0.0662,
0,108,-1913,0.0,0.0,-11,-0.0662,
0,109,-1849,0.0,0.0,-11,-0.0662,
0,110,-1887,0.0,0.0,-11,-0.0662,
0,106,-1736,0.0,0.0,-7,0.005,
0,107,-1636,0.0,0.0,-7,-0.002,
0,108,-1612,0.0,0.0,-7,-0.002,
0,109,-1568,0.0,0.0,-7,-0.002,
0,110,-1608,0.0,0.0,-7,-0.002,
0,106,-876,0.0,0.0,2,0.5384,
0,107,-876,0.0,0.0,2,0.5384,
0,108,-763,0.0,0.0,2,0.5384,
0,109,-767,0.0,0.0,2,0.5384,
0,110,-763,0.0,0.0,2,0.5384,
1,106,-1263,0.0,0.0,10,0.3221,
1,107,-1263,0.0,0.0,10,0.3221,
1,108,-1263,0.0,0.0,10,0.3221,
1,109,-1263,0.0,0.0,10,0.3221,
1,110,-1275,0.0,0.0,10,0.3221,
0,106,-2216,0.0,-17.6,4,0.2774,
0,107,-2100,0.0,-17.6,4,0.2774,
0,108,-2060,0.0,-17.6,4,0.2774,
0,109,-1992,0.0,-17.6,4,0.2774,
0,110,-1848,0.0,-17.6,4,0.2774,
0,106,-902,0.0,0.0,-4,0.1698,
0,107,-1038,0.0,0.0,-4,0.1698,
0,108,-1064,0.0,0.0,-4,0.1709,
0,109,-914,0.0,0.0,-4,0.1812,
0,110,-876,0.0,0.0,-4,0.1812,
1,106,-1540,0.0,0.0,27,0.7551,
1,107,-1551,0.0,0.0,27,0.7551,
1,108,-1562,0.0,0.0,27,0.7551,
1,109,-1565,0.0,0.0,27,0.7551,
1,110,-1568,0.0,0.0,27,0.8145,
0,106,-434,0.0,0.0,12,0.3614,
0,107,-334,0.0,0.0,12,0.3545,
0,108,-408,0.0,0.0,12,0.3545,
0,109,-354,0.0,0.0,12,0.3545,
0,110,-232,0.0,0.0,12,0.3545,
1,106,-1510,0.0,0.0,0,0.4783,
1,107,-1526,0.0,0.0,0,0.4783,
1,108,-1558,0.0,0.0,0,0.4783,
1,109,-1598,0.0,0.0,0,0.4783,
1,110,-1630,0.0,0.0,0,0.4783,
0,106,-41,0.0,0.0,16,0.7709,
0,107,70,0.0,0.0,16,0.7709,
0,108,62,0.0,0.0,16,0.7709,
0,109,54,0.0,0.0,16,0.7709,
0,110,46,0.0,0.0,16,0.7709,
1,106,-1295,0.0,0.0,3,0.5106,
1,107,-1295,0.0,0.0,3,0.5106,
1,108,-1295,0.0,0.0,3,0.5106,
1,109,-1295,0.0,0.0,3,0.5106,
1,110,-1295,0.0,0.0,3,0.5106,
0,106,-974,0.0,0.0,17,0.5061,
0,107,-981,0.0,0.0,18,0.5301,
0,108,-980,0.0,0.0,20,0.5485,
0,109,-988,0.0,0.0,22,0.5553,
0,110,-1004,0.0,0.0,22,0.5553,
0,106,-472,0.0,0.0,18,0.5688,
0,107,-488,0.0,0.0,19,0.5736,
0,108,-604,0.0,0.0,21,0.575,
0,109,-619,0.0,0.0,23,0.5678,
0,110,-727,0.0,0.0,23,0.5678,
0,106,-1061,0.0,0.0,4,0.3045,
0,107,-1077,0.0,0.0,7,0.3285,
0,108,-1190,0.0,0.0,10,0.344,
0,109,-1197,0.0,0.0,11,0.3515,
0,110,-1197,0.0,0.0,11,0.3515,
0,106,-862,0.0,0.0,-4,0.5622,
0,107,-871,0.0,0.0,-4,0.5622,
0,108,-774,0.0,0.0,-4,0.5622,
0,109,-785,0.0,0.0,-4,0.5622,
0,110,-807,0.0,0.0,-4,0.5622,
0,106,-1567,0.0,0.0,7,0.2339,
0,107,-1459,0.0,0.0,7,0.2339,
0,108,-1427,0.0,0.0,7,0.2339,
0,109,-1451,0.0,0.0,7,0.2339,
0,110,-1491,0.0,0.0,7,0.2565,
1,106,-1700,0.0,0.0,-2,0.4716,
1,107,-1698,0.0,0.0,2,0.5299,
1,108,-1698,0.0,0.0,2,0.5299,
1,109,-1698,0.0,0.0,2,0.5299,
1,110,-1698,0.0,0.0,2,0.5299,
0,106,663,33.8,0.0,19,0.8278,
0,107,637,32.8,0.0,19,0.8278,
0,108,612,31.8,0.0,19,0.8278,
0,109,600,30.8,0.0,19,0.8303,
0,110,592,30.8,0.0,19,0.8303,
1,106,-1188,0.0,0.0,12,0.4599,
1,107,-1188,0.0,0.0,12,0.4599,
1,108,-1188,0.0,0.0,12,0.4599,
1,109,-1188,0.0,0.0,12,0.4599,
1,110,-1188,0.0,0.0,12,0.4599,
0,106,-1880,0.0,0.0,-8,-0.0691,
0,107,-1792,0.0,0.0,-8,-0.0691,
0,108,-1788,0.0,0.0,-8,-0.0691,
0,109,-1835,0.0,0.0,-8,-0.0691,
0,110,-1691,0.0,0.0,-8,-0.0691,
0,106,-657,0.0,0.0,-2,-0.063,
0,107,-670,0.0,0.0,-2,-0.063,
0,108,-691,0.0,0.0,-2,-0.0643,
0,109,-715,0.0,0.0,-2,-0.0559,
0,110,-733,0.0,0.0,-2,-0.0378,
0,106,-234,0.0,0.0,11,0.2317,
0,107,-117,0.0,0.0,11,0.2317,
0,108,-112,0.0,0.0,11,0.2317,
0,109,-72,0.0,0.0,11,0.2317,
0,110,52,0.0,0.0,11,0.2317,
1,106,-2089,0.0,0.0,11,0.8218,
1,107,-1571,0.0,0.0,11,0.8218,
1,108,-1579,0.0,0.0,11,0.8218,
1,109,-1587,0.0,0.0,11,0.8218,
1,110,-1595,0.0,0.0,11,0.8218,
1,106,-1508,0.0,0.0,8,0.2756,
1,107,-1508,0.0,0.0,8,0.2756,
1,108,-1508,0.0,0.0,8,0.2756,
1,109,-1507,0.0,0.0,8,0.273,
1,110,-1507,0.0,0.0,8,0.273,
0,106,-1453,0.0,0.0,0,0.396,
0,107,-1477,0.0,0.0,0,0.396,
0,108,-1493,0.0,0.0,0,0.3803,
0,109,-1525,0.0,0.0,0,0.363,
0,110,-1557,0.0,0.0,2,0.363,
0,106,-1051,0.0,0.0,17,0.3448,
0,107,-998,0.0,0.0,17,0.3448,
0,108,-878,0.0,0.0,17,0.3448,
0,109,-892,0.0,0.0,17,0.3448,
0,110,-906,0.0,0.0,17,0.3448,
1,106,-1985,0.0,0.0,10,0.7398,
1,107,-1996,0.0,0.0,13,0.7687,
1,108,-1485,0.0,0.0,14,0.7792,
1,109,-1501,0.0,0.0,14,0.7792,
1,110,-1517,0.0,0.0,14,0.7792,
0,106,-1664,0.0,-43.2,0,0.1453,
0,107,-1548,0.0,-43.2,0,0.1453,
0,108,-1500,0.0,-43.2,0,0.1453,
0,109,-1540,0.0,-43.2,0,0.1453,
0,110,-1404,0.0,-43.2,0,0.1453,
0,106,-962,0.0,0.0,-1,0.3973,
0,107,-846,0.0,0.0,-1,0.3973,
0,108,-809,0.0,0.0,-1,0.3973,
0,109,-751,0.0,0.0,-1,0.3973,
0,110,-614,0.0,0.0,-1,0.3973,
0,106,-1508,0.0,0.0,-1,0.1157,
0,107,-1424,0.0,0.0,-1,0.1157,
0,108,-1416,0.0,0.0,-1,0.1157,
0,109,-1480,0.0,0.0,-1,0.1157,
0,110,-1496,0.0,0.0,-1,0.1141,
0,106,-1006,0.0,0.0,31,0.8405,
0,107,-863,0.0,0.0,31,0.8405,
0,108,-868,0.0,0.0,31,0.8405,
0,109,-881,0.0,0.0,31,0.8405,
0,110,-894,0.0,0.0,31,0.8405,
0,106,-2115,0.0,0.0,-9,0.1857,
0,107,-1999,0.0,0.0,-9,0.1809,
0,108,-2065,0.0,0.0,-9,0.1809,
0,109,-2005,0.0,0.0,-9,0.1809,
0,110,-1869,0.0,0.0,-9,0.1809,
1,106,-710,0.0,0.0,-4,0.4148,
1,107,-710,0.0,0.0,-4,0.4148,
1,108,-710,0.0,0.0,-4,0.4148,
1,109,-718,0.0,0.0,-4,0.4148,
1,110,-726,0.0,0.0,-4,0.4148,
0,106,-1677,0.0,0.0,-13,0.0486,
0,107,-1723,0.0,0.0,-13,0.0294,
0,108,-1621,0.0,0.0,-13,0.032,
0,109,-1585,0.0,0.0,-13,0.032,
0,110,-1565,0.0,0.0,-13,0.032,
0,106,-1746,0.0,0.0,1,-0.0139,
0,107,-1663,0.0,0.0,3,-0.0109,
0,108,-1656,0.0,0.0,3,-0.0109,
0,109,-1621,0.0,0.0,3,-0.0109,
0,110,-1510,0.0,0.0,3,-0.0109,
1,106,-1887,0.0,0.0,3,0.4994,
1,107,-1899,0.0,0.0,3,0.4994,
1,108,-1899,0.0,0.0,3,0.4994,
1,109,-1898,0.0,0.0,3,0.5031,
1,110,-1795,0.0,0.0,3,0.5056,
0,106,-1569,0.0,0.0,-2,0.0092,
0,107,-1489,0.0,0.0,-2,0.0092,
0,108,-1485,0.0,0.0,-2,0.0092,
0,109,-1461,0.0,0.0,-2,0.0092,
0,110,-1505,0.0,0.0,-2,0.0092,
0,106,163,16.8,0.0,20,0.6148,
0,107,165,17.2,0.0,20,0.6148,
0,108,182,18.2,0.0,20,0.6148,
0,109,190,19.8,0.0,20,0.6148,
0,110,208,26.2,0.0,22,0.6104,
0,106,-119,0.0,0.0,10,0.61,
0,107,-136,0.0,0.0,17,0.6164,
0,108,-150,0.0,0.0,18,0.6188,
0,109,-166,0.0,0.0,18,0.6144,
0,110,-678,0.0,0.0,18,0.6144,
0,106,-90,32.4,0.0,13,0.5105,
0,107,-87,33.0,0.0,13,0.5105,
0,108,-191,33.0,0.0,13,0.5105,
0,109,-197,33.0,0.0,14,0.5165,
0,110,-202,33.0,0.0,14,0.5192,
0,106,-1085,0.0,0.0,6,0.3812,
0,107,-1225,0.0,0.0,6,0.3681,
0,108,-1249,0.0,0.0,6,0.3702,
0,109,-1276,0.0,0.0,6,0.3815,
0,110,-1142,0.0,0.0,8,0.3947,
0,106,-2266,0.0,0.0,3,0.353,
0,107,-2158,0.0,0.0,3,0.353,
0,108,-2118,0.0,0.0,3,0.353,
0,109,-2050,0.0,0.0,3,0.353,
0,110,-1906,0.0,-1.2,3,0.353,
0,106,-1476,0.0,0.0,14,0.5743,
0,107,-1381,0.0,0.0,14,0.5706,
0,108,-1355,0.0,0.0,14,0.5706,
0,109,-1417,0.0,0.0,14,0.5706,
0,110,-1287,0.0,0.0,14,0.5706,
0,106,-833,0.0,0.0,14,0.2517,
0,107,-849,0.0,0.0,14,0.2517,
0,108,-706,0.0,0.0,14,0.2497,
0,109,-760,0.0,0.0,14,0.2497,
0,110,-1224,0.0,0.0,14,0.2497,
0,106,-1256,0.0,0.0,-9,0.1902,
0,107,-1272,0.0,0.0,-9,0.1902,
0,108,-1288,0.0,0.0,-7,0.1833,
0,109,-1320,0.0,0.0,-5,0.1936,
0,110,-1447,0.0,0.0,-5,0.2079,
0,106,-1845,0.0,-16.8,24,0.725,
0,107,-1863,0.0,-20.0,24,0.725,
0,108,-1878,0.0,-23.2,25,0.7205,
0,109,-1908,0.0,-26.4,25,0.7274,
0,110,-1771,0.0,-26.4,27,0.743,
1,106,-560,0.0,0.0,8,0.1711,
1,107,-579,0.0,0.0,8,0.1599,
1,108,-599,0.0,0.0,8,0.1507,
1,109,-494,0.0,0.0,9,0.1407,
1,110,-490,0.0,0.0,9,0.1407,
0,106,-1737,0.0,0.0,1,0.4576,
0,107,-1651,0.0,0.0,1,0.4576,
0,108,-1633,0.0,0.0,1,0.4576,
0,109,-1587,0.0,0.0,1,0.4576,
0,110,-1617,0.0,0.0,1,0.4576,
0,106,-1469,0.0,0.0,11,0.3076,
0,107,-1353,0.0,0.0,11,0.2966,
0,108,-1305,0.0,0.0,11,0.2966,
0,109,-1229,0.0,0.0,11,0.2966,
0,110,-1185,0.0,0.0,11,0.2966,
0,106,-1684,0.0,0.0,1,0.3811,
0,107,-1620,0.0,0.0,1,0.3774,
0,108,-1624,0.0,0.0,1,0.3774,
0,109,-1692,0.0,0.0,1,0.3774,
0,110,-1672,0.0,0.0,1,0.3774,
0,106,-1529,0.0,0.0,-5,0.1829,
0,107,-1545,0.0,0.0,-5,0.1799,
0,108,-1661,0.0,0.0,-5,0.1826,
0,109,-1493,0.0,0.0,-5,0.1959,
0,110,-1449,0.0,0.0,-5,0.1959,
0,106,-1736,0.0,0.0,-3,0.159,
0,107,-1632,0.0,0.0,-3,0.159,
0,108,-1720,0.0,0.0,-3,0.159,
0,109,-1680,0.0,0.0,-3,0.159,
0,110,-1564,0.0,0.0,-3,0.159,
0,106,-1468,0.0,0.0,1,0.192,
0,107,-1584,0.0,0.0,1,0.192,
0,108,-1556,0.0,0.0,1,0.192,
0,109,-1500,0.0,0.0,1,0.192,
0,110,-1368,0.0,0.0,1,0.192,
0,106,-1761,0.0,0.0,-2,0.4328,
0,107,-1793,0.0,0.0,-2,0.429,
0,108,-1815,0.0,0.0,0,0.4288,
0,109,-1760,0.0,0.0,0,0.4357,
0,110,-1732,0.0,0.0,0,0.4357,
0,106,-1420,0.0,0.0,-4,0.0163,
0,107,-1312,0.0,0.0,-4,0.0163,
0,108,-1280,0.0,0.0,-4,0.0163,
0,109,-1220,0.0,0.0,-4,0.0163,
0,110,-1084,0.0,0.0,-4,0.0163,
0,106,-1517,0.0,0.0,13,0.5668,
0,107,-1417,0.0,0.0,13,0.5668,
0,108,-1401,0.0,0.0,13,0.5668,
0,109,-1433,0.0,0.0,13,0.5668,
0,110,-1553,0.0,0.0,15,0.5885,
0,106,-622,0.0,0.0,9,0.3681,
0,107,-630,0.0,0.0,9,0.3681,
0,108,-650,0.0,0.0,9,0.3707,
0,109,-662,0.0,0.0,11,0.3841,
0,110,-660,0.0,0.0,11,0.4072,
0,106,-1612,0.0,0.0,-13,0.1914,
0,107,-1631,0.0,0.0,-13,0.1914,
0,108,-1604,0.0,0.0,-13,0.1914,
0,109,-1549,0.0,0.0,-13,0.1914,
0,110,-1426,0.0,0.0,-13,0.1914,
0,106,-1088,0.0,0.0,-16,0.2494,
0,107,-1108,0.0,0.0,-16,0.2494,
0,108,-988,0.0,0.0,-16,0.2398,
0,109,-996,0.0,0.0,-16,0.2398,
0,110,-1044,0.0,0.0,-15,0.2446,
0,106,-1862,0.0,0.0,-20,0.1429,
0,107,-1746,0.0,0.0,-20,0.1318,
0,108,-1746,0.0,0.0,-20,0.1318,
0,109,-1746,0.0,0.0,-20,0.1286,
0,110,-1870,0.0,0.0,-18,0.1334,
0,106,-315,0.0,0.0,3,0.2519,
0,107,-315,0.0,0.0,3,0.2519,
0,108,-427,0.0,0.0,3,0.2519,
0,109,-415,0.0,0.0,3,0.2519,
0,110,-403,0.0,0.0,3,0.2519,
0,106,-920,0.0,0.0,22,0.415,
0,107,-812,0.0,0.0,22,0.415,
0,108,-824,0.0,0.0,22,0.415,
0,109,-836,0.0,0.0,22,0.415,
0,110,-848,0.0,0.0,22,0.415,
0,106,-322,0.0,0.0,-10,-0.1078,
0,107,-453,0.0,0.0,-10,-0.1078,
0,108,-684,0.0,0.0,-10,-0.1098,
0,109,-699,0.0,0.0,-10,-0.1011,
0,110,-730,0.0,0.0,-10,-0.0791,
0,106,-680,0.0,0.0,9,0.3232,
0,107,-708,0.0,0.0,9,0.3116,
0,108,-1099,0.0,0.0,11,0.303,
0,109,-1149,0.0,0.0,11,0.303,
0,110,-1119,0.0,0.0,11,0.303,
0,106,-1557,0.0,0.0,1,0.3861,
0,107,-1448,0.0,0.0,1,0.3861,
0,108,-1415,0.0,0.0,1,0.3861,
0,109,-1370,0.0,0.0,1,0.3861,
0,110,-1340,0.0,0.0,1,0.3861,
0,106,-314,10.8,0.0,17,0.4767,
0,107,-320,11.2,0.0,17,0.4767,
0,108,-418,12.4,0.0,17,0.4767,
0,109,-405,14.2,0.0,17,0.4767,
0,110,-384,20.8,0.0,17,0.4767,
0,106,-1867,0.0,0.0,11,0.2324,
0,107,-1771,0.0,0.0,11,0.2198,
0,108,-1735,0.0,0.0,11,0.2198,
0,109,-1677,0.0,0.0,11,0.2198,
0,110,-1543,0.0,0.0,11,0.2198,
0,106,-1351,0.0,0.0,-11,0.118,
0,107,-1493,0.0,0.0,-11,0.118,
0,108,-1539,0.0,0.0,-11,0.0924,
0,109,-1575,0.0,0.0,-10,0.0886,
0,110,-1718,0.0,0.0,-4,0.0954,
0,106,-1810,0.0,0.0,-17,0.095,
0,107,-1822,0.0,0.0,-17,0.095,
0,108,-1838,0.0,0.0,-17,0.0882,
0,109,-1862,0.0,0.0,-16,0.0905,
0,110,-1877,0.0,0.0,-14,0.0974,
1,106,-1180,0.0,0.0,1,0.3671,
1,107,-1180,0.0,0.0,1,0.3671,
1,108,-1180,0.0,0.0,1,0.3671,
1,109,-1180,0.0,0.0,1,0.3671,
1,110,-1180,0.0,0.0,1,0.3671,
0,106,-1692,0.0,0.0,-17,0.2476,
0,107,-1716,0.0,0.0,-17,0.2476,
0,108,-1764,0.0,0.0,-17,0.2423,
0,109,-1795,0.0,0.0,-16,0.2475,
0,110,-1809,0.0,0.0,-15,0.2648,
1,106,-1256,0.0,0.0,9,0.3167,
1,107,-1256,0.0,0.0,9,0.3167,
1,108,-1256,0.0,0.0,9,0.3167,
1,109,-1256,0.0,0.0,9,0.3167,
1,110,-1256,0.0,0.0,9,0.3167,
0,106,-833,0.0,0.0,19,0.5685,
0,107,-848,0.0,0.0,20,0.5721,
0,108,-872,0.0,0.0,20,0.5721,
0,109,-880,0.0,0.0,20,0.5721,
0,110,-904,0.0,0.0,20,0.5761,
0,106,-556,0.0,0.0,10,0.3356,
0,107,-572,0.0,0.0,10,0.3356,
0,108,-452,0.0,0.0,12,0.3476,
0,109,-452,0.0,0.0,12,0.3476,
0,110,-452,0.0,0.0,12,0.3476,
1,106,-1212,0.0,0.0,10,0.7889,
1,107,-1224,0.0,0.0,10,0.7889,
1,108,-1236,0.0,0.0,10,0.7889,
1,109,-1248,0.0,0.0,10,0.7889,
1,110,-1260,0.0,0.0,10,0.7889,
1,106,-1545,0.0,0.0,27,0.9336,
1,107,-1545,0.0,0.0,27,0.9336,
1,108,-1545,0.0,0.0,27,0.9336,
1,109,-1548,0.0,0.0,27,0.9336,
1,110,-1551,0.0,0.0,27,0.9336,
0,106,-725,0.0,0.0,24,0.6844,
0,107,-701,0.0,0.0,24,0.6844,
0,108,-701,0.0,0.0,24,0.6844,
0,109,-709,0.0,0.0,24,0.6844,
0,110,-721,0.0,0.0,24,0.6844,
0,106,-704,0.0,0.0,19,0.4176,
0,107,-618,0.0,0.0,19,0.4176,
0,108,-599,0.0,0.0,19,0.4176,
0,109,-618,0.0,0.0,19,0.4176,
0,110,-732,0.0,0.0,19,0.4442,
0,106,-1259,0.0,0.0,-22,-0.0227,
0,107,-1291,0.0,0.0,-22,-0.0227,
0,108,-1175,0.0,0.0,-22,-0.024,
0,109,-1115,0.0,0.0,-22,-0.024,
0,110,-1139,0.0,0.0,-22,-0.024,
0,106,-1489,0.0,0.0,-7,0.0524,
0,107,-1501,0.0,0.0,-7,0.0524,
0,108,-1481,0.0,0.0,-7,0.0524,
0,109,-1425,0.0,0.0,-7,0.0524,
0,110,-1301,0.0,0.0,-7,0.0524,
0,106,635,53.6,0.0,18,0.4749,
0,107,616,54.6,0.0,18,0.4749,
0,108,609,56.4,0.0,18,0.4749,
0,109,608,59.4,0.0,18,0.4709,
0,110,631,67.2,0.0,19,0.4669,
0,106,-1487,0.0,0.0,15,0.3168,
0,107,-1379,0.0,0.0,15,0.3168,
0,108,-1347,0.0,0.0,15,0.3168,
0,109,-1310,0.0,0.0,15,0.3168,
0,110,-1181,0.0,0.0,15,0.3168,
0,106,-1364,0.0,0.0,-3,0.0676,
0,107,-1380,0.0,0.0,-3,0.0676,
0,108,-1396,0.0,0.0,-3,0.0618,
0,109,-1404,0.0,0.0,-2,0.0475,
0,110,-1404,0.0,0.0,-1,0.0526,
0,106,-1982,0.0,0.0,0,0.0531,
0,107,-1960,0.0,0.0,1,0.0451,
0,108,-1912,0.0,0.0,1,0.0451,
0,109,-1836,0.0,0.0,1,0.0451,
0,110,-1684,0.0,0.0,1,0.0451,
0,106,-1213,0.0,0.0,8,0.3984,
0,107,-1201,0.0,0.0,8,0.3984,
0,108,-1161,0.0,0.0,8,0.3984,
0,109,-1085,0.0,0.0,8,0.3984,
0,110,-1095,0.0,0.0,8,0.3984,
0,106,-1755,0.0,0.0,-12,0.1396,
0,107,-1775,0.0,0.0,-12,0.1265,
0,108,-1783,0.0,0.0,-11,0.1189,
0,109,-1788,0.0,0.0,-10,0.1145,
0,110,-1793,0.0,0.0,-9,0.1193,
0,106,-1345,0.0,0.0,11,0.2476,
0,107,-1371,0.0,0.0,11,0.2476,
0,108,-1596,0.0,0.0,11,0.2463,
0,109,-1604,0.0,0.0,11,0.2556,
0,110,-1611,0.0,0.0,11,0.2647,
0,106,-1464,0.0,0.0,-20,0.0604,
0,107,-1372,0.0,0.0,-19,0.0604,
0,108,-1356,0.0,0.0,-19,0.0604,
0,109,-1288,0.0,0.0,-19,0.0604,
0,110,-1152,0.0,0.0,-19,0.0604,
0,106,-1663,0.0,0.0,-10,0.2637,
0,107,-1563,0.0,0.0,-10,0.2637,
0,108,-1545,0.0,0.0,-10,0.2637,
0,109,-1587,0.0,0.0,-10,0.2637,
0,110,-1443,0.0,0.0,-10,0.2637,
1,106,-24,0.0,0.0,7,0.4762,
1,107,-18,0.0,0.0,10,0.5014,
1,108,-20,0.0,0.0,11,0.5218,
1,109,-135,0.0,0.0,13,0.5234,
1,110,-152,0.0,0.0,13,0.5234,
0,106,-123,0.0,0.0,0,0.2939,
0,107,-154,0.0,0.0,3,0.3164,
0,108,-191,0.0,0.0,4,0.3356,
0,109,-230,0.0,0.0,6,0.3404,
0,110,-270,0.0,0.0,6,0.3404,
0,106,-313,0.0,0.0,19,0.5,
0,107,-327,0.0,0.0,19,0.5,
0,108,-333,0.0,0.0,21,0.4904,
0,109,-179,0.0,0.0,24,0.4872,
0,110,-133,0.0,0.0,24,0.4872,
1,106,-2021,0.0,0.0,-15,0.0341,
1,107,-2021,0.0,0.0,-15,0.0341,
1,108,-2005,0.0,0.0,-15,0.0341,
1,109,-1941,0.0,0.0,-15,0.0341,
1,110,-1417,0.0,0.0,-15,0.0341,
0,106,1216,61.0,0.0,47,0.7422,
0,107,1110,61.8,0.0,47,0.7422,
0,108,1121,63.0,0.0,47,0.7422,
0,109,1143,65.2,0.0,47,0.7422,
0,110,1189,72.2,0.0,47,0.7422,
0,106,-746,0.0,0.0,-31,-0.2268,
0,107,-754,0.0,0.0,-32,-0.2305,
0,108,-770,0.0,0.0,-32,-0.2294,
0,109,-786,0.0,0.0,-32,-0.2191,
0,110,-809,0.0,0.0,-30,-0.1979,
1,106,-1160,0.0,0.0,8,0.5281,
1,107,-1168,0.0,0.0,8,0.5281,
1,108,-1168,0.0,0.0,8,0.5281,
1,109,-1180,0.0,0.0,8,0.5281,
1,110,-1192,0.0,0.0,8,0.5281,
0,106,-498,0.0,0.0,1,0.2047,
0,107,-366,0.0,0.0,1,0.2047,
0,108,-366,0.0,0.0,1,0.2047,
0,109,-374,0.0,0.0,1,0.2047,
0,110,-476,0.0,0.0,1,0.2047,
0,106,-1516,0.0,0.0,-1,0.3003,
0,107,-1400,0.0,0.0,-1,0.3003,
0,108,-1360,0.0,0.0,-1,0.3003,
0,109,-1300,0.0,0.0,-1,0.3003,
0,110,-1166,0.0,0.0,-1,0.3003,
0,106,-1532,0.0,0.0,-4,0.1334,
0,107,-1532,0.0,0.0,-4,0.1334,
0,108,-1532,0.0,0.0,-4,0.1345,
0,109,-1540,0.0,0.0,-4,0.1448,
0,110,-1548,0.0,0.0,-4,0.1585,
0,106,-1397,0.0,0.0,9,0.2801,
0,107,-1415,0.0,0.0,9,0.2801,
0,108,-1407,0.0,0.0,9,0.2801,
0,109,-1371,0.0,0.0,9,0.2801,
0,110,-1411,0.0,0.0,9,0.2801,
1,106,-2076,0.0,0.0,0,0.3263,
1,107,-2082,0.0,0.0,0,0.3263,
1,108,-2072,0.0,0.0,0,0.3263,
1,109,-1546,0.0,0.0,0,0.3263,
1,110,-1552,0.0,0.0,0,0.3263,
1,106,-1240,0.0,0.0,11,0.5381,
1,107,-1245,0.0,0.0,11,0.5381,
1,108,-1250,0.0,0.0,11,0.5381,
1,109,-1255,0.0,0.0,11,0.5381,
1,110,-1255,0.0,0.0,11,0.5381,
1,106,-1503,0.0,0.0,11,0.5575,
1,107,-1503,0.0,0.0,11,0.5575,
1,108,-1503,0.0,0.0,11,0.5575,
1,109,-1511,0.0,0.0,11,0.5575,
1,110,-1519,0.0,0.0,11,0.5575,
0,106,-1298,0.0,0.0,-1,0.1423,
0,107,-1200,0.0,0.0,-1,0.1423,
0,108,-1298,0.0,0.0,-1,0.1423,
0,109,-1444,0.0,0.0,-1,0.1423,
0,110,-1300,0.0,0.0,-1,0.1423,
0,106,-719,0.0,0.0,5,0.2908,
0,107,-851,0.0,0.0,5,0.3081,
0,108,-875,0.0,0.0,5,0.3201,
0,109,-899,0.0,0.0,5,0.3096,
0,110,-923,0.0,0.0,5,0.3096,
0,106,-1886,0.0,-24.2,5,0.2835,
0,107,-1785,0.0,-26.2,5,0.2835,
0,108,-1871,0.0,-28.2,5,0.2835,
0,109,-1829,0.0,-30.2,5,0.2835,
0,110,-1711,0.0,-32.2,5,0.2835,
0,106,-1779,0.0,0.0,1,0.3091,
0,107,-1671,0.0,0.0,1,0.3091,
0,108,-1655,0.0,0.0,1,0.3091,
0,109,-1595,0.0,0.0,1,0.3091,
0,110,-1443,0.0,0.0,1,0.3091,
1,106,-1004,0.0,0.0,18,0.5783,
1,107,-956,0.0,0.0,21,0.5884,
1,108,-912,0.0,0.0,21,0.5884,
1,109,-936,0.0,0.0,21,0.5884,
1,110,-919,0.0,0.0,21,0.5842,
0,106,-1884,0.0,-21.6,-8,0.0858,
0,107,-1924,0.0,-26.4,-8,0.0858,
0,108,-1972,0.0,-31.2,-8,0.0762,
0,109,-2020,0.0,-36.0,-7,0.073,
0,110,-2168,0.0,-40.8,-4,0.0778,
1,106,-1424,0.0,0.0,-16,0.0715,
1,107,-1424,0.0,0.0,-16,0.0715,
1,108,-1424,0.0,0.0,-16,0.0715,
1,109,-1424,0.0,0.0,-16,0.0715,
1,110,-1424,0.0,0.0,-16,0.0715,
0,106,-1378,0.0,0.0,0,0.151,
0,107,-1422,0.0,0.0,0,0.148,
0,108,-1558,0.0,0.0,0,0.1412,
0,109,-1574,0.0,0.0,0,0.1435,
0,110,-1590,0.0,0.0,0,0.1572,
1,106,-1391,0.0,0.0,17,0.7974,
1,107,-1391,0.0,0.0,17,0.7974,
1,108,-1391,0.0,0.0,17,0.7974,
1,109,-1391,0.0,0.0,17,0.7974,
1,110,-1391,0.0,0.0,17,0.7974,
0,106,158,55.0,0.0,23,0.5961,
0,107,130,55.0,0.0,23,0.5961,
0,108,102,55.0,0.0,23,0.5961,
0,109,-26,55.0,0.0,23,0.5961,
0,110,-51,55.6,0.0,23,0.6001,
1,106,-1527,0.0,0.0,22,0.7099,
1,107,-1520,0.0,0.0,24,0.7261,
1,108,-1520,0.0,0.0,24,0.7261,
1,109,-1520,0.0,0.0,24,0.7261,
1,110,-1520,0.0,0.0,24,0.7261,
0,106,-1136,0.0,0.0,-18,0.2212,
0,107,-1012,0.0,0.0,-18,0.2212,
0,108,-984,0.0,0.0,-18,0.2212,
0,109,-1032,0.0,0.0,-18,0.2212,
0,110,-1396,0.0,0.0,-18,0.2212,
0,106,-1978,0.0,0.0,-23,0.027,
0,107,-1854,0.0,0.0,-23,0.027,
0,108,-1806,0.0,0.0,-23,0.027,
0,109,-1806,0.0,0.0,-23,0.027,
0,110,-1806,0.0,0.0,-23,0.0537,
0,106,-193,9.0,0.0,16,0.5592,
0,107,-201,9.0,0.0,16,0.5498,
0,108,-209,9.0,0.0,16,0.5498,
0,109,-213,9.0,0.0,16,0.5498,
0,110,-201,9.0,0.0,16,0.5498,
1,106,-1167,0.0,0.0,1,0.4081,
1,107,-1167,0.0,0.0,1,0.4081,
1,108,-1167,0.0,0.0,1,0.4081,
1,109,-1167,0.0,0.0,1,0.4081,
1,110,-1167,0.0,0.0,1,0.4081,
1,106,-1948,0.0,0.0,2,0.6476,
1,107,-1948,0.0,0.0,2,0.6476,
1,108,-1948,0.0,0.0,2,0.6476,
1,109,-1508,0.0,0.0,2,0.6476,
1,110,-1516,0.0,0.0,2,0.6476,
0,106,-1923,0.0,0.0,-13,0.2806,
0,107,-1955,0.0,0.0,-13,0.2806,
0,108,-2083,0.0,0.0,-13,0.271,
0,109,-1931,0.0,0.0,-13,0.2678,
0,110,-2045,0.0,0.0,-13,0.2678,
0,106,-1507,0.0,0.0,-4,0.0933,
0,107,-1523,0.0,0.0,-4,0.0802,
0,108,-1539,0.0,0.0,-4,0.0829,
0,109,-1563,0.0,0.0,-4,0.0962,
0,110,-1442,0.0,0.0,-4,0.1229,
1,106,-1404,0.0,0.0,1,0.5871,
1,107,-1404,0.0,0.0,1,0.5871,
1,108,-1404,0.0,0.0,1,0.5871,
1,109,-1404,0.0,0.0,1,0.5871,
1,110,-1404,0.0,0.0,1,0.5871,
0,106,-1168,0.0,0.0,2,0.3351,
0,107,-1180,0.0,0.0,2,0.3351,
0,108,-1199,0.0,0.0,2,0.3192,
0,109,-1219,0.0,0.0,2,0.316,
0,110,-1087,0.0,0.0,5,0.3208,
0,106,-1667,0.0,0.0,-11,0.3293,
0,107,-1675,0.0,0.0,-11,0.3293,
0,108,-1691,0.0,0.0,-11,0.3319,
0,109,-1707,0.0,0.0,-11,0.3453,
0,110,-1723,0.0,0.0,-11,0.3719,
0,106,-942,0.0,0.0,3,0.1093,
0,107,-1354,0.0,0.0,3,0.1073,
0,108,-1330,0.0,0.0,3,0.1073,
0,109,-1450,0.0,0.0,3,0.1073,
0,110,-1458,0.0,0.0,3,0.129,
0,106,-1204,0.0,0.0,-5,0.3464,
0,107,-1212,0.0,0.0,-5,0.3187,
0,108,-1221,0.0,0.0,-5,0.3087,
0,109,-1230,0.0,0.0,-5,0.3084,
0,110,-1239,0.0,0.0,-4,0.3217,
1,106,-977,0.0,0.0,6,0.4151,
1,107,-830,0.0,0.0,6,0.4151,
1,108,-818,0.0,0.0,6,0.4151,
1,109,-922,0.0,0.0,6,0.4151,
1,110,-926,0.0,0.0,6,0.4151,
1,106,-1560,0.0,0.0,11,0.7182,
1,107,-1568,0.0,0.0,11,0.7182,
1,108,-1568,0.0,0.0,11,0.7182,
1,109,-1568,0.0,0.0,11,0.7182,
1,110,-1568,0.0,0.0,11,0.7182,
0,106,-624,0.0,0.0,8,0.4429,
0,107,-525,0.0,0.0,8,0.4429,
0,108,-1005,0.0,0.0,8,0.4429,
0,109,-1033,0.0,0.0,8,0.4429,
0,110,-1054,0.0,0.0,8,0.4696,
0,106,-1251,0.0,0.0,13,0.6216,
0,107,-1151,0.0,0.0,13,0.6216,
0,108,-1243,0.0,0.0,13,0.6216,
0,109,-1183,0.0,0.0,13,0.6216,
0,110,-1051,0.0,0.0,13,0.6216,
0,106,-1808,0.0,0.0,2,0.5708,
0,107,-1825,0.0,0.0,3,0.5639,
0,108,-1678,0.0,0.0,4,0.566,
0,109,-1603,0.0,0.0,4,0.566,
0,110,-1559,0.0,0.0,4,0.566,
1,106,-1388,0.0,0.0,21,0.9184,
1,107,-1396,0.0,0.0,21,0.9184,
1,108,-1404,0.0,0.0,21,0.9184,
1,109,-1415,0.0,0.0,21,0.9184,
1,110,-1433,0.0,0.0,21,0.9184,
0,106,-1449,0.0,0.0,3,0.3885,
0,107,-1369,0.0,0.0,3,0.3885,
0,108,-1217,0.0,0.0,3,0.3885,
0,109,-1217,0.0,0.0,3,0.3885,
0,110,-1217,0.0,0.0,3,0.3885,
0,106,-1492,0.0,0.0,-4,0.1856,
0,107,-1390,0.0,0.0,-4,0.1856,
0,108,-1396,0.0,0.0,-4,0.1856,
0,109,-1342,0.0,0.0,-4,0.1959,
0,110,-1312,0.0,0.0,-4,0.1959,
0,106,-1647,0.0,0.0,3,0.3268,
0,107,-1555,0.0,0.0,3,0.3268,
0,108,-1523,0.0,0.0,3,0.3268,
0,109,-1455,0.0,0.0,3,0.3268,
0,110,-1435,0.0,0.0,3,0.3268,
0,106,-1032,0.0,0.0,4,0.0892,
0,107,-956,0.0,0.0,4,0.0862,
0,108,-932,0.0,0.0,4,0.0862,
0,109,-864,0.0,0.0,4,0.0862,
0,110,-726,0.0,0.0,4,0.0862,
0,106,-1648,0.0,0.0,1,0.39,
0,107,-1670,0.0,0.0,0,0.3785,
0,108,-1568,0.0,0.0,0,0.3796,
0,109,-1638,0.0,0.0,0,0.3796,
0,110,-1624,0.0,0.0,0,0.3796,
0,106,170,75.4,0.0,28,0.7126,
0,107,176,76.2,0.0,28,0.7181,
0,108,299,78.4,0.0,28,0.7181,
0,109,335,82.2,0.0,28,0.7181,
0,110,387,90.8,0.0,28,0.7181,
0,106,-1257,0.0,0.0,-3,0.0929,
0,107,-1298,0.0,0.0,-3,0.0909,
0,108,-1352,0.0,0.0,-2,0.0893,
0,109,-1405,0.0,0.0,-1,0.0921,
0,110,-1307,0.0,0.0,-1,0.0909,
1,106,-844,0.0,0.0,-1,0.4716,
1,107,-844,0.0,0.0,-1,0.4716,
1,108,-844,0.0,0.0,-1,0.4716,
1,109,-844,0.0,0.0,-1,0.5312,
1,110,-844,0.0,0.0,-1,0.5905,
1,106,-1823,0.0,0.0,-15,0.4781,
1,107,-1823,0.0,0.0,-15,0.4781,
1,108,-1823,0.0,0.0,-15,0.4781,
1,109,-1823,0.0,0.0,-15,0.4781,
1,110,-1823,0.0,0.0,-15,0.4781,
0,106,-870,0.0,0.0,12,0.4362,
0,107,-870,0.0,0.0,15,0.4416,
0,108,-869,0.0,0.0,15,0.4442,
0,109,-882,0.0,0.0,15,0.4352,
0,110,-992,0.0,0.0,15,0.4352,
0,106,-1473,0.0,0.0,-3,0.0423,
0,107,-1357,0.0,0.0,-3,0.0423,
0,108,-1320,0.0,0.0,-3,0.0423,
0,109,-1255,0.0,0.0,-3,0.0423,
0,110,-1114,0.0,0.0,-3,0.0423,
1,106,-1395,0.0,0.0,12,0.6215,
1,107,-1395,0.0,0.0,12,0.6215,
1,108,-1395,0.0,0.0,12,0.6215,
1,109,-1395,0.0,0.0,12,0.6215,
1,110,-1395,0.0,0.0,12,0.6215,
0,106,-1392,0.0,0.0,14,0.5695,
0,107,-1268,0.0,0.0,14,0.5695,
0,108,-1225,0.0,0.0,14,0.5695,
0,109,-1154,0.0,0.0,14,0.5695,
0,110,-1008,0.0,0.0,14,0.5695,
0,106,269,65.8,0.0,15,0.5485,
0,107,224,63.4,0.0,15,0.5485,
0,108,203,63.4,0.0,15,0.5485,
0,109,-41,63.4,0.0,15,0.5495,
0,110,-71,61.0,0.0,16,0.5515,
0,106,-162,0.0,0.0,32,0.8287,
0,107,-178,0.0,0.0,32,0.8287,
0,108,-177,0.0,0.0,32,0.8327,
0,109,-185,0.0,0.0,31,0.8367,
0,110,-306,0.0,0.0,34,0.8377,
0,106,-471,0.0,0.0,1,0.3602,
0,107,-491,0.0,0.0,1,0.3602,
0,108,-467,0.0,0.0,1,0.3613,
0,109,-415,0.0,0.0,1,0.3613,
0,110,-387,0.0,0.0,1,0.3613,
1,106,-2118,0.0,0.0,21,0.8875,
1,107,-2118,0.0,0.0,21,0.8875,
1,108,-2070,0.0,0.0,21,0.8875,
1,109,-1490,0.0,0.0,21,0.8875,
1,110,-1490,0.0,0.0,21,0.8875,
1,106,-1096,0.0,0.0,20,0.7852,
1,107,-1096,0.0,0.0,20,0.7852,
1,108,-1204,0.0,0.0,20,0.7852,
1,109,-1212,0.0,0.0,20,0.7852,
1,110,-1220,0.0,0.0,20,0.7852,
0,106,-748,0.0,0.0,0,0.0922,
0,107,-747,0.0,0.0,4,0.0863,
0,108,-745,0.0,0.0,8,0.0775,
0,109,-769,0.0,0.0,9,0.0711,
0,110,-801,0.0,0.0,9,0.0711,
0,106,-1140,0.0,0.0,9,0.3084,
0,107,-1052,0.0,0.0,9,0.3084,
0,108,-1040,0.0,0.0,9,0.3084,
0,109,-1000,0.0,0.0,9,0.3084,
0,110,-888,0.0,0.0,9,0.3084,
1,106,-1384,0.0,0.0,21,0.8446,
1,107,-1384,0.0,0.0,21,0.8446,
1,108,-1384,0.0,0.0,21,0.8446,
1,109,-1384,0.0,0.0,21,0.8446,
1,110,-1384,0.0,0.0,21,0.8446,
0,106,-1169,0.0,0.0,-11,0.2191,
0,107,-1097,0.0,0.0,-11,0.2191,
0,108,-949,0.0,0.0,-11,0.2191,
0,109,-957,0.0,0.0,-11,0.2191,
0,110,-1075,0.0,0.0,-11,0.2191,
0,106,-1209,0.0,0.0,14,0.5946,
0,107,-1211,0.0,0.0,14,0.5908,
0,108,-1227,0.0,0.0,14,0.5856,
0,109,-1244,0.0,0.0,15,0.5912,
0,110,-1362,0.0,0.0,15,0.6152,
0,106,54,0.0,0.0,11,0.4555,
0,107,48,0.0,0.0,11,0.4555,
0,108,55,0.0,0.0,11,0.4555,
0,109,81,0.0,0.0,12,0.4515,
0,110,19,6.6,0.0,12,0.4515,
0,106,-1080,0.0,0.0,2,0.2246,
0,107,-988,0.0,0.0,2,0.2246,
0,108,-956,0.0,0.0,2,0.2246,
0,109,-1008,0.0,0.0,2,0.2246,
0,110,-880,0.0,0.0,2,0.2246,
0,106,194,0.0,0.0,10,0.4875,
0,107,310,0.0,0.0,10,0.4875,
0,108,294,0.0,0.0,10,0.4875,
0,109,278,0.0,0.0,10,0.4875,
0,110,262,0.0,0.0,10,0.4875,
0,106,-814,0.0,0.0,-3,0.2963,
0,107,-690,0.0,0.0,-3,0.2963,
0,108,-642,0.0,0.0,-3,0.2963,
0,109,-582,0.0,0.0,-3,0.2963,
0,110,-538,0.0,0.0,-3,0.2963,
1,106,-1204,0.0,0.0,-12,0.1518,
1,107,-1204,0.0,0.0,-12,0.1518,
1,108,-1204,0.0,0.0,-12,0.1518,
1,109,-1204,0.0,0.0,-12,0.1518,
1,110,-1204,0.0,0.0,-12,0.1518,
1,106,-1507,0.0,0.0,7,0.6319,
1,107,-1507,0.0,0.0,7,0.6319,
1,108,-1507,0.0,0.0,7,0.6319,
1,109,-1507,0.0,0.0,7,0.6319,
1,110,-1507,0.0,0.0,7,0.6319,
0,106,-1540,0.0,0.0,-7,0.1151,
0,107,-1428,0.0,0.0,-7,0.1151,
0,108,-1392,0.0,0.0,-7,0.1151,
0,109,-1328,0.0,0.0,-7,0.1151,
0,110,-1188,0.0,0.0,-7,0.1151,
0,106,-51,40.0,0.0,19,0.6021,
0,107,-66,40.0,0.0,19,0.6021,
0,108,-71,40.0,0.0,18,0.6061,
0,109,-175,40.0,0.0,17,0.6141,
0,110,-77,40.0,0.0,16,0.6261,
0,106,-1586,0.0,0.0,-9,0.2241,
0,107,-1594,0.0,0.0,-9,0.2203,
0,108,-1626,0.0,0.0,-9,0.2147,
0,109,-1765,0.0,0.0,-9,0.2131,
0,110,-1785,0.0,0.0,-8,0.2077,
1,106,-2120,0.0,0.0,22,0.6873,
1,107,-2120,0.0,0.0,22,0.6873,
1,108,-2120,0.0,0.0,22,0.682,
1,109,-2120,0.0,0.0,22,0.7164,
1,110,-2120,0.0,0.0,25,0.7787,
0,106,-1596,0.0,0.0,-14,-0.0448,
0,107,-1480,0.0,0.0,-14,-0.0448,
0,108,-1548,0.0,0.0,-14,-0.0448,
0,109,-1480,0.0,0.0,-14,-0.0448,
0,110,-1336,0.0,0.0,-14,-0.0448,
0,106,-1470,0.0,0.0,10,0.3743,
0,107,-1482,0.0,0.0,10,0.3743,
0,108,-1482,0.0,0.0,10,0.3689,
0,109,-1482,0.0,0.0,10,0.3743,
0,110,-1482,0.0,0.0,10,0.3929,
1,106,-1785,0.0,0.0,-1,0.5109,
1,107,-1791,0.0,0.0,-1,0.5109,
1,108,-1781,0.0,0.0,-1,0.5109,
1,109,-1275,0.0,0.0,-1,0.5109,
1,110,-1299,0.0,0.0,-1,0.5109,
0,106,-1557,0.0,0.0,-9,-0.0198,
0,107,-1557,0.0,0.0,-9,-0.0198,
0,108,-1561,0.0,0.0,-9,-0.0172,
0,109,-1565,0.0,0.0,-9,-0.0038,
0,110,-1569,0.0,0.0,-9,0.0126,
0,106,-1117,0.0,0.0,-3,0.0429,
0,107,-1013,0.0,0.0,-3,0.0285,
0,108,-979,0.0,0.0,-3,0.0285,
0,109,-917,0.0,0.0,-3,0.0285,
0,110,-787,0.0,0.0,-3,0.0285,
0,106,-466,0.0,0.0,5,0.5181,
0,107,-428,0.0,0.0,5,0.5181,
0,108,-418,0.0,0.0,5,0.5181,
0,109,-436,0.0,0.0,5,0.5181,
0,110,-454,0.0,0.0,5,0.5181,
1,106,-986,0.0,0.0,16,0.6294,
1,107,-998,0.0,0.0,16,0.6294,
1,108,-1105,0.0,0.0,16,0.6294,
1,109,-1105,0.0,0.0,16,0.6294,
1,110,-1105,0.0,0.0,16,0.6294,
0,106,-1714,0.0,0.0,-4,0.2354,
0,107,-1612,0.0,0.0,-4,0.2354,
0,108,-1602,0.0,0.0,-4,0.2354,
0,109,-1556,0.0,0.0,-4,0.2354,
0,110,-1404,0.0,0.0,-4,0.2354,
0,106,-1427,0.0,0.0,10,-0.0476,
0,107,-1330,0.0,0.0,10,-0.0476,
0,108,-1317,0.0,0.0,10,-0.0476,
0,109,-1284,0.0,0.0,10,-0.0476,
0,110,-1161,0.0,0.0,10,-0.0476,
0,106,-340,0.0,0.0,10,0.4143,
0,107,-358,0.0,0.0,10,0.4437,
0,108,-376,0.0,0.0,10,0.4677,
0,109,-394,0.0,0.0,10,0.4757,
0,110,-396,0.0,0.0,10,0.4757,
1,106,-857,0.0,0.0,-8,0.2395,
1,107,-865,0.0,0.0,-8,0.2395,
1,108,-873,0.0,0.0,-8,0.2395,
1,109,-881,0.0,0.0,-8,0.2395,
1,110,-997,0.0,0.0,-8,0.2395,
0,106,-135,10.0,0.0,16,0.5502,
0,107,-144,11.4,0.0,16,0.5502,
0,108,-122,13.4,0.0,16,0.5502,
0,109,-99,15.6,0.0,16,0.5502,
0,110,-52,22.6,0.0,16,0.5502,
0,106,-1938,0.0,0.0,5,0.4936,
0,107,-1945,0.0,0.0,5,0.4805,
0,108,-1912,0.0,0.0,5,0.4805,
0,109,-1850,0.0,0.0,5,0.4805,
0,110,-1698,0.0,0.0,5,0.4805,
0,106,-1566,0.0,0.0,-6,0.1998,
0,107,-1582,0.0,0.0,-6,0.1998,
0,108,-1590,0.0,0.0,-6,0.1939,
0,109,-1598,0.0,0.0,-6,0.1976,
0,110,-1606,0.0,0.0,-6,0.2135,
