numberOfTurns,winType,player_1,player_2,groupLossTurn,groupLostPlayer,groupLostUnitType,combinedStat,winner
150.000000,1,1504,1634,29.000000,0,1,-1,1
150.000000,1,757,1676,31.000000,0,1,-1,1
150.000000,1,1467,1584,39.000000,0,1,-1,1
150.000000,1,1378,309,34.000000,1,1,1,0
150.000000,1,1575,1868,33.000000,1,1,1,1
150.000000,1,1880,1188,47.000000,1,1,1,0
150.000000,1,1819,1657,40.000000,0,1,-1,0
150.000000,1,1793,1170,32.000000,0,1,-1,0
150.000000,1,777,917,31.000000,1,1,1,1
150.000000,1,1606,1424,31.000000,1,1,1,0
150.000000,1,999,1576,29.000000,1,1,1,1
150.000000,1,903,1227,37.000000,0,1,-1,1
150.000000,1,1719,1727,35.000000,0,1,-1,1
150.000000,1,1352,1818,30.000000,1,1,1,1
150.000000,1,1083,293,35.000000,1,1,1,0
150.000000,1,415,955,25.000000,1,1,1,1
150.000000,1,876,1660,51.000000,1,1,1,1
150.000000,1,1828,1056,71.000000,1,1,1,0
150.000000,1,674,1469,41.000000,0,3,-3,1
150.000000,1,604,2139,49.000000,0,1,-1,1
150.000000,1,687,1975,37.000000,0,1,-1,1
150.000000,1,805,640,43.000000,1,2,2,0
150.000000,1,2073,1243,44.000000,1,1,1,0
150.000000,1,1550,1201,18.000000,0,1,-1,0
150.000000,1,892,1348,27.000000,1,1,1,1
150.000000,1,828,887,40.000000,1,3,3,1
150.000000,1,1736,1088,29.000000,0,1,-1,0
150.000000,1,620,870,25.000000,0,1,-1,1
150.000000,1,590,580,50.000000,1,1,1,0
150.000000,1,379,1202,39.000000,0,1,-1,1
150.000000,1,2154,1323,18.000000,1,1,1,0
150.000000,1,799,990,23.000000,0,1,-1,1
150.000000,1,899,1668,30.000000,1,1,1,1
150.000000,1,1469,985,59.000000,1,1,1,0
150.000000,1,1660,1787,37.000000,0,1,-1,1
150.000000,1,1674,1140,53.000000,0,1,-1,0
150.000000,1,1611,822,31.000000,0,1,-1,0
150.000000,1,1041,1954,34.000000,0,1,-1,1
150.000000,1,788,1097,31.000000,1,1,1,1
150.000000,1,1135,1462,44.000000,1,3,3,1
150.000000,1,717,630,30.000000,1,1,1,0
150.000000,1,1408,1700,27.000000,0,1,-1,1
150.000000,1,1764,1298,37.000000,1,1,1,0
150.000000,1,758,506,39.000000,1,3,3,0
150.000000,1,2098,1305,44.000000,1,2,2,0
150.000000,1,1429,961,32.000000,0,3,-3,0
150.000000,1,1914,1057,40.000000,0,1,-1,0
150.000000,1,576,1050,57.000000,1,1,1,1
150.000000,1,1810,615,32.000000,1,1,1,0
150.000000,1,908,710,31.000000,1,1,1,0
150.000000,1,829,583,24.000000,0,1,-1,0
150.000000,1,1452,1419,45.000000,0,1,-1,0
150.000000,1,1862,1222,50.000000,1,2,2,0
150.000000,1,685,1176,41.000000,1,1,1,1
150.000000,1,572,1744,34.000000,0,1,-1,1
150.000000,1,603,1365,24.000000,0,1,-1,1
150.000000,1,1452,1287,24.000000,0,1,-1,0
150.000000,1,1906,1471,26.000000,1,1,1,0
150.000000,1,1376,836,18.000000,0,1,-1,0
150.000000,1,1456,658,40.000000,1,1,1,0
150.000000,1,1794,731,30.000000,1,1,1,0
150.000000,1,861,1461,43.000000,0,1,-1,1
150.000000,1,876,1191,23.000000,1,1,1,1
150.000000,1,1255,554,44.000000,1,1,1,0
150.000000,1,1653,1017,46.000000,0,1,-1,0
150.000000,1,2119,1121,28.000000,1,1,1,0
150.000000,1,1595,1480,22.000000,0,1,-1,0
150.000000,1,1061,611,47.000000,0,1,-1,0
150.000000,1,1916,470,44.000000,1,1,1,0
150.000000,1,470,1840,21.000000,0,1,-1,1
150.000000,1,936,1479,44.000000,0,1,-1,1
150.000000,1,1006,1338,27.000000,0,1,-1,1
150.000000,1,877,225,36.000000,0,1,-1,0
150.000000,1,724,1570,32.000000,0,1,-1,1
150.000000,1,616,1440,27.000000,1,1,1,1
150.000000,1,1052,1084,27.000000,1,1,1,1
150.000000,1,1854,1463,20.000000,0,1,-1,0
150.000000,1,1531,1291,60.000000,1,3,3,0
150.000000,1,812,1402,44.000000,0,1,-1,1
150.000000,1,1356,1566,31.000000,0,1,-1,1
150.000000,1,1409,1960,22.000000,1,1,1,1
150.000000,1,1577,1614,34.000000,0,1,-1,1
150.000000,1,831,1250,25.000000,1,1,1,1
150.000000,1,1112,2078,40.000000,0,2,-2,1
150.000000,1,1123,1487,31.000000,1,1,1,1
150.000000,1,809,1148,70.000000,0,1,-1,1
150.000000,1,1521,897,30.000000,0,1,-1,0
150.000000,1,1395,854,31.000000,1,1,1,0
150.000000,1,1402,2265,37.000000,1,1,1,1
150.000000,1,959,771,41.000000,1,1,1,0
150.000000,1,1102,1725,47.000000,0,1,-1,1
150.000000,1,916,263,38.000000,0,1,-1,0
150.000000,1,1243,757,28.000000,0,1,-1,0
150.000000,1,1346,1556,30.000000,0,1,-1,1
150.000000,1,2399,120,18.000000,1,1,1,0
150.000000,1,1495,1284,23.000000,1,1,1,0
150.000000,1,1064,587,40.000000,1,1,1,0
150.000000,1,1746,1286,47.000000,1,1,1,0
150.000000,1,955,517,41.000000,1,1,1,0
150.000000,1,1162,1558,54.000000,1,1,1,1
150.000000,1,1925,339,28.000000,1,1,1,0
150.000000,1,1461,1041,40.000000,1,1,1,0
150.000000,1,949,631,50.000000,1,1,1,0
150.000000,1,1668,1001,53.000000,1,3,3,0
150.000000,1,425,596,39.000000,0,1,-1,1
150.000000,1,1749,97,46.000000,1,3,3,0
150.000000,1,1097,1182,46.000000,0,1,-1,1
150.000000,1,432,1918,48.000000,0,1,-1,1
150.000000,1,1686,1228,54.000000,1,3,3,0
150.000000,1,2171,816,33.000000,1,1,1,0
150.000000,1,831,1458,36.000000,1,1,1,1
150.000000,1,1314,1896,34.000000,1,1,1,1
150.000000,1,1800,619,38.000000,1,1,1,0
150.000000,1,1043,856,45.000000,1,1,1,0
150.000000,1,2273,1358,38.000000,1,1,1,0
150.000000,1,1473,1491,40.000000,0,1,-1,1
150.000000,1,934,1779,42.000000,0,1,-1,1
150.000000,1,912,841,37.000000,0,1,-1,0
150.000000,1,1259,490,16.000000,0,1,-1,0
150.000000,1,1254,544,45.000000,1,3,3,0
150.000000,1,496,764,38.000000,0,1,-1,1
150.000000,1,314,1398,39.000000,0,1,-1,1
150.000000,1,758,1660,50.000000,0,1,-1,1
150.000000,1,1173,1178,40.000000,1,1,1,1
150.000000,1,782,1758,49.000000,0,1,-1,1
150.000000,1,505,775,40.000000,0,3,-3,1
150.000000,1,859,1367,47.000000,1,1,1,1
150.000000,1,697,655,35.000000,1,1,1,0
150.000000,1,1767,1247,35.000000,1,1,1,0
150.000000,1,1387,819,19.000000,1,1,1,0
150.000000,1,1586,1613,29.000000,0,1,-1,1
150.000000,1,1443,1488,33.000000,1,1,1,1
150.000000,1,1002,1010,29.000000,1,1,1,1
144.000000,2,2595,301,30.000000,1,1,1,0
150.000000,1,1136,1122,52.000000,1,1,1,0
150.000000,1,1472,324,25.000000,1,1,1,0
150.000000,1,1490,177,31.000000,0,3,-3,0
150.000000,1,1323,542,42.000000,1,1,1,0
150.000000,1,1158,360,51.000000,1,3,3,0
150.000000,1,1553,1243,30.000000,1,1,1,0
150.000000,1,924,1537,33.000000,0,1,-1,1
150.000000,1,1695,1443,19.000000,1,1,1,0
150.000000,1,1653,1936,37.000000,1,1,1,1
150.000000,1,1573,890,42.000000,0,1,-1,0
150.000000,1,1767,1302,52.000000,1,1,1,0
150.000000,1,1542,764,42.000000,1,1,1,0
150.000000,1,1941,680,54.000000,0,3,-3,0
150.000000,1,950,952,27.000000,0,1,-1,1
150.000000,1,1460,862,33.000000,1,1,1,0
150.000000,1,847,1510,27.000000,0,1,-1,1
150.000000,1,374,1823,42.000000,0,1,-1,1
150.000000,1,738,1154,44.000000,1,2,2,1
150.000000,1,1950,511,35.000000,1,1,1,0
150.000000,1,1192,493,25.000000,1,1,1,0
150.000000,1,1813,1269,42.000000,1,3,3,0
150.000000,1,1909,1654,27.000000,0,1,-1,0
150.000000,1,1399,831,17.000000,1,1,1,0
150.000000,1,1651,1441,26.000000,1,1,1,0
150.000000,1,1497,1607,41.000000,0,1,-1,1
150.000000,1,538,1711,45.000000,0,1,-1,1
150.000000,1,802,421,60.000000,0,1,-1,0
150.000000,1,1466,1315,33.000000,0,1,-1,0
150.000000,1,698,732,19.000000,1,1,1,1
150.000000,1,1543,844,20.000000,1,1,1,0
150.000000,1,880,356,26.000000,1,1,1,0
150.000000,1,1770,772,46.000000,1,1,1,0
150.000000,1,780,1072,44.000000,0,1,-1,1
150.000000,1,1437,1120,19.000000,1,1,1,0
150.000000,1,587,1188,50.000000,0,1,-1,1
150.000000,1,711,1063,29.000000,1,1,1,1
150.000000,1,2163,1014,43.000000,1,3,3,0
150.000000,1,1375,1429,26.000000,1,1,1,1
150.000000,1,1057,879,37.000000,1,1,1,0
150.000000,1,1566,1928,23.000000,1,1,1,1
150.000000,1,457,1048,35.000000,1,1,1,1
150.000000,1,473,1831,39.000000,0,3,-3,1
150.000000,1,798,504,40.000000,0,3,-3,0
150.000000,1,1212,1120,18.000000,0,1,-1,0
150.000000,1,1453,1758,25.000000,1,1,1,1
150.000000,1,1063,1585,49.000000,0,1,-1,1
150.000000,1,616,608,42.000000,1,1,1,0
150.000000,1,592,1793,34.000000,0,1,-1,1
150.000000,1,981,1615,31.000000,0,1,-1,1
150.000000,1,1635,1672,31.000000,0,1,-1,1
150.000000,1,1332,1467,34.000000,1,1,1,1
150.000000,1,1274,438,26.000000,0,1,-1,0
150.000000,1,1241,2052,20.000000,1,1,1,1
150.000000,1,1918,1242,43.000000,1,3,3,0
150.000000,1,741,902,27.000000,1,1,1,1
150.000000,1,1964,1331,52.000000,1,1,1,0
150.000000,1,1658,866,27.000000,1,1,1,0
150.000000,1,1708,818,32.000000,1,1,1,0
150.000000,1,979,1457,39.000000,0,1,-1,1
150.000000,1,1746,1501,21.000000,1,1,1,0
150.000000,1,794,1387,51.000000,1,1,1,1
150.000000,1,1840,585,72.000000,1,3,3,0
150.000000,1,1955,416,23.000000,0,1,-1,0
150.000000,1,1447,1031,38.000000,0,1,-1,0
150.000000,1,1201,1199,39.000000,0,3,-3,0
150.000000,1,687,1194,50.000000,0,3,-3,1
150.000000,1,1376,800,42.000000,1,1,1,0
150.000000,1,731,1067,25.000000,0,1,-1,1
150.000000,1,1799,1298,42.000000,0,1,-1,0
150.000000,1,778,686,40.000000,0,1,-1,0
150.000000,1,1256,1051,45.000000,1,1,1,0
150.000000,1,886,1525,22.000000,1,1,1,1
150.000000,1,2228,618,33.000000,1,1,1,0
150.000000,1,1413,1809,27.000000,1,1,1,1
150.000000,1,411,2070,37.000000,0,3,-3,1
150.000000,1,1250,559,19.000000,1,1,1,0
150.000000,1,1916,1602,38.000000,1,3,3,0
150.000000,1,551,1743,25.000000,0,1,-1,1
150.000000,1,1529,1420,27.000000,0,1,-1,0
150.000000,1,1815,1156,33.000000,0,2,-2,0
150.000000,1,1174,683,50.000000,1,3,3,0
150.000000,1,1604,519,26.000000,0,1,-1,0
150.000000,1,644,2084,37.000000,0,1,-1,1
150.000000,1,468,1724,18.000000,0,1,-1,1
150.000000,1,1985,1032,29.000000,1,1,1,0
150.000000,1,984,546,30.000000,1,1,1,0
150.000000,1,736,1362,56.000000,0,3,-3,1
150.000000,1,750,1056,27.000000,1,1,1,1
150.000000,1,1136,1591,28.000000,1,1,1,1
150.000000,1,2350,1223,37.000000,1,1,1,0
150.000000,1,651,1780,42.000000,0,2,-2,1
150.000000,1,1096,515,29.000000,0,1,-1,0
150.000000,1,1598,1910,44.000000,0,3,-3,1
150.000000,1,1011,510,25.000000,0,1,-1,0
150.000000,1,1629,1248,56.000000,1,1,1,0
150.000000,1,1730,542,51.000000,1,3,3,0
150.000000,1,388,1705,39.000000,0,1,-1,1
150.000000,1,1456,457,52.000000,1,1,1,0
150.000000,1,1325,804,31.000000,0,1,-1,0
150.000000,1,1299,241,55.000000,1,1,1,0
150.000000,1,1725,1580,29.000000,0,1,-1,0
150.000000,1,1260,1840,58.000000,0,1,-1,1
150.000000,1,1611,1342,38.000000,0,1,-1,0
150.000000,1,1600,1203,46.000000,0,1,-1,0
150.000000,1,850,1050,35.000000,1,1,1,1
150.000000,1,1305,1218,33.000000,1,1,1,0
150.000000,1,1932,1363,17.000000,1,1,1,0
150.000000,1,452,1268,40.000000,1,1,1,1
150.000000,1,1464,581,30.000000,1,1,1,0
150.000000,1,1734,1383,33.000000,0,3,-3,0
150.000000,1,1560,1749,41.000000,0,1,-1,1
150.000000,1,443,1750,20.000000,0,1,-1,1
150.000000,1,952,1318,44.000000,0,1,-1,1
150.000000,1,696,1496,66.000000,0,1,-1,1
150.000000,1,1420,1711,46.000000,0,1,-1,1
150.000000,1,1514,1155,48.000000,0,1,-1,0
150.000000,1,841,639,28.000000,0,1,-1,0
150.000000,1,1482,1168,43.000000,1,1,1,0
150.000000,1,2010,1077,24.000000,1,1,1,0
150.000000,1,465,2071,30.000000,1,1,1,1
150.000000,1,1793,852,27.000000,1,1,1,0
150.000000,1,1013,1226,48.000000,0,1,-1,1
150.000000,1,1451,1652,39.000000,0,1,-1,1
150.000000,1,1268,2012,58.000000,1,3,3,1
150.000000,1,1296,556,35.000000,1,1,1,0
150.000000,1,1140,1715,35.000000,1,3,3,1
150.000000,1,1441,1173,58.000000,0,2,-2,0
150.000000,1,698,2126,33.000000,0,3,-3,1
150.000000,1,1000,700,32.000000,1,1,1,0
150.000000,1,1766,1386,34.000000,1,1,1,0
150.000000,1,412,2485,29.000000,0,1,-1,1
150.000000,1,1723,1477,45.000000,0,1,-1,0
150.000000,1,1549,1849,36.000000,0,1,-1,1
150.000000,1,1013,716,27.000000,0,1,-1,0
150.000000,1,798,1745,28.000000,1,1,1,1
150.000000,1,2641,82,43.000000,1,1,1,0
150.000000,1,1450,1616,49.000000,0,2,-2,1
150.000000,1,1026,597,31.000000,0,1,-1,0
150.000000,1,1846,696,29.000000,0,1,-1,0
150.000000,1,952,1402,38.000000,1,3,3,1
150.000000,1,1416,855,25.000000,1,1,1,0
150.000000,1,1559,655,28.000000,0,1,-1,0
150.000000,1,1869,1442,26.000000,0,1,-1,0
150.000000,1,623,992,41.000000,0,3,-3,1
150.000000,1,1174,858,36.000000,0,1,-1,0
150.000000,1,1750,911,38.000000,1,1,1,0
150.000000,1,1603,143,25.000000,1,1,1,0
150.000000,1,556,1755,24.000000,1,1,1,1
150.000000,1,789,1371,25.000000,0,1,-1,1
150.000000,1,1458,533,24.000000,1,1,1,0
150.000000,1,1830,561,33.000000,1,1,1,0
150.000000,1,2042,1513,35.000000,1,3,3,0
150.000000,1,1405,1015,43.000000,1,1,1,0
150.000000,1,1030,1682,24.000000,0,1,-1,1
150.000000,1,1100,817,58.000000,1,1,1,0
150.000000,1,592,1200,49.000000,0,1,-1,1
150.000000,1,848,1632,32.000000,1,1,1,1
150.000000,1,1513,1297,39.000000,1,1,1,0
150.000000,1,1651,1760,23.000000,0,1,-1,1
150.000000,1,1122,335,50.000000,1,1,1,0
150.000000,1,1058,678,33.000000,1,1,1,0
150.000000,1,1301,2189,19.000000,0,1,-1,1
150.000000,1,1032,940,40.000000,1,1,1,0
150.000000,1,413,1850,34.000000,0,1,-1,1
150.000000,1,817,615,41.000000,0,1,-1,0
150.000000,1,139,1713,34.000000,0,1,-1,1
150.000000,1,999,1011,40.000000,1,1,1,1
150.000000,1,1567,1362,30.000000,1,1,1,0
150.000000,1,775,753,26.000000,1,1,1,0
150.000000,1,925,1227,43.000000,1,1,1,1
150.000000,1,763,372,36.000000,0,1,-1,0
150.000000,1,1377,744,49.000000,0,1,-1,0
150.000000,1,1460,945,45.000000,0,1,-1,0
150.000000,1,1335,2009,32.000000,1,1,1,1
150.000000,1,2111,1341,34.000000,1,3,3,0
150.000000,1,1690,1270,70.000000,1,1,1,0
150.000000,1,1672,1309,31.000000,0,3,-3,0
150.000000,1,977,749,55.000000,0,1,-1,0
150.000000,1,1165,934,30.000000,1,1,1,0
150.000000,1,406,1439,34.000000,0,1,-1,1
150.000000,1,779,1008,35.000000,1,3,3,1
150.000000,1,1156,1392,38.000000,1,1,1,1
150.000000,1,1571,1598,28.000000,0,1,-1,1
150.000000,1,903,1726,35.000000,1,1,1,1
150.000000,1,1128,520,23.000000,1,1,1,0
150.000000,1,399,1397,35.000000,0,1,-1,1
150.000000,1,944,741,57.000000,1,1,1,0
150.000000,1,1115,2195,45.000000,0,1,-1,1
150.000000,1,1534,1575,28.000000,1,1,1,1
150.000000,1,1568,1197,32.000000,1,3,3,0
150.000000,1,1446,950,26.000000,1,1,1,0
150.000000,1,881,1796,33.000000,0,1,-1,1
150.000000,1,1216,1120,39.000000,0,1,-1,0
150.000000,1,1182,920,41.000000,0,3,-3,0
150.000000,1,533,1839,43.000000,1,1,1,1
150.000000,1,1807,1315,39.000000,1,1,1,0
150.000000,1,814,1248,28.000000,1,3,3,1
150.000000,1,1514,1779,39.000000,0,3,-3,1
150.000000,1,1651,703,47.000000,0,1,-1,0
150.000000,1,1032,921,48.000000,1,1,1,0
150.000000,1,964,1351,39.000000,0,1,-1,1
150.000000,1,1721,1574,56.000000,1,1,1,0
150.000000,1,1583,1945,22.000000,0,1,-1,1
150.000000,1,1548,924,53.000000,1,1,1,0
150.000000,1,290,1386,32.000000,0,1,-1,1
150.000000,1,1259,1191,39.000000,0,1,-1,0
150.000000,1,1423,1594,18.000000,0,1,-1,1
150.000000,1,1601,1838,52.000000,0,1,-1,1
150.000000,1,1738,1467,30.000000,0,1,-1,0
150.000000,1,736,1710,17.000000,0,1,-1,1
150.000000,1,1962,615,29.000000,1,1,1,0
150.000000,1,862,789,38.000000,0,1,-1,0
150.000000,1,1963,559,46.000000,0,1,-1,0
150.000000,1,1319,570,31.000000,1,1,1,0
150.000000,1,1457,845,32.000000,1,1,1,0
150.000000,1,559,881,41.000000,1,1,1,1
150.000000,1,934,665,37.000000,0,1,-1,0
150.000000,1,2123,1438,54.000000,0,1,-1,0
150.000000,1,1647,1576,31.000000,1,1,1,0
150.000000,1,705,837,29.000000,0,1,-1,1
150.000000,1,1347,451,44.000000,0,3,-3,0
150.000000,1,678,778,29.000000,1,1,1,1
150.000000,1,1655,712,31.000000,1,1,1,0
150.000000,1,1710,751,25.000000,0,1,-1,0
150.000000,1,963,1389,23.000000,1,1,1,1
150.000000,1,2066,697,27.000000,1,1,1,0
150.000000,1,1618,901,42.000000,0,2,-2,0
150.000000,1,1746,541,38.000000,1,1,1,0
150.000000,1,496,1177,33.000000,0,1,-1,1
150.000000,1,870,851,30.000000,0,1,-1,0
150.000000,1,1031,2109,62.000000,0,1,-1,1
150.000000,1,1330,883,27.000000,1,1,1,0
150.000000,1,1893,872,45.000000,1,1,1,0
150.000000,1,339,1089,36.000000,0,1,-1,1
150.000000,1,1926,571,46.000000,1,2,2,0
150.000000,1,1134,1437,28.000000,0,1,-1,1
150.000000,1,960,1750,39.000000,0,3,-3,1
150.000000,1,1013,434,74.000000,1,1,1,0
150.000000,1,1802,1248,31.000000,1,1,1,0
150.000000,1,963,1818,30.000000,1,1,1,1
150.000000,1,2242,612,37.000000,1,1,1,0
150.000000,1,1709,1376,32.000000,0,1,-1,0
150.000000,1,1523,639,27.000000,1,1,1,0
131.000000,2,605,3746,58.000000,0,3,-3,1
150.000000,1,2102,350,36.000000,1,1,1,0
150.000000,1,1153,1370,32.000000,0,3,-3,1
150.000000,1,530,870,35.000000,0,1,-1,1
150.000000,1,1213,590,42.000000,0,1,-1,0
150.000000,1,2132,1311,52.000000,1,1,1,0
150.000000,1,1054,522,41.000000,0,1,-1,0
150.000000,1,967,1478,29.000000,0,1,-1,1
150.000000,1,1322,306,56.000000,1,1,1,0
150.000000,1,1319,1302,39.000000,0,1,-1,0
150.000000,1,1432,637,34.000000,1,1,1,0
150.000000,1,1492,726,33.000000,1,1,1,0
150.000000,1,1867,1594,38.000000,1,1,1,0
150.000000,1,1770,718,41.000000,0,1,-1,0
150.000000,1,943,1749,40.000000,0,1,-1,1
150.000000,1,1009,1402,33.000000,1,1,1,1
150.000000,1,1771,1662,18.000000,0,1,-1,0
150.000000,1,1101,404,47.000000,1,1,1,0
150.000000,1,1219,392,34.000000,0,1,-1,0
150.000000,1,655,1292,30.000000,0,1,-1,1
150.000000,1,695,1671,30.000000,0,1,-1,1
150.000000,1,2055,725,38.000000,0,2,-2,0
150.000000,1,903,1145,33.000000,0,1,-1,1
150.000000,1,427,2191,24.000000,0,1,-1,1
150.000000,1,737,1717,44.000000,0,1,-1,1
150.000000,1,1819,1743,47.000000,0,1,-1,0
150.000000,1,1160,1451,44.000000,1,1,1,1
150.000000,1,804,923,34.000000,0,1,-1,1
150.000000,1,1354,1596,54.000000,0,1,-1,1
150.000000,1,1091,1575,27.000000,0,1,-1,1
150.000000,1,1329,1707,31.000000,0,1,-1,1
150.000000,1,1243,1251,57.000000,0,1,-1,1
150.000000,1,1626,1493,33.000000,1,1,1,0
150.000000,1,341,1820,28.000000,0,3,-3,1
150.000000,1,1125,418,39.000000,1,1,1,0
150.000000,1,1151,977,35.000000,1,1,1,0
150.000000,1,1626,543,22.000000,0,1,-1,0
150.000000,1,802,846,40.000000,1,1,1,1
150.000000,1,1436,1337,31.000000,1,1,1,0
150.000000,1,771,1052,40.000000,0,3,-3,1
150.000000,1,1551,716,28.000000,1,1,1,0
150.000000,1,1589,1506,40.000000,1,1,1,0
150.000000,1,2046,1566,36.000000,0,2,-2,0
150.000000,1,1072,1207,36.000000,1,1,1,1
150.000000,1,1437,1427,40.000000,1,1,1,0
150.000000,1,843,1093,32.000000,1,1,1,1
150.000000,1,1944,1387,35.000000,0,1,-1,0
150.000000,1,1142,1536,55.000000,1,1,1,1
150.000000,1,895,1850,29.000000,1,1,1,1
150.000000,1,1265,295,39.000000,1,3,3,0
150.000000,1,1560,1413,47.000000,1,1,1,0
150.000000,1,762,1698,40.000000,1,1,1,1
150.000000,1,1343,1177,29.000000,0,1,-1,0
150.000000,1,1415,1576,52.000000,1,3,3,1
150.000000,1,1542,1216,39.000000,0,1,-1,0
150.000000,1,242,1114,31.000000,0,3,-3,1
150.000000,1,1316,1977,35.000000,0,1,-1,1
150.000000,1,1691,520,34.000000,0,1,-1,0
150.000000,1,1669,903,36.000000,1,1,1,0
150.000000,1,1740,1078,37.000000,1,1,1,0
150.000000,1,610,1487,44.000000,0,1,-1,1
150.000000,1,1737,940,20.000000,0,1,-1,0
150.000000,1,895,1549,55.000000,0,1,-1,1
150.000000,1,1237,966,30.000000,0,1,-1,0
150.000000,1,1299,1591,47.000000,1,1,1,1
150.000000,1,1588,1485,33.000000,1,1,1,0
150.000000,1,1586,719,52.000000,1,1,1,0
150.000000,1,707,1110,31.000000,1,1,1,1
150.000000,1,2097,1149,35.000000,1,1,1,0
150.000000,1,1705,1416,31.000000,1,1,1,0
150.000000,1,1738,431,28.000000,0,1,-1,0
150.000000,1,1127,884,23.000000,1,1,1,0
150.000000,1,988,786,43.000000,1,1,1,0
150.000000,1,890,1458,44.000000,1,1,1,1
150.000000,1,724,980,29.000000,1,1,1,1
150.000000,1,1969,575,25.000000,1,1,1,0
150.000000,1,763,707,29.000000,1,1,1,0
150.000000,1,558,1426,24.000000,0,1,-1,1
150.000000,1,1386,867,24.000000,1,1,1,0
150.000000,1,918,1480,40.000000,0,1,-1,1
150.000000,1,932,1618,55.000000,0,1,-1,1
150.000000,1,817,1809,35.000000,1,1,1,1
150.000000,1,935,2123,50.000000,1,1,1,1
150.000000,1,767,1671,29.000000,0,1,-1,1
150.000000,1,1242,2296,53.000000,0,1,-1,1
150.000000,1,1230,1562,28.000000,0,3,-3,1
150.000000,1,508,2259,20.000000,0,1,-1,1
150.000000,1,1436,759,37.000000,0,1,-1,0
150.000000,1,1122,611,38.000000,1,1,1,0
150.000000,1,816,767,51.000000,0,1,-1,0
150.000000,1,2019,583,21.000000,0,1,-1,0
150.000000,1,850,766,59.000000,1,1,1,0
150.000000,1,1352,1521,35.000000,0,1,-1,1
150.000000,1,1221,1548,49.000000,0,1,-1,1
150.000000,1,970,1354,54.000000,1,3,3,1
150.000000,1,866,1467,45.000000,0,1,-1,1
150.000000,1,628,1352,34.000000,0,1,-1,1
150.000000,1,399,928,45.000000,0,1,-1,1
150.000000,1,644,960,51.000000,1,1,1,1
150.000000,1,1892,640,25.000000,0,1,-1,0
150.000000,1,1452,1512,34.000000,0,1,-1,1
150.000000,1,2283,1041,28.000000,1,1,1,0
150.000000,1,1103,566,29.000000,1,1,1,0
150.000000,1,1149,999,27.000000,0,1,-1,0
150.000000,1,1368,648,24.000000,0,1,-1,0
150.000000,1,1444,1848,48.000000,0,1,-1,1
150.000000,1,408,2025,67.000000,0,3,-3,1
150.000000,1,1788,547,45.000000,1,1,1,0
150.000000,1,484,1827,31.000000,1,1,1,1
150.000000,1,1663,1791,25.000000,1,1,1,1
150.000000,1,1181,1176,24.000000,1,1,1,0
150.000000,1,1421,1660,40.000000,0,1,-1,1
150.000000,1,735,1235,25.000000,1,1,1,1
150.000000,1,2279,432,41.000000,1,1,1,0
150.000000,1,1718,1643,69.000000,0,1,-1,0
150.000000,1,896,1273,35.000000,0,1,-1,1
150.000000,1,1992,383,35.000000,1,1,1,0
150.000000,1,1145,863,14.000000,0,1,-1,0
150.000000,1,1824,1574,48.000000,0,1,-1,0
150.000000,1,1862,1571,30.000000,0,1,-1,0
150.000000,1,1742,1241,31.000000,1,1,1,0
150.000000,1,668,774,40.000000,1,1,1,1
150.000000,1,1257,2015,59.000000,0,3,-3,1
150.000000,1,1527,923,28.000000,1,1,1,0
150.000000,1,1604,1461,24.000000,0,1,-1,0
150.000000,1,1421,1379,30.000000,0,1,-1,0
150.000000,1,1136,1852,19.000000,0,1,-1,1
150.000000,1,1196,2055,30.000000,1,1,1,1
150.000000,1,1425,1577,34.000000,1,1,1,1
150.000000,1,847,1315,38.000000,0,1,-1,1
150.000000,1,1343,2241,34.000000,1,1,1,1
150.000000,1,1107,901,28.000000,0,1,-1,0
150.000000,1,1547,1645,38.000000,0,1,-1,1
150.000000,1,1185,670,35.000000,1,1,1,0
150.000000,1,542,1190,44.000000,1,2,2,1
150.000000,1,1987,1500,18.000000,1,1,1,0
150.000000,1,1289,1443,29.000000,0,1,-1,1
150.000000,1,677,1407,41.000000,1,1,1,1
150.000000,1,841,1366,59.000000,1,3,3,1
150.000000,1,1377,771,30.000000,1,1,1,0
150.000000,1,1335,1015,46.000000,1,1,1,0
150.000000,1,1520,1936,61.000000,0,1,-1,1
150.000000,1,1431,286,58.000000,1,2,2,0
150.000000,1,2171,580,43.000000,1,1,1,0
150.000000,1,1134,1425,54.000000,0,3,-3,1
150.000000,1,1140,1513,21.000000,0,1,-1,1
150.000000,1,827,678,37.000000,0,1,-1,0
150.000000,1,1119,548,44.000000,1,1,1,0
150.000000,1,572,1492,46.000000,0,1,-1,1
150.000000,1,1868,1343,25.000000,0,1,-1,0
150.000000,1,1732,1860,16.000000,0,1,-1,1
150.000000,1,678,914,17.000000,1,1,1,1
150.000000,1,1506,1986,22.000000,0,1,-1,1
150.000000,1,1748,841,33.000000,0,1,-1,0
150.000000,1,1517,664,26.000000,1,1,1,0
150.000000,1,824,1785,39.000000,0,1,-1,1
150.000000,1,1576,1736,31.000000,0,1,-1,1
127.000000,2,85,3126,35.000000,0,3,-3,1
150.000000,1,1451,2188,40.000000,1,1,1,1
150.000000,1,1603,1525,25.000000,1,1,1,0
150.000000,1,959,759,30.000000,1,1,1,0
150.000000,1,812,1944,58.000000,0,1,-1,1
150.000000,1,1047,453,21.000000,1,1,1,0
150.000000,1,1452,664,35.000000,1,1,1,0
150.000000,1,1786,711,40.000000,0,1,-1,0
150.000000,1,732,2470,23.000000,0,1,-1,1
150.000000,1,760,1643,32.000000,1,1,1,1
150.000000,1,1582,439,29.000000,0,1,-1,0
150.000000,1,768,1534,48.000000,0,1,-1,1
150.000000,1,1143,880,32.000000,0,1,-1,0
150.000000,1,1358,1900,32.000000,1,1,1,1
150.000000,1,322,1964,41.000000,0,1,-1,1
150.000000,1,859,899,31.000000,1,1,1,1
150.000000,1,229,1290,36.000000,0,1,-1,1
150.000000,1,720,1655,47.000000,0,3,-3,1
150.000000,1,732,1828,33.000000,0,1,-1,1
150.000000,1,1046,1211,36.000000,1,1,1,1
150.000000,1,1091,1108,41.000000,0,1,-1,1
150.000000,1,960,837,36.000000,1,1,1,0
150.000000,1,1081,508,27.000000,1,1,1,0
150.000000,1,840,1669,37.000000,1,1,1,1
150.000000,1,873,912,38.000000,1,1,1,1
150.000000,1,584,1450,44.000000,1,1,1,1
150.000000,1,1016,600,21.000000,1,1,1,0
150.000000,1,916,1056,35.000000,1,1,1,1
150.000000,1,809,1171,34.000000,0,1,-1,1
150.000000,1,863,1885,28.000000,0,1,-1,1
150.000000,1,182,1081,29.000000,1,1,1,1
150.000000,1,1031,1098,19.000000,1,1,1,1
150.000000,1,1369,1267,31.000000,0,3,-3,0
150.000000,1,1947,1094,36.000000,1,3,3,0
150.000000,1,2383,1093,40.000000,1,1,1,0
150.000000,1,826,1078,26.000000,0,1,-1,1
150.000000,1,1865,989,46.000000,1,1,1,0
150.000000,1,1823,909,37.000000,1,3,3,0
150.000000,1,1281,1132,36.000000,1,1,1,0
150.000000,1,1068,761,17.000000,1,1,1,0
150.000000,1,1093,1197,64.000000,0,1,-1,1
150.000000,1,1691,515,26.000000,1,1,1,0
150.000000,1,1016,1243,26.000000,1,1,1,1
150.000000,1,745,1214,30.000000,1,1,1,1
150.000000,1,1441,826,29.000000,1,1,1,0
150.000000,1,1294,1837,36.000000,1,3,3,1
150.000000,1,2117,1400,67.000000,1,1,1,0
150.000000,1,1812,474,54.000000,1,1,1,0
150.000000,1,1092,551,41.000000,1,3,3,0
150.000000,1,1096,1542,65.000000,0,3,-3,1
150.000000,1,556,671,29.000000,0,1,-1,1
150.000000,1,492,1416,33.000000,0,1,-1,1
150.000000,1,1350,156,37.000000,1,3,3,0
150.000000,1,1064,734,51.000000,1,1,1,0
150.000000,1,843,1771,30.000000,0,1,-1,1
150.000000,1,1102,974,34.000000,0,1,-1,0
150.000000,1,1805,1174,42.000000,1,1,1,0
150.000000,1,2025,1332,38.000000,0,2,-2,0
150.000000,1,1834,456,30.000000,1,1,1,0
150.000000,1,1706,1461,38.000000,1,1,1,0
150.000000,1,2697,1056,29.000000,1,1,1,0
150.000000,1,2012,1560,28.000000,1,1,1,0
150.000000,1,1620,852,44.000000,0,3,-3,0
150.000000,1,572,1993,33.000000,0,1,-1,1
150.000000,1,1703,1040,32.000000,1,1,1,0
150.000000,1,2159,698,50.000000,1,1,1,0
150.000000,1,630,1003,36.000000,1,1,1,1
150.000000,1,1051,1440,43.000000,0,1,-1,1
150.000000,1,1014,1597,29.000000,0,1,-1,1
150.000000,1,1152,1442,30.000000,0,3,-3,1
150.000000,1,1500,1582,59.000000,1,1,1,1
129.000000,2,3813,420,28.000000,1,1,1,0
150.000000,1,1754,722,44.000000,1,1,1,0
150.000000,1,1165,715,28.000000,1,1,1,0
150.000000,1,543,1017,27.000000,1,1,1,1
150.000000,1,1956,1446,37.000000,1,1,1,0
150.000000,1,1456,689,42.000000,1,1,1,0
150.000000,1,1031,2303,27.000000,1,1,1,1
150.000000,1,2056,1033,44.000000,1,1,1,0
150.000000,1,924,1044,41.000000,1,1,1,1
150.000000,1,1240,993,25.000000,0,1,-1,0
150.000000,1,2047,479,36.000000,1,1,1,0
150.000000,1,777,1950,34.000000,0,1,-1,1
150.000000,1,1022,973,28.000000,0,1,-1,0
150.000000,1,933,761,25.000000,1,1,1,0
150.000000,1,1702,870,31.000000,0,1,-1,0
150.000000,1,2134,546,25.000000,1,1,1,0
150.000000,1,1432,1620,26.000000,1,1,1,1
150.000000,1,1862,1068,40.000000,1,1,1,0
150.000000,1,1644,227,42.000000,1,1,1,0
150.000000,1,1363,717,34.000000,0,1,-1,0
150.000000,1,868,307,28.000000,1,1,1,0
150.000000,1,743,1412,50.000000,1,1,1,1
150.000000,1,1489,769,32.000000,1,1,1,0
150.000000,1,1442,790,39.000000,1,3,3,0
150.000000,1,746,1801,18.000000,1,1,1,1
150.000000,1,530,786,48.000000,0,3,-3,1
150.000000,1,1477,1900,30.000000,1,1,1,1
150.000000,1,1748,1390,42.000000,0,1,-1,0
150.000000,1,1844,1224,48.000000,0,1,-1,0
150.000000,1,1835,1525,27.000000,1,1,1,0
150.000000,1,1675,872,31.000000,0,1,-1,0
150.000000,1,1532,1925,44.000000,0,1,-1,1
150.000000,1,841,1745,35.000000,1,1,1,1
150.000000,1,1315,1571,49.000000,0,1,-1,1
150.000000,1,1678,552,47.000000,1,1,1,0
150.000000,1,1472,1967,19.000000,1,1,1,1
150.000000,1,723,1068,43.000000,0,1,-1,1
150.000000,1,1356,1732,33.000000,0,1,-1,1
150.000000,1,1472,880,51.000000,1,1,1,0
150.000000,1,1729,1037,48.000000,0,1,-1,0
150.000000,1,1743,890,54.000000,1,1,1,0
150.000000,1,1195,1383,52.000000,1,1,1,1
150.000000,1,1319,624,30.000000,1,1,1,0
150.000000,1,1272,845,37.000000,1,1,1,0
150.000000,1,547,1952,39.000000,0,1,-1,1
150.000000,1,1698,773,39.000000,1,1,1,0
150.000000,1,1664,1739,40.000000,1,1,1,1
150.000000,1,740,2156,40.000000,0,1,-1,1
150.000000,1,709,1123,42.000000,1,1,1,1
150.000000,1,2360,812,37.000000,1,1,1,0
150.000000,1,1596,1900,37.000000,1,1,1,1
150.000000,1,2029,1063,43.000000,1,1,1,0
150.000000,1,1500,1856,40.000000,0,1,-1,1
150.000000,1,8,1958,51.000000,0,1,-1,1
150.000000,1,211,1930,30.000000,0,1,-1,1
150.000000,1,1331,998,44.000000,1,1,1,0
150.000000,1,1788,1318,39.000000,1,1,1,0
150.000000,1,1245,1838,32.000000,0,1,-1,1
150.000000,1,826,1518,20.000000,0,1,-1,1
150.000000,1,1346,1418,39.000000,0,3,-3,1
150.000000,1,1038,811,49.000000,1,1,1,0
150.000000,1,839,1576,43.000000,0,1,-1,1
150.000000,1,1792,1455,41.000000,1,3,3,0
150.000000,1,1410,1048,58.000000,0,1,-1,0
150.000000,1,1984,1374,32.000000,0,1,-1,0
150.000000,1,1264,1594,23.000000,0,1,-1,1
150.000000,1,1703,748,47.000000,1,1,1,0
150.000000,1,1488,1296,53.000000,0,1,-1,0
150.000000,1,1871,1342,57.000000,1,1,1,0
150.000000,1,1150,1314,40.000000,1,1,1,1
150.000000,1,1021,1172,40.000000,0,1,-1,1
150.000000,1,1545,1926,33.000000,0,1,-1,1
150.000000,1,359,2042,43.000000,1,1,1,1
150.000000,1,1242,1639,30.000000,1,1,1,1
150.000000,1,696,818,35.000000,0,3,-3,1
150.000000,1,1751,560,47.000000,0,3,-3,0
150.000000,1,1043,1502,22.000000,1,1,1,1
150.000000,1,1922,1418,31.000000,0,1,-1,0
150.000000,1,1244,2013,29.000000,1,1,1,1
150.000000,1,1380,1297,38.000000,0,1,-1,0
150.000000,1,1271,631,35.000000,0,3,-3,0
150.000000,1,808,900,54.000000,1,1,1,1
150.000000,1,961,1915,35.000000,0,1,-1,1
150.000000,1,639,2159,51.000000,0,3,-3,1
150.000000,1,1247,555,43.000000,1,1,1,0
150.000000,1,1660,971,21.000000,1,1,1,0
150.000000,1,1119,1753,48.000000,0,3,-3,1
150.000000,1,1535,665,33.000000,0,1,-1,0
150.000000,1,1145,1145,27.000000,0,3,-3,1
150.000000,1,1295,849,46.000000,0,1,-1,0
150.000000,1,1121,694,19.000000,1,1,1,0
150.000000,1,1237,1708,32.000000,1,1,1,1
150.000000,1,2272,1328,45.000000,1,1,1,0
150.000000,1,1183,649,40.000000,0,1,-1,0
150.000000,1,1054,591,42.000000,0,1,-1,0
150.000000,1,1620,1296,26.000000,0,1,-1,0
150.000000,1,1398,719,42.000000,1,3,3,0
150.000000,1,2220,340,32.000000,1,1,1,0
150.000000,1,1178,2213,49.000000,0,1,-1,1
150.000000,1,929,1430,28.000000,1,1,1,1
150.000000,1,1033,825,26.000000,1,1,1,0
150.000000,1,462,1084,27.000000,0,1,-1,1
150.000000,1,1302,875,48.000000,0,1,-1,0
150.000000,1,606,1560,41.000000,0,1,-1,1
150.000000,1,893,1225,41.000000,0,1,-1,1
150.000000,1,2086,629,25.000000,1,1,1,0
150.000000,1,932,1840,44.000000,1,1,1,1
150.000000,1,1128,473,27.000000,1,1,1,0
150.000000,1,1516,926,34.000000,0,3,-3,0
150.000000,1,528,785,27.000000,1,1,1,1
150.000000,1,242,2048,33.000000,0,1,-1,1
150.000000,1,1113,1518,29.000000,0,1,-1,1
150.000000,1,1740,699,34.000000,1,1,1,0
150.000000,1,1813,680,46.000000,1,3,3,0
150.000000,1,1596,622,42.000000,0,2,-2,0
150.000000,1,1057,1224,31.000000,1,1,1,1
150.000000,1,572,1792,35.000000,0,1,-1,1
150.000000,1,479,2210,42.000000,0,3,-3,1
150.000000,1,2065,535,35.000000,0,1,-1,0
150.000000,1,1813,1115,48.000000,1,1,1,0
150.000000,1,885,1149,28.000000,0,1,-1,1
150.000000,1,1122,1284,47.000000,1,1,1,1
150.000000,1,782,1864,40.000000,0,1,-1,1
150.000000,1,1665,1354,30.000000,1,1,1,0
150.000000,1,736,1783,30.000000,1,1,1,1
150.000000,1,745,1087,34.000000,1,1,1,1
150.000000,1,619,888,51.000000,1,2,2,1
150.000000,1,1259,650,33.000000,0,1,-1,0
150.000000,1,1202,1656,45.000000,1,1,1,1
150.000000,1,1492,1708,29.000000,1,1,1,1
150.000000,1,821,1105,36.000000,1,1,1,1
150.000000,1,1454,1001,33.000000,1,1,1,0
150.000000,1,1570,1257,22.000000,1,1,1,0
150.000000,1,1232,1300,35.000000,0,1,-1,1
150.000000,1,2549,296,42.000000,1,3,3,0
150.000000,1,1198,1759,29.000000,0,1,-1,1
150.000000,1,1712,717,41.000000,1,1,1,0
150.000000,1,1716,756,43.000000,1,1,1,0
150.000000,1,561,482,55.000000,0,2,-2,0
150.000000,1,1380,1958,35.000000,0,1,-1,1
150.000000,1,1177,1613,54.000000,0,1,-1,1
150.000000,1,1371,1356,52.000000,1,1,1,0
150.000000,1,1101,761,42.000000,1,3,3,0
150.000000,1,1368,517,45.000000,0,1,-1,0
150.000000,1,1823,685,37.000000,1,1,1,0
150.000000,1,1939,564,44.000000,0,1,-1,0
150.000000,1,880,1715,23.000000,1,1,1,1
150.000000,1,1858,822,22.000000,1,1,1,0
150.000000,1,1773,745,40.000000,0,1,-1,0
150.000000,1,1324,1846,37.000000,1,1,1,1
150.000000,1,1667,648,40.000000,1,1,1,0
150.000000,1,1416,1709,33.000000,1,1,1,1
150.000000,1,755,735,24.000000,0,1,-1,0
150.000000,1,1059,1908,23.000000,1,1,1,1
150.000000,1,1642,1111,16.000000,0,1,-1,0
150.000000,1,566,919,54.000000,1,3,3,1
150.000000,1,1040,1765,39.000000,0,3,-3,1
150.000000,1,732,846,47.000000,1,1,1,1
150.000000,1,1361,970,17.000000,0,1,-1,0
150.000000,1,1327,1331,21.000000,1,1,1,1
150.000000,1,2091,724,44.000000,0,1,-1,0
150.000000,1,983,954,38.000000,0,1,-1,0
150.000000,1,1655,299,31.000000,0,1,-1,0
150.000000,1,727,946,42.000000,1,1,1,1
150.000000,1,862,1849,25.000000,0,1,-1,1
150.000000,1,237,1788,57.000000,0,1,-1,1
150.000000,1,1493,1112,41.000000,1,1,1,0
150.000000,1,854,1763,29.000000,1,1,1,1
150.000000,1,675,1212,32.000000,0,1,-1,1
150.000000,1,1215,1533,27.000000,1,1,1,1
150.000000,1,1641,827,37.000000,1,1,1,0
150.000000,1,1180,1588,31.000000,1,1,1,1
150.000000,1,603,1848,43.000000,0,1,-1,1
150.000000,1,1499,929,34.000000,0,3,-3,0
150.000000,1,928,1105,39.000000,0,3,-3,1
150.000000,1,941,996,32.000000,0,1,-1,1
150.000000,1,2246,491,47.000000,1,2,2,0
150.000000,1,686,2172,23.000000,1,1,1,1
150.000000,1,969,1929,41.000000,0,1,-1,1
150.000000,1,1256,846,28.000000,1,1,1,0
150.000000,1,898,857,32.000000,0,1,-1,0
150.000000,1,1778,1482,44.000000,1,1,1,0
150.000000,1,80,1927,32.000000,0,1,-1,1
150.000000,1,898,1196,26.000000,0,1,-1,1
150.000000,1,1732,531,33.000000,1,1,1,0
150.000000,1,458,1130,40.000000,1,1,1,1
150.000000,1,1315,2123,34.000000,1,1,1,1
150.000000,1,1265,1172,45.000000,0,1,-1,0
150.000000,1,1327,495,53.000000,1,1,1,0
150.000000,1,1037,1414,30.000000,1,1,1,1
150.000000,1,1534,1762,62.000000,0,1,-1,1
150.000000,1,924,1488,28.000000,0,1,-1,1
150.000000,1,1079,2113,33.000000,0,1,-1,1
150.000000,1,1290,906,17.000000,0,1,-1,0
150.000000,1,957,1194,35.000000,0,1,-1,1
115.000000,2,441,3624,36.000000,0,1,-1,1
150.000000,1,1369,1790,30.000000,0,1,-1,1
150.000000,1,1518,738,20.000000,1,1,1,0
150.000000,1,1675,1026,34.000000,1,1,1,0
150.000000,1,982,1616,37.000000,1,3,3,1
150.000000,1,823,1879,47.000000,0,1,-1,1
150.000000,1,1926,1435,42.000000,1,2,2,0
150.000000,1,559,915,36.000000,1,1,1,1
150.000000,1,1459,1259,39.000000,1,1,1,0
150.000000,1,518,1212,50.000000,1,1,1,1
150.000000,1,1591,827,26.000000,1,1,1,0
150.000000,1,769,1456,33.000000,0,1,-1,1
150.000000,1,1402,1919,30.000000,0,1,-1,1
150.000000,1,1601,670,34.000000,1,1,1,0
150.000000,1,851,2147,51.000000,0,1,-1,1
150.000000,1,841,646,30.000000,0,1,-1,0
150.000000,1,308,1627,42.000000,0,1,-1,1
150.000000,1,674,1555,21.000000,0,1,-1,1
150.000000,1,1375,1558,44.000000,0,1,-1,1
150.000000,1,1182,1147,22.000000,0,1,-1,0
150.000000,1,1507,1398,53.000000,0,1,-1,0
150.000000,1,1675,510,28.000000,1,1,1,0
150.000000,1,1839,632,44.000000,1,1,1,0
150.000000,1,1476,1449,24.000000,1,1,1,0
150.000000,1,1273,2229,41.000000,0,1,-1,1
150.000000,1,1239,1547,47.000000,0,2,-2,1
150.000000,1,576,1894,54.000000,1,1,1,1
150.000000,1,1154,155,47.000000,1,1,1,0
150.000000,1,1385,1432,43.000000,0,2,-2,1
150.000000,1,526,1546,44.000000,0,2,-2,1
150.000000,1,1276,739,32.000000,1,1,1,0
150.000000,1,1643,1181,45.000000,0,2,-2,0
150.000000,1,600,991,29.000000,1,1,1,1
150.000000,1,1711,1603,29.000000,1,1,1,0
150.000000,1,909,885,32.000000,1,1,1,0
150.000000,1,729,1118,63.000000,0,1,-1,1
150.000000,1,1214,833,21.000000,0,1,-1,0
150.000000,1,1942,1117,32.000000,1,1,1,0
150.000000,1,860,1923,28.000000,0,1,-1,1
150.000000,1,2180,234,34.000000,1,2,2,0
150.000000,1,984,1062,24.000000,0,1,-1,1
150.000000,1,569,1662,40.000000,0,1,-1,1
150.000000,1,652,1990,26.000000,0,1,-1,1
150.000000,1,595,1411,43.000000,1,3,3,1
150.000000,1,1825,1671,38.000000,1,1,1,0
150.000000,1,1603,1368,36.000000,1,1,1,0
150.000000,1,1145,1342,36.000000,1,1,1,1
150.000000,1,1486,1257,30.000000,1,1,1,0
150.000000,1,2156,499,38.000000,0,1,-1,0
150.000000,1,1052,704,55.000000,0,1,-1,0
150.000000,1,1025,389,21.000000,0,1,-1,0
150.000000,1,1135,1400,19.000000,1,1,1,1
150.000000,1,1795,1748,41.000000,0,1,-1,0
150.000000,1,1909,1307,29.000000,1,3,3,0
150.000000,1,894,1946,31.000000,0,1,-1,1
150.000000,1,1687,796,37.000000,1,1,1,0
150.000000,1,1148,1328,40.000000,1,1,1,1
150.000000,1,694,999,32.000000,1,1,1,1
150.000000,1,1843,164,34.000000,1,1,1,0
150.000000,1,1445,1884,36.000000,1,1,1,1
150.000000,1,1142,1807,27.000000,1,1,1,1
150.000000,1,1620,1407,37.000000,1,1,1,0
150.000000,1,1182,537,36.000000,0,3,-3,0
150.000000,1,1564,1933,27.000000,1,1,1,1
150.000000,1,2062,1339,41.000000,0,3,-3,0
150.000000,1,1303,1226,42.000000,1,1,1,0
150.000000,1,625,2070,41.000000,1,1,1,1
150.000000,1,1494,1585,35.000000,1,1,1,1
150.000000,1,725,1095,54.000000,1,1,1,1
150.000000,1,1681,1721,37.000000,1,1,1,1
150.000000,1,502,2210,33.000000,0,3,-3,1
150.000000,1,1355,1224,40.000000,1,1,1,0
150.000000,1,1389,1600,20.000000,0,1,-1,1
150.000000,1,618,681,43.000000,1,1,1,1
150.000000,1,1534,2050,32.000000,0,1,-1,1
150.000000,1,1271,975,34.000000,0,1,-1,0
150.000000,1,1534,1171,53.000000,1,1,1,0
150.000000,1,1205,890,39.000000,0,1,-1,0
150.000000,1,1357,840,55.000000,1,1,1,0
150.000000,1,1147,1382,26.000000,0,1,-1,1
150.000000,1,1536,1767,32.000000,0,1,-1,1
150.000000,1,1328,1878,51.000000,0,1,-1,1
150.000000,1,1810,659,48.000000,1,1,1,0
150.000000,1,1077,1054,28.000000,0,1,-1,0
150.000000,1,1841,1065,32.000000,1,1,1,0
150.000000,1,923,1379,30.000000,1,1,1,1
150.000000,1,1359,1108,53.000000,0,1,-1,0
150.000000,1,991,538,35.000000,0,1,-1,0
150.000000,1,1422,1726,33.000000,0,1,-1,1
150.000000,1,1108,1114,56.000000,1,1,1,1
150.000000,1,687,1411,34.000000,0,1,-1,1
150.000000,1,1415,770,36.000000,0,1,-1,0
150.000000,1,1473,1246,43.000000,1,1,1,0
150.000000,1,1183,635,28.000000,0,1,-1,0
150.000000,1,1578,1222,61.000000,0,3,-3,0
150.000000,1,1585,989,43.000000,0,3,-3,0
150.000000,1,1508,671,43.000000,1,1,1,0
150.000000,1,872,1580,25.000000,1,1,1,1
150.000000,1,2173,524,27.000000,1,1,1,0
150.000000,1,1619,752,26.000000,1,1,1,0
150.000000,1,1478,879,36.000000,1,1,1,0
150.000000,1,1664,1628,42.000000,1,3,3,0
150.000000,1,796,1383,42.000000,0,1,-1,1
150.000000,1,1837,1412,31.000000,1,1,1,0
150.000000,1,1701,82,41.000000,1,1,1,0
150.000000,1,1467,1494,59.000000,0,3,-3,1
150.000000,1,807,641,69.000000,0,1,-1,0
150.000000,1,1442,1666,37.000000,1,1,1,1
150.000000,1,905,922,28.000000,1,1,1,1
150.000000,1,799,1740,44.000000,0,1,-1,1
150.000000,1,1314,1986,26.000000,0,1,-1,1
150.000000,1,795,1717,35.000000,1,1,1,1
150.000000,1,1428,556,36.000000,1,1,1,0
150.000000,1,1215,1780,47.000000,0,1,-1,1
150.000000,1,578,1383,48.000000,1,3,3,1
150.000000,1,541,2044,41.000000,0,1,-1,1
150.000000,1,694,965,27.000000,1,1,1,1
150.000000,1,1502,864,26.000000,0,1,-1,0
150.000000,1,553,1829,46.000000,0,1,-1,1
150.000000,1,1165,287,33.000000,1,1,1,0
150.000000,1,1325,904,30.000000,1,1,1,0
150.000000,1,1228,1952,43.000000,1,1,1,1
150.000000,1,1580,1690,33.000000,1,1,1,1
150.000000,1,1516,1372,49.000000,1,1,1,0
150.000000,1,657,1252,29.000000,1,1,1,1
150.000000,1,1500,1253,35.000000,1,1,1,0
150.000000,1,1297,2162,51.000000,0,1,-1,1
150.000000,1,1233,1525,38.000000,1,1,1,1
150.000000,1,2255,483,25.000000,0,1,-1,0
150.000000,1,1472,1636,59.000000,0,3,-3,1
150.000000,1,1958,785,27.000000,1,1,1,0
150.000000,1,1252,1569,21.000000,0,1,-1,1
150.000000,1,1229,1168,50.000000,0,1,-1,0
150.000000,1,608,1396,28.000000,0,1,-1,1
150.000000,1,1618,1226,51.000000,1,1,1,0
150.000000,1,1401,1845,34.000000,0,2,-2,1
150.000000,1,1200,1856,50.000000,0,1,-1,1
150.000000,1,1106,1298,56.000000,0,2,-2,1
150.000000,1,741,1202,19.000000,0,1,-1,1
150.000000,1,1473,1454,25.000000,1,1,1,0
150.000000,1,898,627,39.000000,0,1,-1,0
150.000000,1,852,1702,41.000000,0,2,-2,1
150.000000,1,1696,607,35.000000,1,1,1,0
150.000000,1,978,756,40.000000,0,1,-1,0
150.000000,1,1518,1402,28.000000,0,3,-3,0
150.000000,1,579,1230,31.000000,1,1,1,1
150.000000,1,830,979,33.000000,0,1,-1,1
150.000000,1,997,924,40.000000,1,1,1,0
150.000000,1,1119,1855,27.000000,0,1,-1,1
150.000000,1,803,952,45.000000,1,1,1,1
150.000000,1,1207,1615,47.000000,0,1,-1,1
150.000000,1,924,1529,49.000000,1,1,1,1
150.000000,1,570,1701,58.000000,0,3,-3,1
150.000000,1,642,1388,52.000000,1,3,3,1
150.000000,1,1714,1313,17.000000,0,1,-1,0
150.000000,1,1438,564,35.000000,0,1,-1,0
150.000000,1,1322,848,23.000000,1,1,1,0
150.000000,1,750,1317,34.000000,1,1,1,1
150.000000,1,1471,829,39.000000,0,1,-1,0
150.000000,1,785,861,60.000000,1,1,1,1
150.000000,1,1466,1571,39.000000,1,1,1,1
150.000000,1,1939,1112,45.000000,1,1,1,0
150.000000,1,738,1602,35.000000,1,1,1,1
150.000000,1,1781,1185,23.000000,1,1,1,0
150.000000,1,1555,448,40.000000,1,1,1,0
150.000000,1,395,2575,25.000000,0,1,-1,1
150.000000,1,1557,785,36.000000,1,1,1,0
150.000000,1,349,332,45.000000,0,1,-1,0
150.000000,1,1909,1379,41.000000,0,1,-1,0
150.000000,1,1096,1017,17.000000,1,1,1,0
150.000000,1,1656,730,19.000000,0,1,-1,0
150.000000,1,1575,837,16.000000,1,1,1,0
150.000000,1,1271,369,48.000000,1,1,1,0
150.000000,1,1746,752,34.000000,1,1,1,0
150.000000,1,2158,540,25.000000,1,1,1,0
150.000000,1,1612,1710,37.000000,1,1,1,1
150.000000,1,1312,691,42.000000,0,1,-1,0
150.000000,1,648,696,32.000000,1,1,1,1
150.000000,1,940,728,34.000000,1,1,1,0
150.000000,1,739,2177,46.000000,1,1,1,1
150.000000,1,1320,1973,37.000000,1,1,1,1
150.000000,1,1941,605,51.000000,0,1,-1,0
150.000000,1,1236,1827,37.000000,1,1,1,1
150.000000,1,1934,718,34.000000,1,1,1,0
150.000000,1,521,965,32.000000,0,1,-1,1
150.000000,1,441,2284,31.000000,0,1,-1,1
150.000000,1,1450,2119,30.000000,0,1,-1,1
150.000000,1,468,1600,48.000000,0,1,-1,1
150.000000,1,1865,633,41.000000,1,2,2,0
150.000000,1,1944,1327,57.000000,1,3,3,0
150.000000,1,1887,489,41.000000,1,1,1,0
150.000000,1,2064,612,56.000000,1,2,2,0
150.000000,1,1138,697,50.000000,1,1,1,0
150.000000,1,1440,1464,39.000000,0,1,-1,1
150.000000,1,1347,921,29.000000,1,1,1,0
150.000000,1,573,1288,44.000000,1,1,1,1
150.000000,1,2047,1729,36.000000,0,1,-1,0
150.000000,1,775,1697,36.000000,0,1,-1,1
150.000000,1,72,1633,35.000000,0,1,-1,1
150.000000,1,836,1050,35.000000,1,1,1,1
