0,91,1058,0,0,24,0.4629,
0,92,1079,0,0,25,0.4677,
0,93,870,0,0,25,0.4753,
0,94,766,0,0,25,0.4762,
0,95,784,0,0,26,0.4837,
0,91,59,0,0,31,0.3958,
0,92,55,0,0,31,0.3958,
0,93,67,0,0,31,0.3958,
0,94,90,0,0,30,0.3914,
0,95,105,0,0,31,0.3975,
1,91,-74,0,0,-18,-0.1831,
1,92,17,0,0,-18,-0.1804,
1,93,-584,0,0,-21,-0.1914,
1,94,-577,0,0,-20,-0.2058,
1,95,-570,0,0,-20,-0.2186,
0,91,-623,0,0,13,0.2366,
0,92,-598,0,0,14,0.2461,
0,93,-506,0,0,18,0.2671,
0,94,-618,0,0,18,0.2671,
0,95,-614,0,0,18,0.2671,
1,91,438,0,0,11,0.0519,
1,92,439,0,0,11,0.0578,
1,93,442,0,0,11,0.0617,
1,94,448,0,0,11,0.0658,
1,95,452,0,0,11,0.0727,
1,91,-86,0,0,-31,-0.5635,
1,92,-108,0,0,-31,-0.5687,
1,93,-236,0,0,-32,-0.5697,
1,94,-248,0,0,-33,-0.5686,
1,95,-160,0,0,-35,-0.5669,
1,91,-268,0,0,-6,-0.0838,
1,92,-255,0,0,-6,-0.0913,
1,93,-242,0,0,-6,-0.0986,
1,94,-217,0,0,-6,-0.1061,
1,95,-194,0,0,-6,-0.1137,
0,91,676,0,0,17,0.3241,
0,92,595,0,0,16,0.3212,
0,93,1128,0,0,15,0.3203,
0,94,1157,0,0,15,0.328,
0,95,1269,0,0,14,0.331,
0,91,42,0,0,19,0.6082,
0,92,42,0,0,19,0.6031,
0,93,43,0,0,16,0.5974,
0,94,136,0,0,16,0.5929,
0,95,129,0,0,17,0.5967,
1,91,92,0,0,-7,0.0598,
1,92,-524,0,0,-7,0.056,
1,93,-646,0,0,-7,0.0483,
1,94,-664,0,0,-7,0.0406,
1,95,-682,0,0,-7,0.0328,
1,91,-184,0,0,-15,-0.3998,
1,92,36,0,0,-18,-0.4149,
1,93,40,0,0,-20,-0.4139,
1,94,44,0,0,-20,-0.4139,
1,95,40,0,0,-20,-0.4139,
1,91,-363,0,0,-25,-0.3663,
1,92,-850,0,0,-25,-0.3786,
1,93,-942,0,0,-27,-0.3884,
1,94,-933,0,0,-32,-0.4008,
1,95,-955,0,0,-31,-0.4127,
1,91,468,0,0,-33,-0.4854,
1,92,332,0,0,-33,-0.4756,
1,93,305,0,0,-33,-0.4676,
1,94,269,0,0,-32,-0.4579,
1,95,215,0,0,-33,-0.4572,
0,91,411,0,0,9,0.0144,
0,92,443,0,0,9,0.0144,
0,93,672,0,0,9,0.0144,
0,94,574,0,0,9,0.0144,
0,95,592,0,0,9,0.0144,
1,91,-772,0,0,-12,-0.2778,
1,92,-889,0,0,-12,-0.2748,
1,93,-892,0,0,-12,-0.2719,
1,94,-895,0,0,-12,-0.269,
1,95,-898,0,0,-12,-0.2577,
0,91,92,0,0,11,0.3019,
0,92,-24,0,0,11,0.3053,
0,93,-20,0,0,11,0.3037,
0,94,-16,0,0,12,0.3016,
0,95,-12,0,0,14,0.2995,
0,91,-676,0,0,9,0.1279,
0,92,-660,0,0,9,0.1279,
0,93,-504,0,0,9,0.1244,
0,94,-456,0,0,9,0.1244,
0,95,-60,0,0,9,0.1244,
0,91,316,0,0,26,0.4928,
0,92,339,0,0,26,0.4928,
0,93,350,0,0,26,0.4928,
0,94,361,0,0,26,0.4928,
0,95,374,0,0,26,0.4928,
1,91,-638,0,0,-10,-0.2006,
1,92,-647,0,0,-11,-0.2165,
1,93,-643,0,0,-12,-0.2275,
1,94,-617,0,0,-13,-0.2401,
1,95,-582,0,0,-13,-0.25,
1,91,-799,0,0,-20,-0.228,
1,92,-799,0,0,-19,-0.223,
1,93,-780,0,0,-19,-0.218,
1,94,-780,0,0,-19,-0.218,
1,95,-871,0,0,-19,-0.218,
0,91,237,0,0,18,0.4952,
0,92,246,0,0,19,0.4952,
0,93,255,0,0,19,0.4753,
0,94,264,0,0,19,0.4599,
0,95,273,0,0,19,0.441,
1,91,-10,0,0,-15,-0.0949,
1,92,-150,0,0,-16,-0.0978,
1,93,-150,0,0,-18,-0.1146,
1,94,-149,0,0,-14,-0.1117,
1,95,-247,0,0,-15,-0.0965,
1,91,-489,0,0,-12,-0.1452,
1,92,-491,0,0,-12,-0.151,
1,93,-377,0,0,-15,-0.1582,
1,94,-476,0,0,-15,-0.1611,
1,95,-479,0,0,-16,-0.1656,
0,91,429,0,0,-8,-0.0473,
0,92,538,0,0,-8,-0.0473,
0,93,426,0,0,-8,-0.0366,
0,94,413,0,0,-8,-0.0329,
0,95,392,0,0,-7,-0.0291,
1,91,-458,0,0,-24,-0.0473,
1,92,-376,0,0,-24,-0.0542,
1,93,-386,0,0,-24,-0.0542,
1,94,-490,0,0,-24,-0.0542,
1,95,-494,0,0,-24,-0.0542,
1,91,-662,0,0,-10,-0.2901,
1,92,-676,0,0,-10,-0.296,
1,93,-714,0,0,-10,-0.2986,
1,94,-644,0,0,-10,-0.2986,
1,95,-650,0,0,-10,-0.2986,
1,91,-225,0,0,-4,-0.218,
1,92,-222,0,0,-5,-0.2406,
1,93,-217,0,0,-6,-0.2678,
1,94,-744,0,0,-6,-0.2607,
1,95,-775,0,0,-6,-0.2636,
1,91,45,0,0,-5,0.0737,
1,92,34,0,0,-5,0.0737,
1,93,-198,0,0,-5,0.0737,
1,94,-209,0,0,-5,0.0737,
1,95,-104,0,0,-6,0.0767,
1,91,-1033,0,0,-10,-0.06,
1,92,-1024,0,0,-10,-0.0749,
1,93,-910,0,0,-10,-0.0869,
1,94,-899,0,0,-10,-0.1059,
1,95,-895,0,0,-12,-0.1259,
1,91,472,0,0,13,0.188,
1,92,374,0,0,13,0.2032,
1,93,464,0,0,13,0.2236,
1,94,464,0,0,13,0.236,
1,95,464,0,0,12,0.2485,
0,91,5,0,0,16,0.0507,
0,92,5,0,0,15,0.0477,
0,93,17,0,0,14,0.0471,
0,94,27,0,0,13,0.0503,
0,95,47,0,0,15,0.0581,
0,91,764,0,0,8,0.2108,
0,92,804,0,0,7,0.1967,
0,93,821,0,0,8,0.2072,
0,94,820,0,0,7,0.2175,
0,95,802,0,0,5,0.2175,
1,91,-318,0,0,11,0.1115,
1,92,-218,0,0,11,0.1115,
1,93,-212,0,0,11,0.1115,
1,94,-206,0,0,11,0.1115,
1,95,-212,0,0,11,0.1115,
1,91,7,0,0,-15,-0.3962,
1,92,-11,0,0,-18,-0.4124,
1,93,-23,0,0,-20,-0.4299,
1,94,69,0,0,-20,-0.4344,
1,95,65,0,0,-20,-0.4275,
1,91,178,0,0,4,0.2551,
1,92,154,0,0,4,0.2551,
1,93,154,0,0,4,0.2551,
1,94,-370,0,0,4,0.2551,
1,95,-374,0,0,4,0.2645,
1,91,145,0,0,-6,-0.1683,
1,92,121,0,0,-6,-0.17,
1,93,113,0,0,-8,-0.1775,
1,94,75,0,0,-10,-0.1967,
1,95,-53,0,0,-10,-0.2001,
0,91,1243,0,0,20,0.1437,
0,92,1239,0,0,20,0.1437,
0,93,1225,0,0,20,0.1437,
0,94,1218,0,0,19,0.1394,
0,95,1239,0,0,18,0.1354,
1,91,-535,0,0,-3,0.143,
1,92,-555,0,0,-2,0.123,
1,93,-559,0,0,1,0.124,
1,94,-552,0,0,0,0.1135,
1,95,-528,0,0,0,0.1135,
0,91,-271,0,0,-17,-0.0962,
0,92,-79,0,0,-17,-0.0932,
0,93,-70,0,0,-17,-0.0903,
0,94,-53,0,0,-20,-0.0781,
0,95,-51,0,0,-16,-0.0637,
1,91,375,0,0,-30,-0.3762,
1,92,476,0,0,-30,-0.3762,
1,93,476,0,0,-30,-0.3762,
1,94,484,0,0,-30,-0.3762,
1,95,391,0,0,-30,-0.3762,
0,91,-216,0,0,-7,-0.1023,
0,92,-232,0,0,-7,-0.097,
0,93,-246,0,0,-7,-0.0969,
0,94,-246,0,0,-7,-0.0969,
0,95,-221,0,0,-8,-0.0957,
1,91,32,0,0,-5,0.047,
1,92,10,0,0,-5,0.0452,
1,93,6,0,0,-7,0.0409,
1,94,12,0,0,-6,0.0495,
1,95,13,0,0,-6,0.0499,
0,91,667,0,0,27,0.4738,
0,92,670,0,0,26,0.4833,
0,93,690,0,0,27,0.4931,
0,94,709,0,0,27,0.4931,
0,95,716,0,0,30,0.5014,
0,91,-173,0,0,19,0.2872,
0,92,-173,0,0,19,0.2872,
0,93,-188,0,0,19,0.2872,
0,94,-311,0,0,20,0.3032,
0,95,-326,0,0,20,0.3032,
1,91,-59,0,0,-41,-0.5387,
1,92,-69,0,0,-45,-0.5596,
1,93,22,0,0,-47,-0.5776,
1,94,-91,0,0,-47,-0.5776,
1,95,-96,0,0,-47,-0.5776,
0,91,486,0,0,11,0.2414,
0,92,464,0,0,11,0.2338,
0,93,483,0,0,12,0.2277,
0,94,407,0,0,13,0.2153,
0,95,433,0,0,13,0.2053,
0,91,74,0,0,6,-0.0052,
0,92,89,0,0,6,-0.0062,
0,93,88,0,0,6,0.0089,
0,94,89,0,0,6,0.0111,
0,95,87,0,0,6,0.0148,
1,91,-186,0,0,-6,0.0256,
1,92,-314,0,0,-5,0.0073,
1,93,-433,0,0,-5,0.0073,
1,94,-314,0,0,-7,-0.0076,
1,95,-315,0,0,-8,-0.0197,
0,91,-187,0,0,0,-0.1989,
0,92,-191,0,0,0,-0.1989,
0,93,-86,0,0,1,-0.205,
0,94,-93,0,0,1,-0.2041,
0,95,14,0,0,-1,-0.1916,
1,91,236,0,0,5,0.0009,
1,92,226,0,0,2,-0.009,
1,93,226,0,0,2,-0.009,
1,94,242,0,0,2,-0.009,
1,95,366,0,0,2,-0.009,
1,91,-451,0,0,-3,0.2273,
1,92,-451,0,0,-2,0.2313,
1,93,-354,0,0,-1,0.2217,
1,94,-254,0,0,0,0.2104,
1,95,-249,0,0,0,0.2124,
1,91,-309,0,0,17,0.0202,
1,92,-305,0,0,17,0.0182,
1,93,-315,0,0,18,0.015,
1,94,-316,0,0,18,0.0145,
1,95,-312,0,0,18,0.0145,
0,91,834,0,0,25,0.4127,
0,92,846,0,0,26,0.4154,
0,93,850,0,0,27,0.4181,
0,94,858,0,0,27,0.4207,
0,95,761,0,0,29,0.4234,
1,91,256,0,0,-6,0.0763,
1,92,166,0,0,-6,0.0763,
1,93,177,0,0,-5,0.0759,
1,94,79,0,0,-5,0.0796,
1,95,93,0,0,-5,0.0804,
0,91,115,0,0,19,0.1269,
0,92,99,0,0,20,0.1376,
0,93,-25,0,0,20,0.1504,
0,94,-137,0,0,19,0.1632,
0,95,79,0,0,18,0.1712,
1,91,-503,0,0,1,-0.1994,
1,92,-511,0,0,1,-0.1826,
1,93,-519,0,0,1,-0.1766,
1,94,-527,0,0,2,-0.1709,
1,95,-546,0,0,4,-0.1549,
0,91,-44,0,0,9,0.2195,
0,92,-173,0,0,8,0.2133,
0,93,-178,0,0,8,0.2088,
0,94,-178,0,0,9,0.2112,
0,95,-179,0,0,5,0.2054,
1,91,-924,0,0,-7,-0.1191,
1,92,-938,0,0,-5,-0.1173,
1,93,-943,0,0,-3,-0.117,
1,94,-932,0,0,-1,-0.1061,
1,95,-1028,0,0,1,-0.0974,
1,91,-724,0,0,-13,-0.0281,
1,92,-717,0,0,-15,-0.0351,
1,93,-685,0,0,-16,-0.0458,
1,94,-654,0,0,-19,-0.0555,
1,95,-639,0,0,-20,-0.0658,
0,91,363,0,0,-6,-0.3874,
0,92,372,0,0,-7,-0.4158,
0,93,490,0,0,-7,-0.428,
0,94,498,0,0,-5,-0.4248,
0,95,447,0,0,-7,-0.4367,
1,91,-711,0,0,-28,-0.2788,
1,92,-712,0,0,-30,-0.2978,
1,93,-717,0,0,-30,-0.315,
1,94,-743,0,0,-30,-0.3098,
1,95,-767,0,0,-31,-0.2933,
1,91,-4,0,0,-9,-0.0932,
1,92,3,0,0,-9,-0.0932,
1,93,-5,0,0,-9,-0.0932,
1,94,6,0,0,-9,-0.0932,
1,95,-110,0,0,-9,-0.0932,
0,91,382,0,0,3,-0.0621,
0,92,390,0,0,3,-0.0621,
0,93,382,0,0,3,-0.0621,
0,94,366,0,0,2,-0.0461,
0,95,-68,0,0,3,-0.0301,
1,91,-371,0,0,3,0.1833,
1,92,-363,0,0,3,0.1833,
1,93,-151,0,0,3,0.1833,
1,94,-351,0,0,3,0.1863,
1,95,-345,0,0,3,0.1892,
0,91,-441,0,0,-4,-0.2115,
0,92,-413,0,0,-4,-0.2106,
0,93,-394,0,0,-4,-0.2106,
0,94,-271,0,0,-4,-0.2106,
0,95,-279,0,0,-4,-0.2106,
1,91,-843,0,0,-3,0.1346,
1,92,-835,0,0,-3,0.1209,
1,93,-776,0,0,-3,0.1081,
1,94,-793,0,0,-1,0.1147,
1,95,-788,0,0,0,0.1165,
0,91,560,0,0,2,0.2565,
0,92,556,0,0,2,0.2599,
0,93,568,0,0,2,0.2634,
0,94,580,0,0,2,0.2668,
0,95,368,0,0,2,0.2668,
0,91,26,0,0,14,0.0085,
0,92,53,0,0,14,0.012,
0,93,62,0,0,14,0.0239,
0,94,74,0,0,17,0.0429,
0,95,74,0,0,21,0.0448,
0,91,145,0,0,0,0.2908,
0,92,129,0,0,-1,0.2803,
0,93,112,0,0,-3,0.2704,
0,94,180,0,0,-3,0.2607,
0,95,139,0,0,2,0.2561,
1,91,0,0,0,-13,-0.1591,
1,92,8,0,0,-13,-0.1983,
1,93,-101,0,0,-17,-0.2105,
1,94,-125,0,0,-17,-0.2076,
1,95,-156,0,0,-17,-0.211,
1,91,-739,0,0,-12,-0.3046,
1,92,-776,0,0,-13,-0.3065,
1,93,-807,0,0,-15,-0.3086,
1,94,-807,0,0,-17,-0.3165,
1,95,-801,0,0,-16,-0.3138,
1,91,39,0,0,11,0.079,
1,92,43,0,0,11,0.069,
1,93,47,0,0,11,0.059,
1,94,51,0,0,11,0.049,
1,95,55,0,0,11,0.039,
0,91,601,0,0,0,-0.1664,
0,92,613,0,0,0,-0.1664,
0,93,633,0,0,0,-0.1814,
0,94,653,0,0,0,-0.1963,
0,95,673,0,0,0,-0.2112,
1,91,450,0,0,-10,0.0459,
1,92,450,0,0,-10,0.0513,
1,93,333,0,0,-9,0.0574,
1,94,325,0,0,-8,0.0625,
1,95,326,0,0,-8,0.0667,
0,91,987,0,0,42,0.4331,
0,92,1011,0,0,42,0.4351,
0,93,1036,0,0,45,0.4447,
0,94,1057,0,0,47,0.453,
0,95,1073,0,0,51,0.4624,
0,91,75,0,0,17,0.0331,
0,92,74,0,0,17,0.0331,
0,93,73,0,0,17,0.0331,
0,94,77,0,0,17,0.0331,
0,95,167,0,0,17,0.0331,
0,91,670,0,0,17,0.1899,
0,92,661,0,0,17,0.1933,
0,93,636,0,0,17,0.1967,
0,94,507,0,0,17,0.2001,
0,95,-13,0,0,18,0.1908,
1,91,-244,0,0,-11,-0.1293,
1,92,-254,0,0,-11,-0.1307,
1,93,-255,0,0,-12,-0.1323,
1,94,-228,0,0,-11,-0.1289,
1,95,-248,0,0,-11,-0.1255,
1,91,-588,0,0,-15,-0.4044,
1,92,-592,0,0,-15,-0.4044,
1,93,-604,0,0,-15,-0.4044,
1,94,-607,0,0,-15,-0.4141,
1,95,-610,0,0,-14,-0.4175,
1,91,-240,0,0,-22,-0.3194,
1,92,-243,0,0,-24,-0.3371,
1,93,-245,0,0,-26,-0.353,
1,94,-130,0,0,-26,-0.3747,
1,95,-115,0,0,-26,-0.3785,
1,91,-414,0,0,-19,-0.6361,
1,92,-419,0,0,-22,-0.6499,
1,93,-399,0,0,-25,-0.6576,
1,94,-405,0,0,-26,-0.6658,
1,95,-309,0,0,-26,-0.6663,
1,91,-956,0,0,5,-0.1187,
1,92,-345,0,0,6,-0.1318,
1,93,-331,0,0,5,-0.1358,
1,94,-347,0,0,5,-0.1358,
1,95,-351,0,0,5,-0.1358,
0,91,632,0,0,18,0.2196,
0,92,640,0,0,18,0.2448,
0,93,515,0,0,19,0.2821,
0,94,379,0,0,18,0.2891,
0,95,364,0,0,18,0.2891,
0,91,90,0,0,20,0.3488,
0,92,222,0,0,20,0.3488,
0,93,234,0,0,19,0.358,
0,94,244,0,0,22,0.3744,
0,95,133,0,0,22,0.3787,
1,91,-365,0,0,-18,-0.1854,
1,92,-354,0,0,-18,-0.1854,
1,93,-319,0,0,-18,-0.2194,
1,94,-220,0,0,-18,-0.2194,
1,95,-237,0,0,-18,-0.2194,
0,91,339,0,0,-1,0.0582,
0,92,241,0,0,-1,0.0582,
0,93,129,0,0,-1,0.0582,
0,94,133,0,0,-1,0.0582,
0,95,135,0,0,0,0.0636,
0,91,562,0,0,2,0.1825,
0,92,424,0,0,3,0.182,
0,93,408,0,0,3,0.182,
0,94,508,0,0,3,0.186,
0,95,540,0,0,4,0.19,
0,91,720,0,0,17,0.056,
0,92,1348,0,0,17,0.056,
0,93,1478,0,0,17,0.0491,
0,94,1502,0,0,17,0.0491,
0,95,1526,0,0,17,0.0491,
0,91,-47,0,0,10,0.2456,
0,92,-24,0,0,10,0.2439,
0,93,81,0,0,10,0.2439,
0,94,63,0,0,9,0.2444,
0,95,137,0,0,9,0.2448,
1,91,273,0,0,-2,-0.338,
1,92,264,0,0,-3,-0.3547,
1,93,236,0,0,-3,-0.3547,
1,94,220,0,0,-3,-0.3547,
1,95,232,0,0,-3,-0.3759,
1,91,-806,0,0,-17,-0.3019,
1,92,-296,0,0,-17,-0.3132,
1,93,-393,0,0,-17,-0.3132,
1,94,-394,0,0,-17,-0.3232,
1,95,-387,0,0,-18,-0.3197,
0,91,-44,0,0,35,0.528,
0,92,-44,0,0,35,0.528,
0,93,-44,0,0,36,0.5382,
0,94,-44,0,0,39,0.5484,
0,95,-43,0,0,39,0.5578,
1,91,-73,0,0,-8,-0.1466,
1,92,-65,0,0,-7,-0.1355,
1,93,-60,0,0,-5,-0.1304,
1,94,-57,0,0,-3,-0.1234,
1,95,62,0,0,-3,-0.1204,
0,91,19,0,0,18,0.3678,
0,92,7,0,0,21,0.3908,
0,93,112,0,0,23,0.4083,
0,94,245,0,0,24,0.4159,
0,95,273,0,0,24,0.4189,
0,91,515,0,0,13,0.2299,
0,92,396,0,0,15,0.2247,
0,93,394,0,0,15,0.2163,
0,94,368,0,0,13,0.1962,
0,95,27,0,0,14,0.1925,
0,91,-313,0,0,8,0.1021,
0,92,-423,0,0,8,0.1021,
0,93,-423,0,0,8,0.1005,
0,94,-334,0,0,7,0.0832,
0,95,-320,0,0,6,0.0794,
1,91,164,0,0,-24,-0.3967,
1,92,155,0,0,-26,-0.4049,
1,93,255,0,0,-28,-0.4164,
1,94,245,0,0,-28,-0.4164,
1,95,227,0,0,-28,-0.4164,
1,91,296,0,0,-6,0.2203,
1,92,280,0,0,-6,0.2203,
1,93,280,0,0,-7,0.2314,
1,94,396,0,0,-7,0.2314,
1,95,404,0,0,-7,0.2314,
0,91,383,0,0,30,0.6225,
0,92,420,0,0,30,0.6259,
0,93,441,0,0,30,0.6259,
0,94,455,0,0,30,0.6259,
0,95,462,0,0,30,0.6259,
0,91,290,0,0,-3,-0.1101,
0,92,280,0,0,-3,-0.1127,
0,93,268,0,0,-3,-0.1241,
0,94,254,0,0,-2,-0.1432,
0,95,257,0,0,-5,-0.1685,
0,91,184,0,0,6,0.378,
0,92,185,0,0,6,0.378,
0,93,186,0,0,6,0.378,
0,94,196,0,0,6,0.3805,
0,95,212,0,0,6,0.3861,
0,91,49,0,0,19,0.2268,
0,92,77,0,0,19,0.21,
0,93,213,0,0,18,0.1972,
0,94,341,0,0,18,0.1972,
0,95,337,0,0,18,0.1972,
1,91,121,0,0,-25,-0.2577,
1,92,521,0,0,-25,-0.2577,
1,93,417,0,0,-25,-0.2577,
1,94,409,0,0,-25,-0.263,
1,95,397,0,0,-25,-0.2688,
1,91,-324,0,0,-22,-0.4678,
1,92,-310,0,0,-22,-0.4658,
1,93,-401,0,0,-22,-0.4658,
1,94,-400,0,0,-22,-0.4658,
1,95,-296,0,0,-22,-0.4658,
1,91,-456,0,0,-1,0.1092,
1,92,-444,0,0,-1,0.1092,
1,93,-432,0,0,-1,0.1092,
1,94,-436,0,0,-1,0.1092,
1,95,-444,0,0,-1,0.1092,
0,91,-594,0,0,5,0.1634,
0,92,-586,0,0,5,0.1796,
0,93,-58,0,0,4,0.1954,
0,94,-50,0,0,3,0.1965,
0,95,-45,0,0,4,0.1954,
1,91,338,0,0,-2,-0.0268,
1,92,454,0,0,-3,-0.0337,
1,93,447,0,0,-3,-0.0321,
1,94,324,0,0,-3,-0.0129,
1,95,312,0,0,-2,-0.0166,
1,91,-367,0,0,-41,-0.5422,
1,92,-367,0,0,-41,-0.5422,
1,93,-375,0,0,-41,-0.5422,
1,94,-375,0,0,-41,-0.5422,
1,95,-378,0,0,-41,-0.5564,
0,91,-517,0,0,16,0.3628,
0,92,-289,0,0,16,0.3628,
0,93,-285,0,0,16,0.3628,
0,94,-395,0,0,16,0.3741,
0,95,-403,0,0,16,0.3778,
1,91,-1036,0,0,-21,-0.3556,
1,92,-1134,0,0,-22,-0.3636,
1,93,-1032,0,0,-21,-0.3699,
1,94,-1039,0,0,-21,-0.3772,
1,95,-931,0,0,-21,-0.38,
0,91,329,0,0,29,0.2215,
0,92,554,0,0,29,0.2317,
0,93,573,0,0,28,0.2418,
0,94,571,0,0,28,0.2418,
0,95,578,0,0,28,0.2418,
0,91,536,0,0,13,0.2641,
0,92,419,0,0,14,0.2806,
0,93,509,0,0,15,0.2799,
0,94,515,0,0,16,0.2793,
0,95,641,0,0,16,0.2859,
0,91,-531,0,0,4,-0.1139,
0,92,-528,0,0,4,-0.1218,
0,93,-520,0,0,5,-0.1207,
0,94,-507,0,0,6,-0.1149,
0,95,-493,0,0,6,-0.1147,
0,91,361,0,0,17,0.2573,
0,92,355,0,0,17,0.2573,
0,93,451,0,0,17,0.2573,
0,94,437,0,0,17,0.2573,
0,95,439,0,0,17,0.2573,
0,91,-296,0,0,14,-0.1011,
0,92,-288,0,0,14,-0.1011,
0,93,-172,0,0,14,-0.1021,
0,94,-171,0,0,14,-0.1021,
0,95,-54,0,0,13,-0.0994,
1,91,-1072,0,0,-29,-0.4707,
1,92,-1068,0,0,-29,-0.4705,
1,93,-1068,0,0,-30,-0.4665,
1,94,-1181,0,0,-30,-0.4739,
1,95,-1182,0,0,-30,-0.4704,
0,91,790,0,0,9,0.0102,
0,92,802,0,0,6,0.0226,
0,93,937,0,0,5,0.0383,
0,94,445,0,0,3,0.0399,
0,95,445,0,0,5,0.0529,
0,91,-196,0,0,7,0.2698,
0,92,-180,0,0,8,0.2718,
0,93,-165,0,0,5,0.2716,
0,94,-161,0,0,8,0.2677,
0,95,-167,0,0,9,0.2724,
0,91,-204,0,0,7,0.161,
0,92,-218,0,0,9,0.1625,
0,93,-102,0,0,10,0.1641,
0,94,-99,0,0,10,0.1626,
0,95,-64,0,0,8,0.1597,
0,91,578,0,0,1,0.0311,
0,92,603,0,0,4,0.038,
0,93,512,0,0,4,0.0371,
0,94,512,0,0,4,0.0335,
0,95,498,0,0,4,0.0321,
1,91,-79,0,0,-8,0.0799,
1,92,-84,0,0,-8,0.0652,
1,93,-201,0,0,-7,0.0639,
1,94,-291,0,0,-7,0.0626,
1,95,-266,0,0,-7,0.063,
0,91,552,0,0,9,0.2555,
0,92,552,0,0,11,0.2589,
0,93,438,0,0,12,0.2637,
0,94,407,0,0,11,0.2502,
0,95,286,0,0,10,0.2422,
1,91,-148,0,0,-17,-0.1778,
1,92,-161,0,0,-18,-0.1818,
1,93,-190,0,0,-18,-0.1946,
1,94,-214,0,0,-17,-0.203,
1,95,-221,0,0,-17,-0.203,
0,91,580,0,0,28,0.4583,
0,92,582,0,0,26,0.4549,
0,93,702,0,0,27,0.4469,
0,94,734,0,0,27,0.4429,
0,95,733,0,0,27,0.4413,
1,91,-331,0,0,-6,-0.1193,
1,92,-231,0,0,-6,-0.1241,
1,93,-235,0,0,-6,-0.1268,
1,94,-239,0,0,-6,-0.1268,
1,95,-259,0,0,-6,-0.1294,
1,91,-931,0,0,-11,-0.0912,
1,92,-922,0,0,-13,-0.1169,
1,93,-920,0,0,-13,-0.1143,
1,94,-801,0,0,-13,-0.1129,
1,95,-778,0,0,-12,-0.1102,
1,91,-174,0,0,-18,-0.3663,
1,92,-206,0,0,-18,-0.3636,
1,93,-238,0,0,-18,-0.3636,
1,94,-234,0,0,-18,-0.3636,
1,95,-222,0,0,-18,-0.3636,
0,91,805,0,0,14,0.0633,
0,92,805,0,0,14,0.0521,
0,93,885,0,0,14,0.0409,
0,94,783,0,0,14,0.0297,
0,95,783,0,0,14,0.0185,
1,91,-100,0,0,-5,-0.1745,
1,92,-128,0,0,-5,-0.1745,
1,93,-54,0,0,-6,-0.1781,
1,94,434,0,0,-5,-0.1784,
1,95,419,0,0,-5,-0.174,
1,91,-288,0,0,-6,-0.3862,
1,92,-280,0,0,-7,-0.4054,
1,93,-260,0,0,-9,-0.4236,
1,94,-260,0,0,-9,-0.4422,
1,95,-151,0,0,-11,-0.4587,
1,91,-3,0,0,2,0.0249,
1,92,78,0,0,1,-0.002,
1,93,250,0,0,3,-0.0215,
1,94,236,0,0,2,-0.019,
1,95,96,0,0,2,-0.019,
1,91,-410,0,0,-29,-0.5825,
1,92,-411,0,0,-31,-0.5945,
1,93,-297,0,0,-29,-0.5941,
1,94,-280,0,0,-32,-0.6065,
1,95,-264,0,0,-32,-0.6099,
0,91,143,0,0,17,0.2533,
0,92,247,0,0,17,0.2667,
0,93,247,0,0,17,0.28,
0,94,143,0,0,14,0.2976,
0,95,143,0,0,13,0.2992,
1,91,-340,0,0,-26,-0.3964,
1,92,-364,0,0,-26,-0.3964,
1,93,-372,0,0,-26,-0.3844,
1,94,-392,0,0,-26,-0.3804,
1,95,-420,0,0,-26,-0.3804,
0,91,122,0,0,5,0.258,
0,92,169,0,0,5,0.2556,
0,93,-319,0,0,4,0.2543,
0,94,-322,0,0,1,0.2575,
0,95,-332,0,0,1,0.2636,
0,91,598,0,0,-9,-0.0877,
0,92,497,0,0,-9,-0.0772,
0,93,605,0,0,-9,-0.0765,
0,94,628,0,0,-9,-0.0765,
0,95,643,0,0,-9,-0.0765,
0,91,930,0,0,43,0.7737,
0,92,937,0,0,42,0.7735,
0,93,937,0,0,42,0.7723,
0,94,842,0,0,43,0.7711,
0,95,863,0,0,43,0.7716,
1,91,-223,0,0,-10,-0.0115,
1,92,-218,0,0,-9,-0.0195,
1,93,-208,0,0,-8,-0.0181,
1,94,-323,0,0,-8,-0.0181,
1,95,-334,0,0,-8,-0.0181,
0,91,87,0,0,30,0.5612,
0,92,194,0,0,31,0.5983,
0,93,214,0,0,31,0.6215,
0,94,324,0,0,31,0.6215,
0,95,540,0,0,31,0.6215,
1,91,212,0,0,9,0.0926,
1,92,196,0,0,8,0.0936,
1,93,308,0,0,8,0.0935,
1,94,217,0,0,8,0.0971,
1,95,132,0,0,4,0.1157,
1,91,118,0,0,-1,-0.338,
1,92,126,0,0,-2,-0.3414,
1,93,24,0,0,-2,-0.3414,
1,94,32,0,0,-2,-0.3414,
1,95,136,0,0,-2,-0.3414,
1,91,-436,0,0,-8,0.0004,
1,92,-441,0,0,-8,0.0046,
1,93,-344,0,0,-8,0.0118,
1,94,-356,0,0,-9,0.0179,
1,95,-491,0,0,-9,0.0218,
0,91,110,0,0,6,0.3148,
0,92,134,0,0,6,0.3148,
0,93,352,0,0,6,0.3148,
0,94,342,0,0,5,0.3188,
0,95,333,0,0,7,0.3212,
1,91,-893,0,0,-8,-0.1156,
1,92,-828,0,0,-9,-0.123,
1,93,-935,0,0,-9,-0.126,
1,94,-927,0,0,-10,-0.1107,
1,95,-888,0,0,-8,-0.1059,
1,91,-90,0,0,-10,-0.0839,
1,92,-84,0,0,-11,-0.0909,
1,93,-97,0,0,-11,-0.0708,
1,94,-19,0,0,-15,-0.0556,
1,95,-166,0,0,-16,-0.0593,
0,91,-75,0,0,8,0.2721,
0,92,-77,0,0,8,0.2804,
0,93,-71,0,0,9,0.2918,
0,94,-65,0,0,9,0.299,
0,95,-175,0,0,11,0.3062,
0,91,362,0,0,12,0.2797,
0,92,372,0,0,12,0.2899,
0,93,390,0,0,13,0.2637,
0,94,400,0,0,11,0.2346,
0,95,398,0,0,9,0.2111,
1,91,-502,0,0,-16,-0.1118,
1,92,-472,0,0,-16,-0.1118,
1,93,-454,0,0,-16,-0.1118,
1,94,-452,0,0,-16,-0.1118,
1,95,-450,0,0,-16,-0.1118,
0,91,-28,0,0,1,0.2092,
0,92,-14,0,0,1,0.2096,
0,93,1,0,0,1,0.2122,
0,94,-91,0,0,2,0.2155,
0,95,-186,0,0,2,0.2155,
0,91,263,0,0,26,0.384,
0,92,268,0,0,24,0.3882,
0,93,274,0,0,24,0.3889,
0,94,413,0,0,23,0.3894,
0,95,428,0,0,24,0.3914,
0,91,91,0,0,-3,-0.3753,
0,92,106,0,0,-3,-0.3753,
0,93,121,0,0,-3,-0.3753,
0,94,128,0,0,-3,-0.3753,
0,95,128,0,0,-4,-0.3753,
0,91,542,0,0,10,-0.0134,
0,92,523,0,0,9,0.005,
0,93,503,0,0,9,0.008,
0,94,386,0,0,9,0.0189,
0,95,396,0,0,9,0.0305,
0,91,-302,0,0,14,0.2217,
0,92,-324,0,0,15,0.218,
0,93,-344,0,0,16,0.2214,
0,94,-380,0,0,17,0.2249,
0,95,-14,0,0,18,0.2283,
1,91,-1068,0,0,-1,0.2818,
1,92,-1074,0,0,-1,0.2775,
1,93,-974,0,0,0,0.2788,
1,94,-1075,0,0,2,0.2901,
1,95,-1046,0,0,3,0.282,
1,91,-497,0,0,-1,-0.0224,
1,92,-279,0,0,-1,-0.0527,
1,93,-289,0,0,-3,-0.0815,
1,94,-293,0,0,-6,-0.1048,
1,95,203,0,0,-9,-0.137,
1,91,-303,0,0,-23,-0.2534,
1,92,-340,0,0,-24,-0.2552,
1,93,-372,0,0,-24,-0.2552,
1,94,-492,0,0,-24,-0.2552,
1,95,-608,0,0,-24,-0.2552,
0,91,-116,0,0,-5,-0.0584,
0,92,1,0,0,-5,-0.0614,
0,93,426,0,0,-5,-0.0643,
0,94,419,0,0,-7,-0.0707,
0,95,-92,0,0,-7,-0.0736,
0,91,374,0,0,-7,-0.1249,
0,92,356,0,0,-6,-0.1186,
0,93,352,0,0,-6,-0.1202,
0,94,348,0,0,-6,-0.1338,
0,95,341,0,0,-6,-0.1472,
1,91,-146,0,0,9,0.0105,
1,92,-177,0,0,9,0.0105,
1,93,-188,0,0,9,0.0105,
1,94,-91,0,0,9,0.0105,
1,95,-86,0,0,9,0.0105,
1,91,135,0,0,-8,-0.0708,
1,92,129,0,0,-8,-0.0815,
1,93,120,0,0,-8,-0.0963,
1,94,116,0,0,-8,-0.1094,
1,95,116,0,0,-7,-0.1225,
0,91,350,0,0,10,0.1889,
0,92,382,0,0,10,0.1926,
0,93,382,0,0,10,0.1926,
0,94,367,0,0,10,0.1926,
0,95,355,0,0,11,0.1936,
1,91,64,0,0,-15,-0.4803,
1,92,-31,0,0,-15,-0.4887,
1,93,-29,0,0,-15,-0.4887,
1,94,-235,0,0,-15,-0.4887,
1,95,-219,0,0,-15,-0.4887,
0,91,-554,0,0,15,0.0084,
0,92,-460,0,0,15,0.0025,
0,93,-468,0,0,15,0.005,
0,94,-465,0,0,15,0.005,
0,95,-462,0,0,15,0.005,
0,91,-438,0,0,-9,-0.2416,
0,92,-364,0,0,-10,-0.2415,
0,93,-262,0,0,-10,-0.2452,
0,94,-247,0,0,-10,-0.2453,
0,95,-267,0,0,-10,-0.2453,
1,91,-824,0,0,-15,-0.0749,
1,92,-824,0,0,-10,-0.0917,
1,93,-836,0,0,-10,-0.1045,
1,94,-848,0,0,-7,-0.1141,
1,95,-873,0,0,-6,-0.1237,
1,91,-1174,0,0,-12,-0.3644,
1,92,-1302,0,0,-16,-0.377,
1,93,-1306,0,0,-18,-0.3895,
1,94,-1221,0,0,-17,-0.4025,
1,95,-1229,0,0,-18,-0.4127,
0,91,-344,0,0,-4,0.0147,
0,92,-344,0,0,-4,0.0181,
0,93,-250,0,0,-4,0.0296,
0,94,-264,0,0,-3,0.041,
0,95,-258,0,0,-3,0.041,
0,91,671,0,0,19,0.1414,
0,92,668,0,0,19,0.1419,
0,93,639,0,0,19,0.1467,
0,94,615,0,0,18,0.1433,
0,95,615,0,0,18,0.1377,
0,91,763,0,0,19,0.1548,
0,92,779,0,0,21,0.157,
0,93,669,0,0,19,0.1591,
0,94,651,0,0,18,0.1671,
0,95,657,0,0,18,0.1785,
1,91,-314,0,0,-15,-0.1297,
1,92,-304,0,0,-14,-0.1292,
1,93,-312,0,0,-14,-0.1358,
1,94,-331,0,0,-13,-0.1426,
1,95,-237,0,0,-12,-0.1483,
0,91,97,0,0,-3,-0.143,
0,92,73,0,0,-3,-0.1416,
0,93,-556,0,0,-4,-0.1364,
0,94,-568,0,0,-4,-0.1364,
0,95,-584,0,0,-4,-0.1364,
0,91,-177,0,0,8,0.1653,
0,92,-194,0,0,9,0.168,
0,93,-312,0,0,7,0.1783,
0,94,-216,0,0,6,0.1825,
0,95,292,0,0,5,0.1824,
0,91,-460,0,0,3,0.2029,
0,92,-475,0,0,4,0.2016,
0,93,-382,0,0,4,0.1925,
0,94,-398,0,0,4,0.181,
0,95,-498,0,0,5,0.1785,
1,91,181,0,0,4,0.27,
1,92,181,0,0,4,0.27,
1,93,91,0,0,4,0.27,
1,94,190,0,0,4,0.2737,
1,95,175,0,0,5,0.272,
0,91,925,0,0,3,0.1107,
0,92,423,0,0,3,0.1228,
0,93,413,0,0,1,0.1299,
0,94,385,0,0,4,0.1378,
0,95,278,0,0,3,0.1366,
0,91,389,0,0,16,0.0864,
0,92,414,0,0,16,0.0909,
0,93,426,0,0,15,0.0875,
0,94,425,0,0,15,0.0885,
0,95,416,0,0,16,0.0885,
1,91,-589,0,0,-15,-0.0924,
1,92,-613,0,0,-15,-0.0924,
1,93,-1129,0,0,-15,-0.0924,
1,94,-1132,0,0,-15,-0.0907,
1,95,-1128,0,0,-15,-0.0907,
1,91,-513,0,0,5,0.0319,
1,92,-521,0,0,6,0.0309,
1,93,-630,0,0,6,0.031,
1,94,-646,0,0,8,0.0305,
1,95,-657,0,0,10,0.0249,
1,91,-180,0,0,-4,0.0262,
1,92,-164,0,0,-6,0.0032,
1,93,-147,0,0,-6,0.0044,
1,94,-155,0,0,-6,0.0054,
1,95,-250,0,0,-6,0.0064,
0,91,259,0,0,32,0.3531,
0,92,168,0,0,32,0.3531,
0,93,384,0,0,32,0.3531,
0,94,278,0,0,34,0.3607,
0,95,320,0,0,34,0.3706,
0,91,551,0,0,3,0.0691,
0,92,556,0,0,3,0.0691,
0,93,473,0,0,3,0.0691,
0,94,524,0,0,3,0.0718,
0,95,691,0,0,3,0.0745,
1,91,-492,0,0,-6,-0.0536,
1,92,-492,0,0,-8,-0.0608,
1,93,-493,0,0,-8,-0.0625,
1,94,-411,0,0,-8,-0.0621,
1,95,-415,0,0,-9,-0.0617,
0,91,-116,0,0,7,0.0006,
0,92,-126,0,0,5,-0.0104,
0,93,-142,0,0,5,-0.0104,
0,94,-152,0,0,5,-0.008,
0,95,-161,0,0,5,-0.0068,
0,91,-519,0,0,-3,0.1074,
0,92,-519,0,0,-3,0.1074,
0,93,-527,0,0,-3,0.1074,
0,94,-527,0,0,-3,0.1066,
0,95,-509,0,0,-2,0.1006,
0,91,416,0,0,-4,-0.1908,
0,92,425,0,0,-4,-0.1908,
0,93,441,0,0,-4,-0.1908,
0,94,457,0,0,-4,-0.1908,
0,95,472,0,0,-4,-0.1908,
1,91,-316,0,0,-1,0.1387,
1,92,-337,0,0,-4,0.1181,
1,93,-353,0,0,-4,0.1181,
1,94,-369,0,0,-4,0.1051,
1,95,-274,0,0,-3,0.114,
0,91,263,0,0,-3,0.1494,
0,92,295,0,0,-3,0.1647,
0,93,415,0,0,-3,0.1794,
0,94,547,0,0,-1,0.1944,
0,95,464,0,0,2,0.2078,
1,91,-8,0,0,-12,0.0696,
1,92,-16,0,0,-10,0.0675,
1,93,76,0,0,-10,0.0675,
1,94,68,0,0,-7,0.0555,
1,95,177,0,0,-8,0.0548,
1,91,253,0,0,-1,-0.0306,
1,92,131,0,0,-2,-0.0194,
1,93,134,0,0,-2,-0.0082,
1,94,261,0,0,-2,0.003,
1,95,272,0,0,-3,0.0142,
0,91,-314,0,0,6,-0.0003,
0,92,-301,0,0,6,-0.0082,
0,93,-283,0,0,6,-0.0082,
0,94,-299,0,0,6,-0.0082,
0,95,-320,0,0,6,-0.0082,
1,91,442,0,0,17,0.4177,
1,92,455,0,0,17,0.4177,
1,93,484,0,0,17,0.4177,
1,94,545,0,0,17,0.4177,
1,95,590,0,0,17,0.4177,
0,91,-140,0,0,12,0.2009,
0,92,-159,0,0,12,0.2009,
0,93,-148,0,0,12,0.2049,
0,94,-223,0,0,12,0.1989,
0,95,-207,0,0,11,0.2129,
0,91,545,0,0,4,0.0445,
0,92,536,0,0,4,0.0437,
0,93,536,0,0,4,0.0437,
0,94,636,0,0,4,0.0346,
0,95,644,0,0,4,0.0255,
0,91,-304,0,0,5,0.1485,
0,92,-303,0,0,6,0.1467,
0,93,-303,0,0,6,0.1598,
0,94,-319,0,0,6,0.1729,
0,95,-336,0,0,6,0.1956,
1,91,179,0,0,13,0.4349,
1,92,212,0,0,13,0.4453,
1,93,220,0,0,12,0.4452,
1,94,229,0,0,10,0.4324,
1,95,224,0,0,10,0.4305,
0,91,186,0,0,9,-0.0217,
0,92,81,0,0,9,-0.0217,
0,93,184,0,0,9,-0.0217,
0,94,286,0,0,9,-0.0217,
0,95,288,0,0,9,-0.0217,
1,91,-498,0,0,-17,-0.3211,
1,92,-518,0,0,-17,-0.3182,
1,93,-540,0,0,-18,-0.3156,
1,94,-458,0,0,-17,-0.3181,
1,95,-473,0,0,-17,-0.3196,
1,91,-1189,0,0,-23,-0.3914,
1,92,-1192,0,0,-25,-0.4345,
1,93,-1194,0,0,-29,-0.4676,
1,94,-1204,0,0,-31,-0.5031,
1,95,-1215,0,0,-32,-0.5121,
1,91,-248,0,0,10,0.0661,
1,92,-228,0,0,10,0.0632,
1,93,-228,0,0,10,0.0572,
1,94,-228,0,0,9,0.062,
1,95,-212,0,0,9,0.0668,
1,91,-243,0,0,-3,-0.0844,
1,92,-229,0,0,-4,-0.0827,
1,93,-25,0,0,-5,-0.0882,
1,94,-13,0,0,-4,-0.0871,
1,95,-109,0,0,-4,-0.0916,
1,91,-254,0,0,-8,-0.3483,
1,92,-350,0,0,-4,-0.3387,
1,93,-382,0,0,-1,-0.3291,
1,94,-413,0,0,0,-0.3331,
1,95,-625,0,0,0,-0.3353,
0,91,93,0,0,-3,0.1304,
0,92,69,0,0,-3,0.1304,
0,93,-67,0,0,-3,0.1304,
0,94,-87,0,0,-3,0.1304,
0,95,-115,0,0,-3,0.127,
0,91,-224,0,0,13,0.182,
0,92,-248,0,0,13,0.182,
0,93,-280,0,0,13,0.1673,
0,94,-304,0,0,13,0.1524,
0,95,-312,0,0,13,0.1457,
1,91,73,0,0,-34,-0.4749,
1,92,-17,0,0,-34,-0.5133,
1,93,-13,0,0,-33,-0.5264,
1,94,-206,0,0,-33,-0.5395,
1,95,-194,0,0,-33,-0.5525,
1,91,557,0,0,-18,-0.4382,
1,92,539,0,0,-20,-0.4402,
1,93,420,0,0,-21,-0.4497,
1,94,497,0,0,-23,-0.4483,
1,95,458,0,0,-24,-0.4497,
1,91,-454,0,0,-31,-0.4027,
1,92,-426,0,0,-32,-0.4001,
1,93,-397,0,0,-33,-0.3965,
1,94,-497,0,0,-33,-0.4003,
1,95,-496,0,0,-33,-0.4003,
0,91,484,0,0,26,0.3085,
0,92,523,0,0,29,0.2865,
0,93,542,0,0,27,0.2774,
0,94,560,0,0,27,0.2688,
0,95,689,0,0,27,0.2614,
0,91,100,0,0,12,0.2574,
0,92,93,0,0,12,0.2614,
0,93,-14,0,0,12,0.2692,
0,94,-15,0,0,13,0.2677,
0,95,18,0,0,13,0.2679,
1,91,-282,0,0,-33,-0.2402,
1,92,-261,0,0,-31,-0.2506,
1,93,-232,0,0,-32,-0.259,
1,94,-233,0,0,-33,-0.2642,
1,95,-842,0,0,-32,-0.2636,
1,91,-335,0,0,1,0.0835,
1,92,-361,0,0,1,0.0955,
1,93,-395,0,0,-1,0.1075,
1,94,-413,0,0,-1,0.1075,
1,95,-434,0,0,0,0.1122,
0,91,118,0,0,10,0.1284,
0,92,218,0,0,9,0.1236,
0,93,322,0,0,10,0.1316,
0,94,344,0,0,9,0.1258,
0,95,436,0,0,9,0.1258,
1,91,-732,0,0,-13,0.2133,
1,92,-711,0,0,-13,0.2352,
1,93,-827,0,0,-13,0.2508,
1,94,-943,0,0,-14,0.2663,
1,95,-951,0,0,-14,0.2691,
1,91,-829,0,0,-42,-0.6179,
1,92,-836,0,0,-43,-0.6349,
1,93,-936,0,0,-44,-0.6421,
1,94,-1432,0,0,-44,-0.6421,
1,95,-1442,0,0,-44,-0.6421,
0,91,516,0,0,13,0.0375,
0,92,508,0,0,13,0.0375,
0,93,296,0,0,13,0.0375,
0,94,400,0,0,13,0.038,
0,95,436,0,0,11,0.0385,
0,91,626,0,0,23,0.4809,
0,92,630,0,0,23,0.4785,
0,93,616,0,0,23,0.4785,
0,94,514,0,0,23,0.4819,
0,95,528,0,0,23,0.4854,
0,91,405,0,0,20,0.2741,
0,92,517,0,0,20,0.2714,
0,93,509,0,0,23,0.2687,
0,94,509,0,0,23,0.2661,
0,95,510,0,0,20,0.2492,
1,91,-330,0,0,-4,-0.2256,
1,92,-359,0,0,-3,-0.2272,
1,93,-103,0,0,-4,-0.2378,
1,94,-103,0,0,-5,-0.2454,
1,95,-95,0,0,-5,-0.253,
1,91,-220,0,0,-19,-0.3626,
1,92,-244,0,0,-19,-0.3626,
1,93,-276,0,0,-19,-0.3626,
1,94,-387,0,0,-21,-0.3696,
1,95,-386,0,0,-23,-0.3765,
0,91,164,0,0,-12,-0.2356,
0,92,170,0,0,-12,-0.2356,
0,93,177,0,0,-12,-0.2317,
0,94,271,0,0,-11,-0.2274,
0,95,227,0,0,-11,-0.2274,
0,91,-350,0,0,-24,-0.3203,
0,92,-231,0,0,-24,-0.3203,
0,93,-97,0,0,-23,-0.3163,
0,94,-75,0,0,-23,-0.3163,
0,95,-172,0,0,-23,-0.3163,
0,91,185,0,0,17,0.4618,
0,92,281,0,0,18,0.4709,
0,93,168,0,0,18,0.4751,
0,94,170,0,0,18,0.4784,
0,95,172,0,0,18,0.4812,
1,91,-198,0,0,-15,-0.3378,
1,92,-583,0,0,-14,-0.3461,
1,93,-485,0,0,-14,-0.3469,
1,94,-602,0,0,-14,-0.346,
1,95,-626,0,0,-15,-0.3568,
0,91,313,0,0,20,0.0936,
0,92,279,0,0,21,0.0966,
0,93,251,0,0,22,0.1132,
0,94,240,0,0,23,0.1266,
0,95,351,0,0,23,0.1248,
0,91,221,0,0,11,0.0851,
0,92,235,0,0,10,0.0779,
0,93,261,0,0,12,0.0774,
0,94,268,0,0,11,0.0821,
0,95,241,0,0,12,0.0881,
0,91,464,0,0,20,0.2935,
0,92,567,0,0,20,0.2935,
0,93,684,0,0,22,0.3062,
0,94,699,0,0,23,0.3181,
0,95,612,0,0,24,0.327,
1,91,-347,0,0,-4,-0.0209,
1,92,-368,0,0,-4,-0.0279,
1,93,-381,0,0,-6,-0.0384,
1,94,-382,0,0,-8,-0.0486,
1,95,-400,0,0,-7,-0.0537,
0,91,-84,0,0,11,0.1919,
0,92,-100,0,0,11,0.1919,
0,93,-116,0,0,11,0.1919,
0,94,-116,0,0,11,0.1919,
0,95,-116,0,0,12,0.1871,
1,91,-288,0,0,-4,0.0598,
1,92,-294,0,0,-2,0.0598,
1,93,-297,0,0,-2,0.0598,
1,94,-327,0,0,-2,0.0598,
1,95,-558,0,0,-2,0.0598,
0,91,1120,0,0,48,0.8594,
0,92,1723,0,0,48,0.8594,
0,93,1718,0,0,46,0.8834,
0,94,1702,0,0,47,0.8921,
0,95,1682,0,0,48,0.891,
1,91,-278,0,0,-9,-0.0817,
1,92,-269,0,0,-12,-0.0986,
1,93,-270,0,0,-13,-0.1047,
1,94,-262,0,0,-13,-0.1082,
1,95,-263,0,0,-14,-0.1108,
1,91,-48,0,0,0,0.0671,
1,92,-52,0,0,0,0.065,
1,93,-64,0,0,3,0.0551,
1,94,-64,0,0,3,0.0523,
1,95,-105,0,0,2,0.0496,
1,91,303,0,0,-14,-0.1303,
1,92,310,0,0,-14,-0.1303,
1,93,301,0,0,-14,-0.1303,
1,94,268,0,0,-14,-0.1303,
1,95,-261,0,0,-14,-0.1303,
1,91,528,0,0,-3,-0.064,
1,92,529,0,0,-1,-0.0528,
1,93,397,0,0,1,-0.0474,
1,94,364,0,0,1,-0.0448,
1,95,331,0,0,5,-0.0225,
0,91,77,0,0,21,0.1215,
0,92,93,0,0,21,0.1215,
0,93,101,0,0,21,0.1215,
0,94,117,0,0,21,0.1215,
0,95,149,0,0,21,0.1215,
1,91,-832,0,0,6,0.1878,
1,92,-832,0,0,5,0.2009,
1,93,-940,0,0,6,0.214,
1,94,-936,0,0,6,0.2029,
1,95,-823,0,0,6,0.1914,
1,91,-1059,0,0,-2,-0.0513,
1,92,-854,0,0,-2,-0.058,
1,93,-876,0,0,-2,-0.058,
1,94,-897,0,0,-2,-0.06,
1,95,-920,0,0,-2,-0.06,
1,91,-72,0,0,-1,-0.2135,
1,92,-98,0,0,-3,-0.224,
1,93,-618,0,0,-5,-0.2165,
1,94,-637,0,0,-4,-0.203,
1,95,-745,0,0,-3,-0.1855,
1,91,-234,0,0,-19,-0.1135,
1,92,-242,0,0,-19,-0.1135,
1,93,-239,0,0,-19,-0.1257,
1,94,-849,0,0,-19,-0.1349,
1,95,-817,0,0,-19,-0.145,
1,91,-380,0,0,-27,-0.4843,
1,92,-382,0,0,-26,-0.4724,
1,93,-384,0,0,-26,-0.4745,
1,94,-899,0,0,-28,-0.4832,
1,95,-808,0,0,-27,-0.4855,
0,91,-224,0,0,11,0.0017,
0,92,-229,0,0,11,0.0017,
0,93,-234,0,0,11,0.0017,
0,94,-229,0,0,11,0.0017,
0,95,-224,0,0,11,0.0017,
0,91,-583,0,0,-6,0.0561,
0,92,-584,0,0,-6,0.0368,
0,93,-674,0,0,-7,0.017,
0,94,-664,0,0,-8,-0.0111,
0,95,-741,0,0,-10,-0.0373,
1,91,-83,0,0,-15,-0.0826,
1,92,-81,0,0,-15,-0.0893,
1,93,-65,0,0,-15,-0.096,
1,94,-65,0,0,-16,-0.1056,
1,95,50,0,0,-17,-0.117,
0,91,256,0,0,18,0.3067,
0,92,281,0,0,18,0.3067,
0,93,299,0,0,17,0.3147,
0,94,306,0,0,17,0.3175,
0,95,207,0,0,18,0.3275,
0,91,639,0,0,1,-0.105,
0,92,558,0,0,1,-0.105,
0,93,672,0,0,2,-0.1038,
0,94,177,0,0,4,-0.0949,
0,95,189,0,0,3,-0.0904,
0,91,336,0,0,14,0.2286,
0,92,343,0,0,14,0.2096,
0,93,350,0,0,13,0.182,
0,94,356,0,0,10,0.1607,
0,95,363,0,0,10,0.1328,
1,91,219,0,0,-1,0.0251,
1,92,215,0,0,0,0.028,
1,93,227,0,0,-1,0.0246,
1,94,242,0,0,-3,0.0278,
1,95,166,0,0,-3,0.0293,
0,91,-498,0,0,12,0.1369,
0,92,-494,0,0,14,0.138,
0,93,-497,0,0,14,0.1381,
0,94,-493,0,0,12,0.14,
0,95,-381,0,0,12,0.1435,
1,91,48,0,0,-13,-0.2481,
1,92,46,0,0,-16,-0.253,
1,93,46,0,0,-18,-0.2579,
1,94,-53,0,0,-19,-0.2607,
1,95,-170,0,0,-21,-0.2686,
0,91,104,0,0,2,-0.1375,
0,92,217,0,0,2,-0.1375,
0,93,228,0,0,2,-0.1375,
0,94,225,0,0,1,-0.119,
0,95,222,0,0,1,-0.119,
0,91,1004,0,0,7,-0.146,
0,92,1006,0,0,5,-0.1579,
0,93,993,0,0,5,-0.1467,
0,94,903,0,0,6,-0.1337,
0,95,911,0,0,5,-0.138,
1,91,859,0,0,-1,-0.1747,
1,92,981,0,0,-4,-0.1882,
1,93,977,0,0,-4,-0.1879,
1,94,858,0,0,-4,-0.1876,
1,95,846,0,0,-4,-0.1778,
0,91,-519,0,0,17,0.4154,
0,92,-478,0,0,18,0.4234,
0,93,-350,0,0,19,0.4273,
0,94,-349,0,0,20,0.4235,
0,95,-331,0,0,20,0.4235,
1,91,-580,0,0,2,-0.0572,
1,92,-596,0,0,0,-0.0737,
1,93,-604,0,0,-2,-0.0876,
1,94,-622,0,0,-3,-0.0978,
1,95,-637,0,0,-3,-0.0978,
0,91,552,0,0,27,0.2721,
0,92,568,0,0,27,0.2721,
0,93,592,0,0,27,0.2721,
0,94,608,0,0,26,0.2761,
0,95,623,0,0,23,0.2803,
1,91,-310,0,0,-23,-0.581,
1,92,-310,0,0,-23,-0.581,
1,93,-310,0,0,-23,-0.581,
1,94,-306,0,0,-23,-0.5468,
1,95,-307,0,0,-22,-0.5122,
1,91,60,0,0,-8,-0.2679,
1,92,-52,0,0,-8,-0.2563,
1,93,-57,0,0,-8,-0.2563,
1,94,-164,0,0,-6,-0.2701,
1,95,-244,0,0,-7,-0.2812,
1,91,-199,0,0,-3,-0.0805,
1,92,-215,0,0,-3,-0.088,
1,93,-238,0,0,-3,-0.0931,
1,94,-236,0,0,-2,-0.0911,
1,95,-244,0,0,-4,-0.0948,
1,91,-202,0,0,-1,-0.044,
1,92,-205,0,0,-3,-0.0725,
1,93,-209,0,0,-5,-0.0907,
1,94,-210,0,0,-5,-0.0903,
1,95,-103,0,0,-5,-0.1007,
1,91,-37,0,0,7,0.0799,
1,92,-30,0,0,7,0.0806,
1,93,-22,0,0,7,0.0775,
1,94,48,0,0,6,0.0743,
1,95,18,0,0,6,0.0682,
0,91,244,0,0,8,0.2913,
0,92,271,0,0,8,0.2913,
0,93,271,0,0,8,0.2913,
0,94,251,0,0,8,0.2913,
0,95,121,0,0,7,0.2876,
0,91,223,0,0,21,0.2202,
0,92,284,0,0,21,0.2202,
0,93,212,0,0,21,0.2202,
0,94,252,0,0,21,0.2202,
0,95,608,0,0,21,0.2175,
0,91,105,0,0,22,0.3328,
0,92,137,0,0,23,0.3365,
0,93,180,0,0,23,0.3451,
0,94,217,0,0,26,0.3719,
0,95,239,0,0,26,0.3791,
1,91,123,0,0,-4,-0.3044,
1,92,97,0,0,-4,-0.3084,
1,93,82,0,0,-5,-0.316,
1,94,-25,0,0,-6,-0.3301,
1,95,-32,0,0,-6,-0.3339,
1,91,-378,0,0,4,0.0742,
1,92,-357,0,0,4,0.0776,
1,93,-232,0,0,4,0.0853,
1,94,-129,0,0,3,0.0858,
1,95,-150,0,0,0,0.0863,
1,91,-894,0,0,-27,-0.4073,
1,92,-910,0,0,-27,-0.4073,
1,93,-902,0,0,-24,-0.3966,
1,94,-894,0,0,-22,-0.3988,
1,95,-897,0,0,-19,-0.3939,
0,91,384,0,0,3,-0.0609,
0,92,384,0,0,3,-0.0636,
0,93,384,0,0,3,-0.0636,
0,94,368,0,0,3,-0.0636,
0,95,352,0,0,3,-0.0636,
1,91,-538,0,0,-24,-0.404,
1,92,-474,0,0,-24,-0.4002,
1,93,-475,0,0,-25,-0.4189,
1,94,-475,0,0,-27,-0.4417,
1,95,-461,0,0,-28,-0.4763,
0,91,613,0,0,17,0.2476,
0,92,600,0,0,18,0.2552,
0,93,595,0,0,17,0.2584,
0,94,588,0,0,17,0.2664,
0,95,502,0,0,17,0.2708,
1,91,-341,0,0,0,-0.137,
1,92,-253,0,0,2,-0.1288,
1,93,-265,0,0,4,-0.1186,
1,94,-275,0,0,5,-0.1088,
1,95,-388,0,0,5,-0.1126,
1,91,-646,0,0,-10,-0.243,
1,92,-630,0,0,-10,-0.243,
1,93,-634,0,0,-10,-0.243,
1,94,-751,0,0,-10,-0.2424,
1,95,-665,0,0,-9,-0.2384,
0,91,-308,0,0,16,0.2842,
0,92,-179,0,0,16,0.2831,
0,93,353,0,0,17,0.2814,
0,94,-119,0,0,16,0.2811,
0,95,-191,0,0,16,0.2825,
1,91,104,0,0,4,-0.1249,
1,92,99,0,0,3,-0.126,
1,93,86,0,0,3,-0.1271,
1,94,74,0,0,3,-0.1374,
1,95,66,0,0,3,-0.1391,
1,91,215,0,0,-9,-0.1658,
1,92,307,0,0,-9,-0.1658,
1,93,303,0,0,-9,-0.1658,
1,94,307,0,0,-10,-0.1618,
1,95,335,0,0,-11,-0.1717,
1,91,363,0,0,9,0.1029,
1,92,412,0,0,5,0.0976,
1,93,446,0,0,4,0.0994,
1,94,457,0,0,4,0.099,
1,95,468,0,0,4,0.099,
1,91,-326,0,0,12,0.2344,
1,92,-347,0,0,14,0.2307,
1,93,-216,0,0,14,0.227,
1,94,-194,0,0,14,0.227,
1,95,-68,0,0,14,0.2235,
0,91,972,0,0,3,-0.2104,
0,92,948,0,0,2,-0.2216,
0,93,957,0,0,2,-0.2233,
0,94,1057,0,0,2,-0.2262,
0,95,1049,0,0,2,-0.2292,
0,91,-425,0,0,8,0.1073,
0,92,-425,0,0,8,0.1073,
0,93,-425,0,0,8,0.1039,
0,94,-525,0,0,8,0.1005,
0,95,-400,0,0,8,0.0908,
1,91,-718,0,0,-13,-0.3177,
1,92,-734,0,0,-13,-0.3177,
1,93,-742,0,0,-13,-0.3177,
1,94,-738,0,-1.600000,-12,-0.3131,
1,95,-726,0,-4.400000,-12,-0.3131,
0,91,322,0,0,6,0.0035,
0,92,209,0,0,6,0.0101,
0,93,104,0,0,6,0.0168,
0,94,90,0,0,6,0.0054,
0,95,68,0,0,6,0.002,
1,91,-286,0,0,7,-0.2123,
1,92,-272,0,0,8,-0.2096,
1,93,-142,0,0,8,-0.2096,
1,94,455,0,0,8,-0.2108,
1,95,351,0,0,8,-0.2074,
1,91,-321,0,0,0,0.1123,
1,92,-211,0,0,4,0.1019,
1,93,-203,0,0,4,0.0892,
1,94,-203,0,0,5,0.0814,
1,95,-213,0,0,5,0.0859,
1,91,-81,0,0,-19,-0.3685,
1,92,-107,0,0,-19,-0.373,
1,93,-155,0,0,-21,-0.3893,
1,94,-288,0,0,-22,-0.3923,
1,95,-304,0,0,-24,-0.4019,
1,91,-451,0,0,-16,-0.2218,
1,92,-415,0,0,-15,-0.2224,
1,93,-390,0,0,-14,-0.223,
1,94,-294,0,0,-14,-0.223,
1,95,-310,0,0,-13,-0.223,
1,91,-54,0,0,-5,0.1663,
1,92,46,0,0,-6,0.17,
1,93,62,0,0,-6,0.1737,
1,94,82,0,0,-6,0.1751,
1,95,91,0,0,-5,0.1766,
0,91,-142,0,0,20,0.3528,
0,92,-119,0,0,20,0.3508,
0,93,-113,0,0,23,0.3532,
0,94,-106,0,0,22,0.3532,
0,95,-111,0,0,22,0.3469,
1,91,-150,0,0,-14,-0.1949,
1,92,-148,0,0,-12,-0.2165,
1,93,-59,0,0,-16,-0.2261,
1,94,-69,0,0,-16,-0.2253,
1,95,-183,0,0,-16,-0.2262,
0,91,94,0,0,-9,-0.1502,
0,92,234,0,0,-9,-0.1661,
0,93,128,0,0,-9,-0.1728,
0,94,23,0,0,-8,-0.182,
0,95,134,0,0,-9,-0.1919,
0,91,422,0,0,-15,-0.2338,
0,92,415,0,0,-15,-0.2338,
0,93,413,0,0,-15,-0.2263,
0,94,400,0,0,-15,-0.2263,
0,95,285,0,0,-15,-0.2263,
1,91,-506,0,0,-3,0.2016,
1,92,-503,0,0,-3,0.1972,
1,93,-501,0,0,-6,0.1833,
1,94,-499,0,0,-9,0.171,
1,95,-477,0,0,-10,0.1658,
0,91,-515,0,0,-5,0.0753,
0,92,-531,0,0,-5,0.0769,
0,93,-423,0,0,-5,0.0785,
0,94,69,0,0,-5,0.0785,
0,95,85,0,0,-6,0.075,
1,91,484,0,0,-4,-0.1154,
1,92,509,0,0,-6,-0.127,
1,93,529,0,0,-7,-0.1294,
1,94,515,0,0,-9,-0.134,
1,95,513,0,0,-10,-0.1476,
0,91,41,0,0,3,0.2666,
0,92,-55,0,0,0,0.2693,
0,93,-43,0,0,0,0.2693,
0,94,85,0,0,0,0.2693,
0,95,91,0,0,0,0.2693,
1,91,735,0,0,-17,-0.1732,
1,92,720,0,0,-19,-0.1797,
1,93,496,0,0,-20,-0.1915,
1,94,492,0,0,-20,-0.1915,
1,95,484,0,0,-20,-0.1878,
1,91,-466,0,0,-17,-0.2521,
1,92,-474,0,0,-17,-0.2532,
1,93,-476,0,0,-17,-0.2544,
1,94,-689,0,0,-17,-0.2515,
1,95,-692,0,0,-17,-0.2515,
1,91,-108,0,0,-27,-0.484,
1,92,-100,0,0,-27,-0.484,
1,93,-92,0,0,-27,-0.484,
1,94,-84,0,0,-27,-0.4795,
1,95,-76,0,0,-27,-0.4751,
1,91,-397,0,0,-17,-0.179,
1,92,-398,0,0,-17,-0.179,
1,93,-403,0,0,-17,-0.179,
1,94,-395,0,0,-18,-0.183,
1,95,-376,0,0,-18,-0.1846,
0,91,517,0,0,13,0.2483,
0,92,304,0,0,13,0.2483,
0,93,304,0,0,13,0.2483,
0,94,296,0,0,12,0.2593,
0,95,284,0,0,12,0.2705,
1,91,-593,0,0,-24,-0.1649,
1,92,-590,0,0,-26,-0.1579,
1,93,-579,0,0,-24,-0.1655,
1,94,-1070,0,0,-23,-0.1695,
1,95,-1070,0,0,-23,-0.1695,
0,91,-375,0,0,-1,-0.0733,
0,92,-351,0,0,-5,-0.0802,
0,93,-226,0,0,-5,-0.0865,
0,94,-205,0,0,-5,-0.0865,
0,95,-204,0,0,-3,-0.0652,
1,91,-10,0,0,14,0.1367,
1,92,-10,0,0,14,0.1367,
1,93,-118,0,0,14,0.1367,
1,94,-126,0,0,15,0.1387,
1,95,-26,0,0,16,0.1407,
0,91,-629,0,0,8,-0.0146,
0,92,-552,0,0,7,-0.0167,
0,93,-574,0,0,7,-0.0113,
0,94,-554,0,0,7,-0.011,
0,95,-49,0,0,7,-0.018,
0,91,126,0,0,16,0.2506,
0,92,135,0,0,17,0.2571,
0,93,161,0,0,17,0.2601,
0,94,178,0,0,16,0.2626,
0,95,78,0,0,15,0.2666,
0,91,365,0,0,39,0.518,
0,92,462,0,0,39,0.5431,
0,93,455,0,0,39,0.5791,
0,94,448,0,0,39,0.6124,
0,95,440,0,0,39,0.6124,
0,91,38,0,0,0,0.1017,
0,92,43,0,0,-1,0.1078,
0,93,26,0,0,1,0.1201,
0,94,23,0,0,0,0.1195,
0,95,-1,0,0,-1,0.1156,
0,91,1123,0,0,14,0.2559,
0,92,1111,0,0,14,0.2606,
0,93,1116,0,0,15,0.2606,
0,94,1113,0,0,15,0.2634,
0,95,1106,0,0,15,0.2647,
0,91,123,0,0,21,0.2369,
0,92,143,0,0,21,0.2406,
0,93,175,0,0,21,0.2519,
0,94,215,0,0,21,0.2519,
0,95,255,0,0,21,0.2519,
1,91,69,0,0,3,-0.0639,
1,92,91,0,0,2,-0.0661,
1,93,5,0,0,2,-0.0687,
1,94,118,0,0,0,-0.0868,
1,95,5,0,0,-1,-0.0913,
0,91,441,0,0,25,0.6198,
0,92,459,0,0,26,0.6436,
0,93,477,0,0,28,0.6621,
0,94,380,0,0,29,0.6834,
0,95,471,0,0,29,0.6834,
0,91,847,0,0,-1,-0.0276,
0,92,360,0,0,-1,-0.0276,
0,93,384,0,0,1,-0.009,
0,94,377,0,0,1,-0.0087,
0,95,343,0,0,3,-0.0123,
1,91,-250,0,0,-10,-0.1103,
1,92,-250,0,0,-10,-0.1039,
1,93,-266,0,0,-9,-0.0963,
1,94,-291,0,0,-11,-0.0946,
1,95,-348,0,0,-11,-0.0979,
1,91,182,0,0,-32,-0.4879,
1,92,81,0,0,-32,-0.4866,
1,93,89,0,0,-31,-0.5002,
1,94,198,0,0,-32,-0.504,
1,95,295,0,0,-31,-0.5034,
0,91,-184,0,0,15,0.2594,
0,92,-73,0,0,17,0.2465,
0,93,-78,0,0,18,0.2468,
0,94,-74,0,0,18,0.2521,
0,95,-74,0,0,18,0.2521,
1,91,284,0,0,-18,-0.2791,
1,92,289,0,0,-19,-0.2801,
1,93,281,0,0,-21,-0.2821,
1,94,167,0,0,-21,-0.2821,
1,95,184,0,0,-21,-0.2821,
0,91,312,0,0,8,0.2631,
0,92,296,0,0,8,0.2834,
0,93,196,0,0,9,0.3034,
0,94,188,0,0,10,0.3175,
0,95,272,0,0,11,0.322,
0,91,932,0,0,0,0.2664,
0,92,958,0,0,0,0.2612,
0,93,728,0,0,-1,0.2568,
0,94,718,0,0,-1,0.2531,
0,95,701,0,0,-1,0.2562,
1,91,287,0,0,-13,-0.1093,
1,92,365,0,0,-13,-0.1258,
1,93,333,0,0,-12,-0.1419,
1,94,309,0,0,-11,-0.1576,
1,95,73,0,0,-11,-0.1731,
1,91,28,0,0,-28,-0.1208,
1,92,20,0,0,-28,-0.1177,
1,93,0,0,0,-26,-0.1206,
1,94,-215,0,0,-25,-0.1217,
1,95,-224,0,0,-25,-0.1254,
0,91,1298,0,0,34,0.7266,
0,92,1284,0,0,34,0.7264,
0,93,1271,0,0,34,0.7264,
0,94,1282,0,0,34,0.7264,
0,95,1301,0,0,34,0.7264,
1,91,348,0,0,-9,-0.379,
1,92,316,0,0,-9,-0.379,
1,93,308,0,0,-9,-0.379,
1,94,304,0,0,-9,-0.379,
1,95,799,0,0,-11,-0.3887,
0,91,-75,0,0,1,0.0047,
0,92,-68,0,0,-1,0.0031,
0,93,-70,0,0,-1,0.0015,
0,94,13,0,0,-4,0.0011,
0,95,9,0,0,-4,0.0011,
0,91,-122,0,0,22,0.2131,
0,92,-127,0,0,22,0.2185,
0,93,-143,0,0,22,0.2185,
0,94,-143,0,0,22,0.2185,
0,95,-155,0,0,22,0.2155,
1,91,-130,0,0,-9,-0.1973,
1,92,-155,0,0,-9,-0.1959,
1,93,-67,0,0,-9,-0.1959,
1,94,-119,0,0,-9,-0.1959,
1,95,-158,0,0,-8,-0.1838,
1,91,938,0,0,9,0.1787,
1,92,938,0,0,9,0.1757,
1,93,444,0,0,8,0.1728,
1,94,459,0,0,7,0.1718,
1,95,489,0,0,5,0.1683,
1,91,-410,0,0,-12,-0.0004,
1,92,-333,0,0,-11,-0.0143,
1,93,-466,0,0,-12,-0.0233,
1,94,-490,0,0,-14,-0.0329,
1,95,-621,0,0,-14,-0.0377,
0,91,-43,0,0,3,-0.0218,
0,92,-28,0,0,3,-0.0218,
0,93,81,0,0,3,-0.0218,
0,94,-443,0,0,3,-0.0218,
0,95,-457,0,0,2,-0.012,
1,91,273,0,0,-13,-0.1111,
1,92,242,0,0,-14,-0.1225,
1,93,222,0,0,-14,-0.1225,
1,94,222,0,0,-14,-0.1225,
1,95,238,0,0,-14,-0.1225,
0,91,418,0,0,15,0.1882,
0,92,395,0,0,15,0.1812,
0,93,292,0,0,13,0.1831,
0,94,297,0,0,13,0.1833,
0,95,280,0,0,13,0.1833,
1,91,-572,0,0,-31,-0.5183,
1,92,-689,0,0,-32,-0.5222,
1,93,-711,0,0,-34,-0.529,
1,94,-734,0,0,-35,-0.5356,
1,95,-856,0,0,-34,-0.5354,
0,91,46,0,0,17,0.1283,
0,92,152,0,0,15,0.1409,
0,93,158,0,0,16,0.1436,
0,94,163,0,0,14,0.1649,
0,95,75,0,0,12,0.1753,
0,91,190,0,0,19,0.2361,
0,92,293,0,0,19,0.2361,
0,93,289,0,0,19,0.235,
0,94,293,0,0,19,0.2419,
0,95,281,0,0,19,0.2533,
1,91,-352,0,0,-21,-0.3585,
1,92,-456,0,0,-21,-0.3631,
1,93,-328,0,0,-22,-0.3602,
1,94,-198,0,0,-22,-0.3572,
1,95,-177,0,0,-22,-0.3543,
1,91,-315,0,0,-11,-0.1667,
1,92,-185,0,0,-12,-0.1734,
1,93,-67,0,0,-12,-0.1904,
1,94,457,0,0,-10,-0.1923,
1,95,480,0,0,-7,-0.1894,
1,91,-269,0,0,4,0.1648,
1,92,-378,0,0,6,0.1694,
1,93,-371,0,0,6,0.167,
1,94,-363,0,0,6,0.1643,
1,95,-352,0,0,8,0.1628,
1,91,-31,0,0,-18,-0.2029,
1,92,-54,0,0,-18,-0.2029,
1,93,-176,0,0,-18,-0.2029,
1,94,-282,0,0,-18,-0.2029,
1,95,-803,0,0,-18,-0.1993,
1,91,-1083,0,0,-17,-0.0992,
1,92,-1074,0,0,-16,-0.0919,
1,93,-1073,0,0,-15,-0.0766,
1,94,-1082,0,0,-15,-0.07,
1,95,-1178,0,0,-13,-0.0627,
0,91,118,0,0,11,0.1196,
0,92,116,0,0,9,0.1113,
0,93,236,0,0,9,0.0991,
0,94,252,0,0,9,0.0941,
0,95,260,0,0,9,0.0952,
1,91,21,0,0,-9,-0.118,
1,92,7,0,0,-9,-0.1245,
1,93,-4,0,0,-10,-0.1481,
1,94,97,0,0,-9,-0.1451,
1,95,94,0,0,-9,-0.1422,
1,91,139,0,0,-13,-0.204,
1,92,27,0,0,-13,-0.2065,
1,93,39,0,0,-13,-0.212,
1,94,-561,0,0,-16,-0.2276,
1,95,-574,0,0,-18,-0.2343,
0,91,96,0,0,-8,0.0095,
0,92,96,0,0,-8,0.0095,
0,93,80,0,0,-8,0.0095,
0,94,73,0,0,-8,0.0095,
0,95,78,0,0,-8,0.0095,
0,91,38,0,0,-4,-0.1246,
0,92,64,0,0,-4,-0.1235,
0,93,172,0,0,-4,-0.11,
0,94,197,0,0,-4,-0.095,
0,95,77,0,0,-4,-0.0773,
1,91,-785,0,0,-16,-0.0603,
1,92,-765,0,0,-17,-0.0691,
1,93,-243,0,0,-17,-0.0691,
1,94,-233,0,0,-17,-0.0821,
1,95,-231,0,0,-17,-0.0754,
1,91,-434,0,0,-11,-0.4445,
1,92,-611,0,0,-11,-0.4445,
1,93,-601,0,0,-11,-0.4445,
1,94,-591,0,0,-11,-0.4375,
1,95,-560,0,0,-12,-0.4436,
0,91,175,0,0,-11,0.1444,
0,92,388,0,0,-11,0.1471,
0,93,404,0,0,-11,0.1541,
0,94,388,0,0,-11,0.1541,
0,95,388,0,0,-11,0.1541,
0,91,843,0,0,23,0.1013,
0,92,891,0,0,24,0.1179,
0,93,931,0,0,25,0.1384,
0,94,1054,0,0,27,0.1527,
0,95,1143,0,0,28,0.1614,
0,91,64,0,0,29,0.3068,
0,92,84,0,0,29,0.3068,
0,93,136,0,0,29,0.3068,
0,94,186,0,0,29,0.3068,
0,95,219,0,0,29,0.3068,
0,91,167,0,0,-8,0.0743,
0,92,151,0,0,-8,0.0743,
0,93,151,0,0,-10,0.0871,
0,94,149,0,0,-9,0.1005,
0,95,151,0,0,-8,0.1208,
1,91,554,0,0,3,-0.1507,
1,92,557,0,0,5,-0.1514,
1,93,591,0,0,2,-0.1604,
1,94,709,0,0,1,-0.1701,
1,95,601,0,0,1,-0.1701,
0,91,-163,0,0,11,0.2214,
0,92,-149,0,0,11,0.225,
0,93,-103,0,0,11,0.2377,
0,94,-64,0,0,11,0.2376,
0,95,428,0,0,11,0.2347,
1,91,-521,0,0,-1,-0.2116,
1,92,-503,0,0,-1,-0.215,
1,93,-493,0,0,0,-0.2155,
1,94,-376,0,0,1,-0.2148,
1,95,-406,0,0,4,-0.2126,
0,91,300,0,0,14,0.2193,
0,92,292,0,0,14,0.2117,
0,93,269,0,0,13,0.2161,
0,94,254,0,0,13,0.2161,
0,95,239,0,0,13,0.2149,
0,91,-77,0,0,4,0.1049,
0,92,11,0,0,5,0.1049,
0,93,10,0,0,5,0.1049,
0,94,2,0,0,6,0.1087,
0,95,-30,0,0,6,0.1087,
0,91,497,0,0,13,0.2953,
0,92,490,0,0,12,0.305,
0,93,483,0,0,12,0.3147,
0,94,476,0,0,12,0.3147,
0,95,469,0,0,12,0.3147,
0,91,780,0,0,5,0.2154,
0,92,752,0,0,5,0.2154,
0,93,857,0,0,5,0.2165,
0,94,869,0,0,3,0.2112,
0,95,1009,0,0,3,0.2112,
1,91,116,0,0,-4,-0.2594,
1,92,108,0,0,-4,-0.2594,
1,93,-416,0,0,-4,-0.2586,
1,94,-440,0,0,-4,-0.2578,
1,95,-456,0,0,-4,-0.2571,
0,91,194,0,0,3,0.0855,
0,92,280,0,0,2,0.0717,
0,93,294,0,0,1,0.0577,
0,94,300,0,0,-1,0.0519,
0,95,306,0,0,0,0.0421,
0,91,236,0,0,0,-0.0741,
0,92,236,0,0,1,-0.0752,
0,93,236,0,0,1,-0.0752,
0,94,244,0,0,1,-0.0624,
0,95,235,0,0,4,-0.0452,
0,91,381,0,0,3,0.1629,
0,92,361,0,0,3,0.1629,
0,93,341,0,0,4,0.1809,
0,94,323,0,0,4,0.2006,
0,95,196,0,0,5,0.2252,
0,91,354,0,0,21,-0.0449,
0,92,271,0,0,21,-0.044,
0,93,266,0,0,21,-0.0443,
0,94,782,0,0,21,-0.0463,
0,95,791,0,0,21,-0.0358,
1,91,-626,0,0,-9,-0.2479,
1,92,-639,0,0,-9,-0.2479,
1,93,-652,0,0,-10,-0.2589,
1,94,-685,0,0,-11,-0.2618,
1,95,-591,0,0,-11,-0.2618,
1,91,-689,0,0,-39,-0.6708,
1,92,-702,0,0,-40,-0.6807,
1,93,-731,0,0,-39,-0.6844,
1,94,-845,0,0,-38,-0.6924,
1,95,-742,0,0,-38,-0.6924,
0,91,423,0,0,14,0.15,
0,92,426,0,0,14,0.1488,
0,93,416,0,0,14,0.1488,
0,94,620,0,0,15,0.1519,
0,95,624,0,0,15,0.1575,
0,91,-71,0,0,8,0.0605,
0,92,3,0,0,8,0.0605,
0,93,-104,0,0,8,0.0605,
0,94,-104,0,0,8,0.0605,
0,95,-104,0,0,8,0.0605,
0,91,-420,0,0,-9,-0.0059,
0,92,-412,0,0,-9,-0.0059,
0,93,-302,0,0,-9,-0.0139,
0,94,-292,0,0,-8,-0.0219,
0,95,-390,0,0,-8,-0.0249,
1,91,117,0,0,-30,-0.2853,
1,92,114,0,0,-31,-0.3052,
1,93,98,0,0,-31,-0.3052,
1,94,214,0,0,-31,-0.3052,
1,95,238,0,0,-31,-0.3052,
1,91,-302,0,0,-8,-0.2159,
1,92,-310,0,0,-9,-0.2224,
1,93,-367,0,0,-9,-0.2231,
1,94,-264,0,0,-9,-0.2253,
1,95,-256,0,0,-9,-0.2253,
0,91,330,0,0,24,0.2041,
0,92,361,0,0,22,0.2152,
0,93,413,0,0,21,0.2249,
0,94,457,0,0,21,0.2284,
0,95,613,0,0,20,0.2365,
1,91,-539,0,0,-11,0.0765,
1,92,-553,0,0,-11,0.0765,
1,93,-567,0,0,-11,0.0765,
1,94,-587,0,0,-11,0.0765,
1,95,-595,0,0,-11,0.0639,
1,91,-536,0,0,-10,-0.1803,
1,92,-536,0,0,-10,-0.1803,
1,93,-541,0,0,-11,-0.195,
1,94,-564,0,0,-11,-0.2001,
1,95,-458,0,0,-13,-0.24,
0,91,-30,0,0,20,0.0339,
0,92,-31,0,0,20,0.03,
0,93,-42,0,0,21,0.0305,
0,94,-23,0,0,20,0.03,
0,95,-1,0,0,20,0.03,
1,91,-173,0,0,14,-0.0177,
1,92,-177,0,0,14,-0.0177,
1,93,-177,0,0,14,-0.0177,
1,94,-184,0,0,14,-0.0291,
1,95,-184,0,0,14,-0.0361,
0,91,406,0,0,-1,-0.1245,
0,92,411,0,0,-1,-0.1245,
0,93,400,0,0,-1,-0.1245,
0,94,384,0,0,-1,-0.1245,
0,95,352,0,0,-1,-0.1245,
0,91,680,0,0,31,0.5548,
0,92,571,0,0,31,0.5563,
0,93,675,0,0,31,0.5563,
0,94,659,0,0,31,0.5563,
0,95,651,0,0,31,0.5658,
1,91,482,0,0,5,-0.1188,
1,92,609,0,0,4,-0.1209,
1,93,614,0,0,5,-0.123,
1,94,530,0,0,7,-0.117,
1,95,652,0,0,8,-0.1189,
1,91,-98,0,0,-10,-0.2812,
1,92,-98,0,0,-10,-0.2812,
1,93,0,0,0,-9,-0.2808,
1,94,-114,0,0,-9,-0.2808,
1,95,-150,0,0,-9,-0.2808,
1,91,626,0,0,-8,0.072,
1,92,590,0,0,-8,0.072,
1,93,598,0,0,-8,0.0747,
1,94,607,0,0,-8,0.0796,
1,95,624,0,0,-8,0.0789,
0,91,252,0,0,13,0.2475,
0,92,259,0,0,14,0.2556,
0,93,159,0,0,14,0.2556,
0,94,259,0,0,16,0.2522,
0,95,377,0,0,17,0.2509,
1,91,48,0,0,6,0.0981,
1,92,160,0,0,6,0.0981,
1,93,34,0,0,6,0.0981,
1,94,-70,0,0,6,0.0981,
1,95,-53,0,0,6,0.1053,
0,91,825,0,0,4,-0.0558,
0,92,-193,0,0,5,-0.055,
0,93,-190,0,0,5,-0.0584,
0,94,-168,0,0,5,-0.0575,
0,95,-138,0,0,8,-0.0486,
0,91,-57,0,0,-2,-0.1505,
0,92,-154,0,0,-1,-0.1497,
0,93,-169,0,0,0,-0.151,
0,94,-167,0,0,0,-0.1529,
0,95,-166,0,0,0,-0.1534,
1,91,-516,0,0,-18,-0.1222,
1,92,-519,0,0,-18,-0.1232,
1,93,-594,0,0,-17,-0.1238,
1,94,-566,0,0,-18,-0.1328,
1,95,-576,0,0,-19,-0.1465,
1,91,161,0,0,-1,-0.0922,
1,92,161,0,0,-1,-0.0922,
1,93,161,0,0,-1,-0.0922,
1,94,160,0,0,-1,-0.0927,
1,95,160,0,0,-1,-0.0948,
1,91,-344,0,0,-5,-0.1723,
1,92,-226,0,0,-5,-0.1646,
1,93,-729,0,0,-4,-0.1677,
1,94,-843,0,0,-4,-0.16,
1,95,-848,0,0,-5,-0.1784,
0,91,316,0,0,7,0.2038,
0,92,316,0,0,7,0.2001,
0,93,424,0,0,6,0.1965,
0,94,424,0,0,5,0.1928,
0,95,433,0,0,5,0.1885,
0,91,-385,0,0,19,0.4678,
0,92,-399,0,0,21,0.4566,
0,93,-196,0,0,21,0.445,
0,94,-196,0,0,23,0.4404,
0,95,-178,0,0,23,0.4322,
0,91,386,0,0,-6,-0.0082,
0,92,376,0,0,-5,-0.0137,
0,93,368,0,0,-5,-0.0135,
0,94,371,0,0,-2,0.0013,
0,95,373,0,0,-3,0.0015,
1,91,-146,0,0,-4,-0.2924,
1,92,-144,0,0,-4,-0.2924,
1,93,-651,0,0,-4,-0.2924,
1,94,-664,0,0,-3,-0.2796,
1,95,-797,0,0,-3,-0.2858,
1,91,-598,0,0,-18,-0.4232,
1,92,-601,0,0,-19,-0.4363,
1,93,-601,0,0,-19,-0.4477,
1,94,-493,0,0,-19,-0.4547,
1,95,-501,0,0,-19,-0.4526,
0,91,-223,0,0,18,0.2543,
0,92,-195,0,0,18,0.2543,
0,93,313,0,0,17,0.2543,
0,94,280,0,0,17,0.2543,
0,95,275,0,0,17,0.2543,
0,91,104,0,0,3,0.1243,
0,92,205,0,0,3,0.1243,
0,93,206,0,0,3,0.1243,
0,94,113,0,0,3,0.1243,
0,95,130,0,0,3,0.128,
0,91,312,0,0,7,0.0736,
0,92,444,0,0,7,0.0736,
0,93,340,0,0,7,0.0736,
0,94,320,0,0,7,0.0736,
0,95,301,0,0,7,0.0796,
0,91,662,0,0,22,0.2825,
0,92,658,0,0,21,0.2791,
0,93,643,0,0,20,0.2745,
0,94,544,0,0,20,0.2711,
0,95,636,0,0,20,0.2849,
0,91,383,0,0,-12,-0.2874,
0,92,375,0,0,-15,-0.2962,
0,93,267,0,0,-15,-0.3034,
0,94,285,0,0,-16,-0.3083,
0,95,286,0,0,-16,-0.309,
0,91,642,0,0,9,0.2212,
0,92,654,0,0,9,0.2212,
0,93,683,0,0,9,0.2297,
0,94,696,0,0,10,0.2394,
0,95,693,0,0,10,0.2493,
0,91,-153,0,0,22,0.3037,
0,92,-244,0,0,22,0.2997,
0,93,-248,0,0,23,0.2943,
0,94,-351,0,0,23,0.2943,
0,95,-342,0,0,23,0.2943,
0,91,293,0,0,0,0.0215,
0,92,300,0,0,0,0.021,
0,93,286,0,0,-1,0.0181,
0,94,270,0,0,-1,0.0181,
0,95,146,0,0,-1,0.0181,
0,91,1099,0,0,15,0.197,
0,92,1091,0,0,15,0.1933,
0,93,1083,0,0,16,0.1896,
0,94,975,0,0,16,0.1896,
0,95,975,0,0,16,0.1896,
1,91,-234,0,0,-16,-0.1772,
1,92,166,0,0,-16,-0.1748,
1,93,181,0,0,-17,-0.1754,
1,94,180,0,0,-17,-0.1776,
1,95,287,0,0,-17,-0.1789,
1,91,24,0,0,-2,0.0666,
1,92,8,0,0,-2,0.0587,
1,93,-8,0,0,-1,0.0567,
1,94,-7,0,0,-1,0.0621,
1,95,101,0,0,-1,0.0621,
1,91,-560,0,0,-22,-0.4205,
1,92,-568,0,0,-23,-0.4031,
1,93,-474,0,0,-24,-0.3856,
1,94,-388,0,0,-24,-0.3745,
1,95,-395,0,0,-23,-0.3585,
0,91,114,0,0,20,0.1116,
0,92,1,0,0,20,0.1136,
0,93,-5,0,0,20,0.1175,
0,94,4,0,0,19,0.1175,
0,95,25,0,0,19,0.118,
1,91,-472,0,0,8,0.0981,
1,92,-492,0,0,8,0.0981,
1,93,-504,0,0,8,0.0981,
1,94,-532,0,0,8,0.0981,
1,95,-677,0,0,6,0.0879,
0,91,91,0,0,5,-0.0212,
0,92,109,0,0,5,0.0002,
0,93,125,0,0,6,0.0192,
0,94,341,0,0,7,0.0287,
0,95,353,0,0,7,0.0297,
0,91,-458,0,0,3,0.0811,
0,92,-521,0,0,4,0.0961,
0,93,-502,0,0,7,0.1083,
0,94,-486,0,0,8,0.1156,
0,95,-455,0,0,8,0.1221,
0,91,454,0,0,13,-0.0348,
0,92,482,0,0,13,-0.0539,
0,93,499,0,0,13,-0.0627,
0,94,631,0,0,13,-0.0653,
0,95,755,0,0,13,-0.0653,
0,91,112,0,0,22,0.438,
0,92,-2,0,0,22,0.4354,
0,93,6,0,0,23,0.4384,
0,94,211,0,0,23,0.4394,
0,95,203,0,0,23,0.4338,
0,91,-51,0,0,8,-0.0166,
0,92,-50,0,0,9,-0.0073,
0,93,-49,0,0,9,-0.0083,
0,94,-48,0,0,9,-0.0075,
0,95,-46,0,0,9,-0.0087,
1,91,-181,0,0,-8,-0.0498,
1,92,-187,0,0,-9,-0.0494,
1,93,-204,0,0,-9,-0.0444,
1,94,-204,0,0,-9,-0.0468,
1,95,-332,0,0,-9,-0.0465,
1,91,657,0,0,-3,-0.0544,
1,92,541,0,0,-3,-0.0709,
1,93,523,0,0,-3,-0.0874,
1,94,389,0,0,-3,-0.0933,
1,95,253,0,0,1,-0.0975,
1,91,40,0,0,8,0.1664,
1,92,15,0,0,8,0.1547,
1,93,12,0,0,8,0.1474,
1,94,15,0,0,7,0.1412,
1,95,23,0,0,7,0.1412,
1,91,-295,0,0,-15,-0.1931,
1,92,-292,0,0,-15,-0.1931,
1,93,-400,0,0,-15,-0.1931,
1,94,-408,0,0,-15,-0.1931,
1,95,-292,0,0,-15,-0.1931,
0,91,159,0,0,-7,-0.0012,
0,92,145,0,0,-10,-0.0107,
0,93,132,0,0,-10,-0.0123,
0,94,146,0,0,-9,-0.014,
0,95,139,0,0,-9,-0.0147,
0,91,283,0,0,35,0.4629,
0,92,312,0,0,36,0.4572,
0,93,432,0,0,36,0.4607,
0,94,337,0,0,35,0.4617,
0,95,341,0,0,34,0.4633,
0,91,1238,0,0,28,0.4494,
0,92,1253,0,0,27,0.4492,
0,93,1279,0,0,26,0.4525,
0,94,1393,0,0,26,0.4525,
0,95,1377,0,0,26,0.4545,
1,91,-736,0,0,-16,-0.2882,
1,92,-644,0,0,-15,-0.2842,
1,93,-127,0,0,-14,-0.2812,
1,94,-109,0,0,-14,-0.2779,
1,95,400,0,0,-14,-0.2648,
1,91,85,0,0,-5,-0.217,
1,92,2,0,0,-5,-0.2163,
1,93,8,0,0,-6,-0.2129,
1,94,14,0,0,-5,-0.2094,
1,95,20,0,0,-5,-0.2076,
0,91,552,0,0,12,0.4421,
0,92,645,0,0,10,0.4487,
0,93,647,0,0,12,0.4598,
0,94,651,0,0,12,0.4727,
0,95,1087,0,0,13,0.4599,
1,91,79,0,0,6,0.0034,
1,92,63,0,0,7,0.0144,
1,93,43,0,0,8,0.0255,
1,94,32,0,0,9,0.0358,
1,95,-80,0,0,12,0.0321,
0,91,177,0,0,0,-0.1842,
0,92,59,0,0,2,-0.1891,
0,93,47,0,0,3,-0.2004,
0,94,43,0,0,3,-0.2117,
0,95,32,0,0,2,-0.2301,
0,91,-16,0,0,9,0.086,
0,92,8,0,0,10,0.086,
0,93,-100,0,0,10,0.086,
0,94,-56,0,0,10,0.086,
0,95,-2,0,0,10,0.086,
0,91,759,0,0,15,-0.0808,
0,92,767,0,0,15,-0.0878,
0,93,759,0,0,12,-0.087,
0,94,742,0,0,12,-0.0921,
0,95,627,0,0,12,-0.0921,
0,91,320,0,0,12,0.2938,
0,92,428,0,0,12,0.2972,
0,93,344,0,0,12,0.2972,
0,94,368,0,0,12,0.2972,
0,95,488,0,0,12,0.2972,
0,91,828,0,0,14,0.2834,
0,92,840,0,0,14,0.2831,
0,93,830,0,0,14,0.2847,
0,94,845,0,0,13,0.2893,
0,95,860,0,0,11,0.3045,
0,91,13,0,0,13,0.0732,
0,92,29,0,0,13,0.0732,
0,93,29,0,0,13,0.0732,
0,94,64,0,0,13,0.0907,
0,95,-48,0,0,13,0.0787,
0,91,-120,0,0,-6,-0.1074,
0,92,-134,0,0,-6,-0.1074,
0,93,-243,0,0,-6,-0.1074,
0,94,-343,0,0,-6,-0.1074,
0,95,-227,0,0,-6,-0.1074,
0,91,1047,0,0,22,0.1251,
0,92,1039,0,0,22,0.1283,
0,93,1037,0,0,22,0.1298,
0,94,1021,0,0,22,0.1156,
0,95,1013,0,0,22,0.1077,
1,91,-264,0,0,13,0.2891,
1,92,-270,0,0,14,0.2969,
1,93,-262,0,0,15,0.3024,
1,94,-144,0,0,15,0.2977,
1,95,-154,0,0,15,0.2977,
1,91,-116,0,0,-8,-0.0527,
1,92,-85,0,0,-8,-0.0527,
1,93,-54,0,0,-8,-0.0527,
1,94,-22,0,0,-6,-0.056,
1,95,-92,0,0,-6,-0.0441,
0,91,-420,0,0,-3,0.0381,
0,92,-420,0,0,-3,0.0314,
0,93,80,0,0,-3,0.0269,
0,94,72,0,0,-2,0.0497,
0,95,76,0,0,1,0.0719,
1,91,-959,0,0,-21,-0.1523,
1,92,-931,0,0,-21,-0.1502,
1,93,-927,0,0,-21,-0.1611,
1,94,-954,0,0,-21,-0.1602,
1,95,-1098,0,0,-24,-0.1522,
1,91,-975,0,0,-2,0.0949,
1,92,-974,0,0,-1,0.105,
1,93,-964,0,0,2,0.1378,
1,94,-1082,0,0,3,0.1578,
1,95,-1087,0,0,3,0.1815,
0,91,209,0,0,22,0.0101,
0,92,191,0,0,19,0.0025,
0,93,165,0,0,18,-0.0061,
0,94,147,0,0,18,-0.0074,
0,95,138,0,0,18,-0.0129,
1,91,-1510,0,0,-30,-0.036,
1,92,-1414,0,0,-30,-0.036,
1,93,-1434,0,0,-30,-0.036,
1,94,-1462,0,0,-30,-0.036,
1,95,-1482,0,0,-30,-0.036,
1,91,-413,0,0,-11,-0.2587,
1,92,-443,0,0,-12,-0.2641,
1,93,-474,0,0,-12,-0.272,
1,94,-504,0,0,-12,-0.272,
1,95,-535,0,0,-12,-0.271,
0,91,85,0,0,23,0.3833,
0,92,98,0,0,23,0.3833,
0,93,118,0,0,21,0.3854,
0,94,217,0,0,21,0.3913,
0,95,111,0,0,21,0.3913,
1,91,-553,0,0,-16,-0.1715,
1,92,-548,0,0,-14,-0.1641,
1,93,-552,0,0,-14,-0.1499,
1,94,-565,0,0,-14,-0.1393,
1,95,-575,0,0,-14,-0.1393,
1,91,-331,0,0,-10,0.1174,
1,92,-237,0,0,-11,0.1049,
1,93,-251,0,0,-11,0.104,
1,94,-265,0,0,-12,0.0935,
1,95,-291,0,0,-12,0.0777,
0,91,321,0,0,41,0.3675,
0,92,424,0,0,41,0.3721,
0,93,324,0,0,41,0.3707,
0,94,330,0,0,41,0.3707,
0,95,313,0,0,41,0.3707,
1,91,-309,0,0,-19,-0.3491,
1,92,-422,0,0,-19,-0.3491,
1,93,-435,0,0,-19,-0.3571,
1,94,-474,0,0,-22,-0.3651,
1,95,-513,0,0,-23,-0.3651,
0,91,744,0,0,-5,-0.2072,
0,92,752,0,0,-2,-0.2234,
0,93,750,0,0,-2,-0.219,
0,94,739,0,0,-2,-0.2078,
0,95,728,0,0,-2,-0.2163,
0,91,-68,0,0,25,0.3279,
0,92,-32,0,0,25,0.3319,
0,93,-118,0,0,25,0.3365,
0,94,-94,0,0,26,0.3347,
0,95,215,0,0,24,0.3266,
0,91,1214,0,0,15,0.3249,
0,92,1209,0,0,15,0.3249,
0,93,1191,0,0,16,0.3291,
0,94,1173,0,0,16,0.331,
0,95,757,0,0,16,0.3314,
1,91,124,0,0,-9,0.0595,
1,92,-5,0,0,-9,0.0749,
1,93,-225,0,0,-9,0.0587,
1,94,-120,0,0,-7,0.0549,
1,95,380,0,0,-8,0.0359,
1,91,108,0,0,-20,-0.3192,
1,92,205,0,0,-20,-0.331,
1,93,189,0,0,-20,-0.331,
1,94,173,0,0,-20,-0.331,
1,95,162,0,0,-20,-0.331,
0,91,806,0,0,11,0.2186,
0,92,806,0,0,12,0.2063,
0,93,805,0,0,17,0.2245,
0,94,798,0,0,16,0.2348,
0,95,820,0,0,17,0.2361,
1,91,-870,0,0,-6,-0.1561,
1,92,-946,0,0,-7,-0.1616,
1,93,-958,0,0,-8,-0.1642,
1,94,-999,0,0,-8,-0.1644,
1,95,-1024,0,0,-8,-0.1636,
1,91,-430,0,0,-21,-0.298,
1,92,-458,0,0,-19,-0.2831,
1,93,-512,0,0,-21,-0.2735,
1,94,-538,0,0,-17,-0.2639,
1,95,-588,0,0,-17,-0.2573,
1,91,188,0,0,11,0.163,
1,92,212,0,0,11,0.163,
1,93,326,0,0,11,0.169,
1,94,326,0,0,9,0.1686,
1,95,442,0,0,9,0.1686,
1,91,-241,0,0,9,0.1464,
1,92,-218,0,0,7,0.1366,
1,93,-194,0,0,6,0.1239,
1,94,-178,0,0,5,0.115,
1,95,-173,0,0,5,0.1043,
0,91,-188,0,0,11,0.2187,
0,92,326,0,0,9,0.2093,
0,93,234,0,0,9,0.2027,
0,94,218,0,0,9,0.196,
0,95,-18,0,0,9,0.196,
1,91,163,0,0,11,0.292,
1,92,155,0,0,11,0.309,
1,93,155,0,0,11,0.3078,
1,94,163,0,0,11,0.3067,
1,95,171,0,0,11,0.3055,
0,91,-320,0,0,12,0.3829,
0,92,-343,0,0,12,0.3996,
0,93,-326,0,0,17,0.4285,
0,94,-289,0,0,21,0.4566,
0,95,-113,0,0,23,0.4794,
1,91,-946,0,0,-17,-0.45,
1,92,-954,0,0,-16,-0.4371,
1,93,-832,0,0,-17,-0.4301,
1,94,-819,0,0,-18,-0.4212,
1,95,-819,0,0,-19,-0.4124,
1,91,156,0,0,3,0.1238,
1,92,160,0,0,3,0.1238,
1,93,272,0,0,3,0.1238,
1,94,-224,0,0,3,0.1238,
1,95,-249,0,0,3,0.1248,
1,91,167,0,0,-13,-0.123,
1,92,173,0,0,-13,-0.123,
1,93,-328,0,0,-13,-0.123,
1,94,-327,0,0,-13,-0.123,
1,95,-414,0,0,-15,-0.1218,
0,91,318,0,0,20,0.0848,
0,92,425,0,0,20,0.096,
0,93,527,0,0,20,0.1072,
0,94,522,0,0,20,0.1184,
0,95,422,0,0,19,0.1338,
0,91,133,0,0,16,0.1145,
0,92,234,0,0,16,0.1276,
0,93,231,0,0,15,0.1406,
0,94,228,0,0,14,0.1497,
0,95,225,0,0,13,0.1588,
1,91,-10,0,0,-2,0.1528,
1,92,-491,0,0,-2,0.1528,
1,93,-471,0,0,-2,0.1531,
1,94,-452,0,0,-2,0.1435,
1,95,-465,0,0,-2,0.1351,
1,91,1161,0,0,2,-0.0806,
1,92,1174,0,0,2,-0.0675,
1,93,1160,0,0,0,-0.0798,
1,94,1045,0,0,0,-0.0893,
1,95,1032,0,0,2,-0.0987,
1,91,677,0,0,-28,-0.2674,
1,92,677,0,0,-26,-0.2711,
1,93,677,0,0,-25,-0.2662,
1,94,565,0,0,-24,-0.2651,
1,95,553,0,0,-24,-0.2651,
0,91,378,0,0,2,0.1973,
0,92,366,0,0,3,0.1967,
0,93,262,0,0,3,0.1931,
0,94,374,0,0,5,0.1895,
0,95,388,0,0,5,0.1805,
1,91,52,0,0,-22,-0.3209,
1,92,33,0,0,-22,-0.3217,
1,93,20,0,0,-24,-0.3228,
1,94,116,0,0,-25,-0.3196,
1,95,27,0,0,-27,-0.3353,
0,91,1001,0,0,7,0.2534,
0,92,958,0,0,7,0.2552,
0,93,926,0,0,7,0.2552,
0,94,910,0,0,7,0.2552,
0,95,-118,0,0,7,0.2552,
0,91,-74,0,0,-4,-0.1824,
0,92,-71,0,0,-5,-0.1979,
0,93,-69,0,0,-7,-0.2055,
0,94,-58,0,0,-7,-0.2138,
0,95,87,0,0,-6,-0.2134,
0,91,-196,0,0,-6,-0.1824,
0,92,-182,0,0,-6,-0.1824,
0,93,49,0,0,-6,-0.1824,
0,94,71,0,0,-4,-0.1749,
0,95,-27,0,0,-4,-0.1675,
1,91,786,0,0,2,-0.1244,
1,92,774,0,0,-1,-0.1231,
1,93,670,0,0,-2,-0.1176,
1,94,683,0,0,-2,-0.1193,
1,95,689,0,0,-1,-0.1247,
1,91,-257,0,0,0,-0.0322,
1,92,-371,0,0,0,-0.0322,
1,93,-380,0,0,0,-0.035,
1,94,-388,0,0,0,-0.035,
1,95,-390,0,0,0,-0.035,
0,91,87,0,0,-19,-0.4559,
0,92,95,0,0,-19,-0.4559,
0,93,-37,0,0,-19,-0.4744,
0,94,-61,0,0,-19,-0.4744,
0,95,-85,0,0,-19,-0.4744,
0,91,-316,0,0,-3,-0.0012,
0,92,-408,0,0,-3,-0.0012,
0,93,-404,0,0,-3,0.0004,
0,94,-268,0,0,-3,0.0004,
0,95,-732,0,0,-3,0.0004,
1,91,-254,0,0,-5,0.0165,
1,92,-278,0,0,-7,0.0325,
1,93,-384,0,0,-8,0.0485,
1,94,-372,0,0,-8,0.0655,
1,95,-283,0,0,-8,0.0655,
1,91,-730,0,0,-25,-0.3393,
1,92,-705,0,0,-25,-0.343,
1,93,-681,0,0,-25,-0.343,
1,94,-559,0,0,-25,-0.343,
1,95,-453,0,0,-26,-0.3641,
0,91,762,0,0,14,0.2366,
0,92,774,0,0,14,0.2366,
0,93,662,0,0,14,0.2174,
0,94,663,0,0,13,0.198,
0,95,574,0,0,13,0.1864,
1,91,-200,0,0,1,0.1497,
1,92,-172,0,0,1,0.1497,
1,93,-280,0,0,1,0.1497,
1,94,-375,0,0,1,0.1497,
1,95,-262,0,0,1,0.1497,
0,91,266,0,0,11,0.0459,
0,92,276,0,0,9,0.0331,
0,93,271,0,0,8,0.0228,
0,94,271,0,0,9,0.0096,
0,95,144,0,0,6,0.0059,
1,91,266,0,0,-4,-0.1213,
1,92,169,0,0,-7,-0.1213,
1,93,180,0,0,-7,-0.1202,
1,94,205,0,0,-7,-0.1175,
1,95,303,0,0,-7,-0.1149,
1,91,-232,0,0,27,0.2321,
1,92,-12,0,0,28,0.2395,
1,93,-18,0,0,28,0.2521,
1,94,-30,0,0,29,0.265,
1,95,0,0,0,30,0.2684,
0,91,406,0,0,17,0.0201,
0,92,381,0,0,17,0.0218,
0,93,355,0,0,17,0.0228,
0,94,299,0,0,17,0.0238,
0,95,367,0,0,17,0.0257,
1,91,-136,0,0,-7,-0.2526,
1,92,-136,0,0,-5,-0.2443,
1,93,-133,0,0,-4,-0.24,
1,94,343,0,0,-4,-0.2472,
1,95,435,0,0,-5,-0.2544,
0,91,544,0,0,3,0.1864,
0,92,439,0,0,3,0.1864,
0,93,442,0,0,3,0.1864,
0,94,445,0,0,3,0.1864,
0,95,456,0,0,2,0.2016,
1,91,111,0,0,-16,-0.0379,
1,92,-300,0,0,-16,-0.0379,
1,93,-286,0,0,-16,-0.0385,
1,94,-271,0,0,-16,-0.0385,
1,95,-261,0,0,-15,-0.0318,
1,91,162,0,0,-5,-0.3239,
1,92,172,0,0,-6,-0.344,
1,93,262,0,0,-3,-0.3435,
1,94,244,0,0,-3,-0.3451,
1,95,236,0,0,-3,-0.3431,
0,91,-10,0,0,10,0.1811,
0,92,-18,0,0,10,0.1811,
0,93,-26,0,0,10,0.2008,
0,94,-26,0,0,10,0.2208,
0,95,-26,0,0,14,0.2379,
0,91,-875,0,0,13,0.1793,
0,92,-850,0,0,13,0.1705,
0,93,-858,0,0,13,0.1645,
0,94,-867,0,0,12,0.1667,
0,95,-879,0,0,12,0.1667,
0,91,286,0,0,20,0.1229,
0,92,288,0,0,20,0.1263,
0,93,298,0,0,19,0.1397,
0,94,316,0,0,19,0.1491,
0,95,335,0,0,19,0.1555,
1,91,123,0,0,-12,-0.1416,
1,92,144,0,0,-15,-0.1448,
1,93,130,0,0,-16,-0.1498,
1,94,203,0,0,-16,-0.1568,
1,95,98,0,0,-18,-0.1611,
1,91,-564,0,0,-22,-0.324,
1,92,-64,0,0,-22,-0.324,
1,93,44,0,0,-22,-0.324,
1,94,36,0,0,-22,-0.324,
1,95,-67,0,0,-22,-0.324,
0,91,164,0,0,2,0.0353,
0,92,182,0,0,2,0.0503,
0,93,208,0,0,2,0.0653,
0,94,158,0,0,1,0.0803,
0,95,182,0,0,0,0.0793,
0,91,541,0,0,-2,-0.1202,
0,92,552,0,0,-2,-0.1202,
0,93,661,0,0,-2,-0.1218,
0,94,554,0,0,-2,-0.1203,
0,95,649,0,0,-1,-0.1243,
0,91,661,0,0,24,0.2342,
0,92,654,0,0,24,0.2342,
0,93,887,0,0,24,0.2312,
0,94,899,0,0,24,0.2312,
0,95,904,0,0,25,0.2332,
0,91,397,0,0,-3,-0.0318,
0,92,373,0,0,-3,-0.0338,
0,93,348,0,0,-4,-0.046,
0,94,864,0,0,-7,-0.0601,
0,95,879,0,0,-8,-0.0734,
0,91,203,0,0,30,0.5095,
0,92,705,0,0,31,0.5269,
0,93,602,0,0,34,0.5335,
0,94,716,0,0,34,0.5477,
0,95,725,0,0,34,0.5483,
1,91,-128,0,0,-5,-0.1854,
1,92,-211,0,0,-5,-0.1748,
1,93,-190,0,0,-5,-0.1641,
1,94,-190,0,0,-5,-0.1614,
1,95,-198,0,0,-5,-0.1638,
0,91,-530,0,0,10,-0.2584,
0,92,-510,0,0,10,-0.2584,
0,93,-402,0,0,10,-0.2584,
0,94,-410,0,0,10,-0.2584,
0,95,-526,0,0,10,-0.2584,
0,91,527,0,0,6,-0.0346,
0,92,535,0,0,10,-0.0373,
0,93,460,0,0,9,-0.0357,
0,94,475,0,0,9,-0.0325,
0,95,475,0,0,12,-0.0275,
1,91,226,0,0,-8,-0.0794,
1,92,202,0,0,-8,-0.0794,
1,93,178,0,0,-8,-0.0794,
1,94,171,0,0,-4,-0.0514,
1,95,178,0,0,-5,-0.041,
1,91,-721,0,0,-3,-0.106,
1,92,-759,0,0,-3,-0.1001,
1,93,-787,0,0,-1,-0.0938,
1,94,-827,0,0,-1,-0.0938,
1,95,-943,0,0,-1,-0.0938,
1,91,-197,0,0,-10,-0.1469,
1,92,-154,0,0,-10,-0.1469,
1,93,-143,0,0,-10,-0.1439,
1,94,-132,0,0,-10,-0.1409,
1,95,-129,0,0,-10,-0.1459,
0,91,67,0,0,-9,-0.0931,
0,92,55,0,0,-9,-0.0894,
0,93,44,0,0,-8,-0.0822,
0,94,142,0,0,-4,-0.1045,
0,95,154,0,0,-3,-0.1324,
1,91,578,0,0,-9,-0.1999,
1,92,574,0,0,-9,-0.1999,
1,93,578,0,0,-9,-0.1999,
1,94,575,0,0,-8,-0.1903,
1,95,557,0,0,-7,-0.1827,
0,91,-208,0,0,25,0.2856,
0,92,-312,0,0,26,0.2918,
0,93,-197,0,0,26,0.298,
0,94,-183,0,0,29,0.3022,
0,95,-169,0,0,29,0.3065,
0,91,419,0,0,18,0.275,
0,92,549,0,0,18,0.2601,
0,93,441,0,0,18,0.2601,
0,94,433,0,0,18,0.2601,
0,95,537,0,0,18,0.2601,
1,91,-1299,0,0,11,0.3958,
1,92,-1308,0,0,16,0.4426,
1,93,-1321,0,0,18,0.4684,
1,94,-1329,0,0,19,0.4767,
1,95,-1323,0,0,19,0.4767,
0,91,19,80.000000,0,28,0.6535,
0,92,1583,100.000000,0,28,0.6575,
1,91,-1321,0,0,8,0.3881,
1,92,-1347,0,0,8,0.3881,
1,93,-1365,0,0,8,0.3881,
1,94,-1367,0,0,8,0.3881,
1,95,-1269,0,0,8,0.3881,
1,91,-579,0,0,8,0.22,
1,92,-580,0,0,8,0.22,
1,93,-1097,0,0,8,0.22,
1,94,-1105,0,0,8,0.22,
1,95,-1099,0,0,8,0.22,
0,91,-1045,0,0,7,0.3959,
0,92,-1059,0,0,7,0.4039,
0,93,-1085,0,0,7,0.4054,
0,94,-1211,0,0,7,0.4128,
0,95,-1231,0,0,7,0.4405,
1,91,-1057,0,0,-3,0.3674,
1,92,-1053,0,0,0,0.3999,
1,93,-975,0,0,1,0.4089,
1,94,-1363,0,0,1,0.4089,
1,95,-1355,0,0,1,0.4089,
0,91,-1397,0,0,27,0.3374,
0,92,-1297,0,0,27,0.3374,
0,93,-1197,0,0,27,0.3374,
0,94,-1097,0,0,27,0.3374,
0,95,-997,20.000000,0,27,0.3374,
0,91,1289,100.000000,0,9,0.5314,
0,91,-592,76.000000,0,-7,0.1829,
0,92,-500,96.000000,0,-7,0.1829,
0,93,1012,100.000000,0,-7,0.1829,
1,91,-928,0,0,13,0.483,
1,92,-936,0,0,13,0.483,
1,93,-944,0,0,13,0.483,
1,94,-960,0,0,13,0.483,
1,95,-960,0,0,13,0.483,
1,91,-740,0,0,-8,0.1616,
1,92,-740,0,0,-8,0.159,
1,93,-756,0,0,-8,0.1563,
1,94,-788,0,0,-8,0.1563,
1,95,-776,0,0,-6,0.1723,
1,91,-704,0,0,7,0.3779,
1,92,-703,0,0,14,0.4204,
1,93,-697,0,0,15,0.438,
1,94,-696,0,0,15,0.4389,
1,95,-696,0,0,15,0.4389,
0,91,-1253,20.000000,0,3,0.2768,
0,92,-1169,40.000000,0,3,0.2768,
0,93,-1069,60.000000,0,3,0.2768,
0,94,-969,80.000000,0,3,0.2768,
0,95,631,100.000000,0,3,0.2768,
0,91,1176,100.000000,0,2,0.2978,
0,91,-1200,0,0,12,0.551,
0,92,-1116,0,0,12,0.551,
0,93,-1016,0,0,12,0.551,
0,94,-938,0,0,12,0.551,
0,95,-860,20.000000,0,12,0.551,
0,91,-1513,0,0,-14,0.2055,
0,92,-1521,0,0,-14,0.2029,
0,93,-1529,0,0,-14,0.1922,
0,94,-1537,0,0,-14,0.1922,
0,95,-1517,0,0,-13,0.2082,
0,91,-1105,0,0,11,0.6537,
0,92,-1020,0,0,11,0.6553,
0,93,-1036,0,0,11,0.6553,
0,94,-1052,0,0,11,0.6927,
0,95,-1068,0,0,11,0.73,
1,91,-268,0,0,14,0.7988,
1,92,-266,0,0,14,0.8018,
1,93,-269,0,0,15,0.8004,
1,94,-269,0,0,15,0.8004,
1,95,-261,0,0,15,0.8004,
0,91,-964,0,0,16,0.4608,
0,92,-964,0,0,16,0.4694,
0,93,-860,0,0,16,0.4778,
0,94,-868,0,0,16,0.4778,
0,95,-876,0,0,16,0.4778,
1,91,-625,0,0,13,0.4484,
1,92,-625,0,0,13,0.4484,
1,93,-625,0,0,13,0.4484,
1,94,-609,0,0,13,0.4484,
1,95,-688,0,0,13,0.4484,
1,91,-1079,0,0,17,0.4035,
1,92,-1093,0,0,17,0.4035,
1,93,-1115,0,0,17,0.4035,
1,94,-1107,0,0,17,0.4035,
1,95,-1095,0,0,17,0.4035,
0,91,-124,80.000000,0,0,0.4418,
0,92,1363,100.000000,0,2,0.4668,
0,91,1590,100.000000,0,6,0.258,
0,91,254,80.000000,0,0,0.1733,
0,92,1854,100.000000,0,0,0.1733,
0,91,-430,1.400000,0,16,0.6507,
0,92,-338,21.400000,0,16,0.6507,
0,93,-249,41.400000,0,16,0.6507,
0,94,-168,61.400000,0,16,0.6507,
0,95,-99,81.400000,0,16,0.6507,
0,91,-980,0,0,12,0.3242,
0,92,-880,0,0,12,0.3242,
0,93,-880,0,0,12,0.3242,
0,94,-880,0,0,12,0.3842,
0,95,-894,0,0,17,0.4402,
0,91,1516,100.000000,0,32,0.7289,
0,91,-432,80.000000,0,20,0.4512,
0,92,1152,100.000000,0,20,0.4512,
1,91,-737,0,0,24,0.8071,
1,92,-853,0,0,25,0.8475,
1,93,-717,0,0,25,0.8946,
1,94,-701,0,0,25,0.8946,
1,95,-677,0,0,25,0.8946,
0,91,36,40.000000,0,10,0.6272,
0,92,136,60.000000,0,10,0.6272,
0,93,236,80.000000,0,10,0.6272,
0,94,1836,100.000000,0,10,0.6272,
1,91,-1516,0,0,3,0.086,
1,92,-1479,0,0,1,0.0693,
1,93,-1347,0,0,1,0.0693,
1,94,-1323,0,0,1,0.0693,
1,95,-1323,0,0,1,0.0693,
1,91,-335,0,0,-6,0.2278,
1,92,-350,0,0,-6,0.2211,
1,93,-268,0,0,-6,0.2145,
1,94,-280,0,0,-6,0.2145,
1,95,-788,0,0,-6,0.2145,
0,91,692,76.000000,0,23,0.6123,
0,92,792,96.000000,0,23,0.6123,
0,93,2308,100.000000,0,23,0.6123,
0,91,-667,0,0,10,0.2934,
0,92,-675,0,0,10,0.2934,
0,93,-699,0,0,10,0.2934,
0,94,-723,0,0,10,0.2934,
0,95,-731,0,0,10,0.2934,
1,91,-741,0,0,32,0.898,
1,92,-741,0,0,32,0.898,
1,93,-738,0,0,39,0.9339,
1,94,-717,0,0,39,0.936,
1,95,-593,0,0,39,0.936,
1,91,-1030,0,0,-7,0.2813,
1,92,-1574,0,0,-7,0.2813,
1,93,-1606,0,0,-7,0.2813,
1,94,-1638,0,0,-7,0.2813,
1,95,-1646,0,0,-7,0.2813,
1,91,-32,0,0,17,0.4595,
1,92,-55,0,0,17,0.4595,
1,93,-79,0,0,17,0.4555,
1,94,-79,0,0,17,0.4515,
1,95,-190,0,0,17,0.4635,
1,91,-891,0,0,3,0.2917,
1,92,-903,0,0,3,0.2917,
1,93,-922,0,0,4,0.2977,
1,94,-958,0,0,4,0.3067,
1,95,-972,0,0,5,0.3157,
1,91,-709,0,0,23,0.7139,
1,92,-723,0,0,23,0.7139,
1,93,-737,0,0,23,0.7139,
1,94,-751,0,0,23,0.7139,
1,95,-741,0,0,23,0.7139,
0,91,-303,60.000000,0,13,0.386,
0,92,-314,60.000000,0,16,0.413,
0,93,-220,80.000000,0,17,0.4177,
0,94,1372,100.000000,0,17,0.4177,
0,91,1675,100.000000,0,6,0.2526,
0,91,-700,16.000000,0,5,0.6141,
0,92,-608,36.000000,0,5,0.6141,
0,93,-524,56.000000,0,5,0.6141,
0,94,-432,76.000000,0,5,0.6141,
0,95,-356,96.000000,0,5,0.6141,
1,91,-514,0,0,16,0.4667,
1,92,-514,0,0,16,0.4667,
1,93,-514,0,0,16,0.4667,
1,94,-498,0,0,16,0.514,
1,95,-897,0,0,18,0.5598,
0,91,-1002,0,0,16,0.4514,
0,92,-947,0,0,16,0.4514,
0,93,-972,20.000000,0,16,0.4514,
0,94,-886,40.000000,0,16,0.4514,
0,95,-907,60.000000,0,16,0.4514,
0,91,-79,0,0,5,0.4595,
0,92,-104,0,0,6,0.4475,
0,93,-137,0,0,7,0.4285,
0,94,-653,0,0,8,0.4215,
0,95,-637,0,0,8,0.4375,
0,91,-308,80.000000,0,10,0.2745,
0,92,-309,80.000000,0,14,0.3004,
0,93,1284,100.000000,0,14,0.2996,
0,91,-534,0,0,11,0.5505,
0,92,-501,0,0,13,0.5591,
0,93,-969,0,0,13,0.5571,
0,94,-905,0,0,13,0.5571,
0,95,-771,0,0,13,0.5571,
0,91,272,0,0,6,0.6639,
0,92,278,0,0,11,0.6955,
0,93,281,0,0,18,0.7315,
0,94,385,20.000000,0,20,0.7447,
0,95,469,40.000000,0,20,0.7447,
1,91,-1089,0,0,18,0.5563,
1,92,-1085,0,0,24,0.5807,
1,93,-1084,0,0,25,0.6247,
1,94,-1067,0,0,28,0.6662,
1,95,-1554,0,0,29,0.6982,
0,91,-561,37.200000,0,13,0.1976,
0,92,-571,56.800000,0,13,0.1976,
0,93,-481,76.400000,0,13,0.1976,
0,94,-399,96.000000,0,13,0.1976,
0,95,1009,100.000000,0,13,0.1976,
0,91,932,100.000000,0,4,0.306,
0,91,1382,100.000000,0,8,0.4443,
0,91,-710,80.000000,0,5,0.1936,
0,92,-826,80.000000,0,12,0.2288,
0,93,662,100.000000,0,12,0.2264,
0,91,75,82.600000,0,19,0.4346,
0,92,72,82.600000,0,23,0.4654,
0,93,1653,100.000000,0,23,0.4689,
0,91,-682,20.000000,0,0,0.1949,
0,92,-688,40.000000,0,0,0.1949,
0,93,-594,60.000000,0,0,0.1949,
0,94,-500,80.000000,0,0,0.1949,
0,95,1094,100.000000,0,0,0.1949,
0,91,-643,72.800000,0,13,0.5416,
0,92,-550,92.800000,0,13,0.5416,
0,93,963,100.000000,0,13,0.5416,
1,91,-1292,0,0,20,0.6605,
1,92,-1319,0,0,20,0.6605,
1,93,-1346,0,0,20,0.6605,
1,94,-1357,0,0,20,0.6605,
1,95,-1360,0,0,20,0.6605,
0,91,-274,0,0,17,0.7572,
0,92,-174,20.000000,0,17,0.7572,
0,93,-74,40.000000,0,17,0.7572,
0,94,26,60.000000,0,17,0.7572,
0,95,126,80.000000,0,17,0.7572,
0,91,-1066,20.000000,0,9,0.4843,
0,92,-980,40.000000,0,9,0.4843,
0,93,-894,60.000000,0,9,0.4843,
0,94,-808,80.000000,0,9,0.4843,
0,95,762,100.000000,0,9,0.4843,
0,91,-680,60.000000,0,7,0.4824,
0,92,-596,80.000000,0,7,0.4824,
0,93,872,100.000000,0,7,0.4824,
0,91,-823,19.200000,0,16,0.2888,
0,92,-757,38.800000,0,16,0.2888,
0,93,-691,58.400000,0,16,0.2888,
0,94,-641,78.000000,0,16,0.2888,
0,95,-583,97.600000,0,16,0.2888,
0,91,-603,60.000000,0,11,0.4087,
0,92,-601,60.000000,0,17,0.4598,
0,93,-596,60.000000,0,19,0.4807,
0,94,-495,80.000000,0,19,0.4843,
0,95,1097,100.000000,0,19,0.4843,
0,91,-799,96.000000,-49.600000,3,0.5661,
0,92,672,100.000000,-55.200000,4,0.5754,
0,91,1377,100.000000,0,18,0.5172,
0,91,-2378,0,0,18,0.3918,
0,92,-1791,0,0,18,0.3903,
0,93,-1705,0,0,18,0.3903,
0,94,-1619,0,0,18,0.3903,
0,95,-1533,0,0,18,0.3903,
1,91,-890,0,0,22,0.5972,
1,92,-895,0,0,22,0.5972,
1,93,-900,0,0,22,0.5972,
1,94,-889,0,0,22,0.5972,
1,95,-870,0,0,22,0.5972,
1,91,-209,0,0,9,0.0832,
1,92,-209,0,0,9,0.0712,
1,93,-215,0,0,9,0.0549,
1,94,-215,0,0,9,0.0512,
1,95,-195,0,0,9,0.056,
1,91,704,0,-92.800000,-15,-0.4634,
1,92,-832,0,-100.000000,-15,-0.4634,
1,91,130,0,-60.000000,-9,-0.4629,
1,92,34,0,-80.000000,-9,-0.4629,
1,93,-1562,0,-100.000000,-9,-0.4629,
0,91,1043,0,0,-16,-0.6263,
0,92,1043,0,0,-16,-0.6263,
0,93,1545,0,0,-16,-0.6263,
0,94,1445,0,0,-16,-0.6263,
0,95,1437,0,0,-16,-0.6263,
1,91,781,0.200000,-60.000000,-9,-0.559,
1,92,713,6.600000,-80.000000,-9,-0.559,
1,93,-855,13.000000,-100.000000,-9,-0.559,
0,91,907,0,0,2,-0.3715,
0,92,915,0,0,2,-0.3715,
0,93,937,0,0,1,-0.3698,
0,94,965,0,0,1,-0.3698,
0,95,1491,0,0,1,-0.3858,
0,91,834,0,0,-10,-0.3717,
0,92,809,0,0,-10,-0.3565,
0,93,785,0,0,-10,-0.3415,
0,94,761,0,0,-10,-0.3415,
0,95,737,0,0,-10,-0.3415,
1,91,1518,7.200000,-23.200000,-12,-0.5254,
1,92,1426,7.200000,-43.200000,-12,-0.5254,
1,93,1334,7.200000,-63.200000,-12,-0.5254,
1,94,1242,7.200000,-83.200000,-12,-0.5254,
1,95,-334,7.200000,-100.000000,-12,-0.5254,
1,91,-273,0,-96.000000,-13,-0.6546,
1,92,-1793,0,-100.000000,-13,-0.6546,
0,91,1183,0,0,-5,-0.6445,
0,92,1183,0,0,-5,-0.6445,
0,93,1287,0,0,-5,-0.6445,
0,94,1294,0,0,-5,-0.6445,
0,95,1292,0,0,-6,-0.6393,
1,91,479,0,-20.000000,-14,-0.4363,
1,92,431,0,-40.000000,-14,-0.4363,
1,93,355,0,-60.000000,-14,-0.4363,
1,94,271,0,-80.000000,-14,-0.4363,
1,95,-1313,0,-100.000000,-14,-0.4363,
1,91,584,0,-80.000000,-1,-0.2569,
1,92,592,0,-80.000000,-1,-0.2569,
1,93,593,0,-80.000000,-6,-0.2859,
1,94,-1000,0,-100.000000,-6,-0.2859,
1,91,427,0,-56.000000,-22,-0.6543,
1,92,443,0,-56.000000,-22,-0.6543,
1,93,356,0,-76.000000,-24,-0.6633,
1,94,288,0,-96.000000,-24,-0.6633,
1,95,-1216,0,-100.000000,-24,-0.6633,
1,91,471,0,-60.000000,-14,-0.4229,
1,92,503,0,-80.000000,-14,-0.4229,
1,93,-1081,0,-100.000000,-14,-0.4229,
1,91,92,0,-80.000000,-19,-0.4827,
1,92,-1388,0,-100.000000,-19,-0.4827,
1,91,2267,0,0,-21,-0.7853,
1,92,2276,0,0,-22,-0.7925,
1,93,2290,0,0,-27,-0.8269,
1,94,1694,0,0,-27,-0.8317,
1,95,1602,0,0,-27,-0.8317,
1,91,715,0,-40.000000,-11,-0.2781,
1,92,623,0,-60.000000,-11,-0.2781,
1,93,534,0,-80.000000,-11,-0.2781,
1,94,-1063,0,-100.000000,-11,-0.2781,
1,91,1147,40.800000,-80.000000,-10,-0.3906,
1,92,-437,0,-100.000000,-10,-0.3906,
1,91,725,0,-68.000000,-10,-0.4698,
1,92,629,0,-88.000000,-10,-0.4698,
1,93,-927,0,-100.000000,-10,-0.4698,
0,91,-61,0,0,-16,-0.394,
0,92,444,0,0,-16,-0.394,
0,93,468,0,0,-16,-0.394,
0,94,492,0,0,-16,-0.39,
0,95,516,0,0,-16,-0.402,
1,91,1132,0,0,-6,-0.3626,
1,92,1064,0,-20.000000,-6,-0.3626,
1,93,1004,0,-40.000000,-6,-0.3626,
1,94,1036,0,-60.000000,-6,-0.3626,
1,95,1160,0,-60.000000,-6,-0.3626,
1,91,586,0,-60.000000,-4,-0.4607,
1,92,580,0,-60.000000,-11,-0.4844,
1,93,472,0,-80.000000,-11,-0.4931,
1,94,-1112,0,-100.000000,-11,-0.4931,
1,91,-1044,0,-100.000000,-10,-0.4012,
1,91,-594,0,-100.000000,-1,-0.1938,
1,91,32,0,0,-33,-0.7585,
1,92,-68,0,-20.000000,-33,-0.758,
1,93,-167,0,-40.000000,-33,-0.758,
1,94,-266,0,-60.000000,-33,-0.758,
1,95,-366,0,-80.000000,-33,-0.758,
1,91,137,0,0,-5,-0.1924,
1,92,107,0,0,-5,-0.1924,
1,93,85,0,0,-5,-0.1961,
1,94,63,0,0,-5,-0.1998,
1,95,-37,0,0,-5,-0.1998,
0,91,1095,0,0,-26,-0.5814,
0,92,1205,0,0,-26,-0.5814,
0,93,1205,0,0,-26,-0.5814,
0,94,1205,0,0,-26,-0.5814,
0,95,1205,0,0,-26,-0.5814,
1,91,1089,0,0,-19,-0.3232,
1,92,1188,0,0,-19,-0.3111,
1,93,1073,0,0,-19,-0.3003,
1,94,1073,0,0,-19,-0.3003,
1,95,1177,0,0,-19,-0.3003,
1,91,68,0,0,-24,-0.471,
1,92,-64,0,0,-24,-0.4737,
1,93,-88,0,0,-24,-0.4774,
1,94,-4,0,0,-24,-0.4811,
1,95,-28,0,0,-24,-0.5007,
1,91,600,0,-80.000000,-11,-0.3214,
1,92,-988,0,-100.000000,-11,-0.3214,
0,91,1050,0,0,2,-0.4331,
0,92,1058,0,0,2,-0.4331,
0,93,1166,0,0,2,-0.4331,
0,94,1676,0,0,2,-0.4331,
0,95,1570,0,0,2,-0.4331,
1,91,-1328,0,-100.000000,-20,-0.6597,
1,91,-296,0,-80.000000,-22,-0.6526,
1,92,-1888,0,-100.000000,-22,-0.6526,
1,91,-669,0,-80.000000,-36,-0.8267,
1,92,-2261,0,-100.000000,-36,-0.8267,
0,91,817,0,0,-21,-0.6022,
0,92,185,0,0,-21,-0.5962,
0,93,177,0,0,-21,-0.5962,
0,94,80,0,0,-21,-0.5962,
0,95,91,0,0,-21,-0.5962,
1,91,670,0,-80.000000,-2,-0.2811,
1,92,-914,0,-100.000000,-2,-0.2811,
0,91,851,0,0,-7,-0.3909,
0,92,851,0,0,-7,-0.3909,
0,93,1357,0,0,-7,-0.3909,
0,94,1363,0,0,-7,-0.3909,
0,95,1369,0,0,-7,-0.3909,
1,91,-1142,0,-100.000000,0,-0.2565,
1,91,275,0,-40.000000,-9,-0.5002,
1,92,199,0,-60.000000,-9,-0.5002,
1,93,115,0,-80.000000,-9,-0.5002,
1,94,-1485,0,-100.000000,-9,-0.5002,
1,91,838,0,-40.000000,-13,-0.6096,
1,92,849,0,-40.000000,-16,-0.6271,
1,93,873,0,-60.000000,-16,-0.6306,
1,94,875,0,-80.000000,-16,-0.6306,
1,95,-725,0,-100.000000,-16,-0.6306,
1,91,666,0,0,-7,-0.412,
1,92,674,0,0,-7,-0.4205,
1,93,682,0,0,-7,-0.4071,
1,94,690,0,0,-7,-0.3979,
1,95,698,0,0,-7,-0.3958,
1,91,559,0,-60.000000,-15,-0.4443,
1,92,466,0,-80.000000,-15,-0.4443,
1,93,-1126,0,-100.000000,-15,-0.4443,
1,91,760,0,0,-7,-0.085,
1,92,800,0,-20.000000,-7,-0.085,
1,93,724,0,-40.000000,-7,-0.085,
1,94,648,0,-60.000000,-7,-0.085,
1,95,572,0,-80.000000,-7,-0.085,
0,91,767,0,0,1,-0.4378,
0,92,771,0,0,1,-0.4358,
0,93,783,0,0,1,-0.4198,
0,94,795,0,0,2,-0.4038,
0,95,806,0,0,-3,-0.3872,
1,91,-950,0,-100.000000,-16,-0.1141,
0,91,1224,0,0,-18,-0.5745,
0,92,1164,0,0,-18,-0.5745,
0,93,1032,0,0,-18,-0.5745,
0,94,1032,0,0,-18,-0.5745,
0,95,1016,0,0,-18,-0.5745,
0,91,1512,0,0,-25,-0.6004,
0,92,1386,0,0,-27,-0.6159,
0,93,1386,0,0,-27,-0.6159,
0,94,1386,0,0,-27,-0.6159,
0,95,1262,0,0,-27,-0.6142,
1,91,444,0,0,-18,-0.5676,
1,92,444,0,0,-18,-0.5676,
1,93,484,0,0,-18,-0.5676,
1,94,507,0,0,-19,-0.5714,
1,95,523,0,0,-19,-0.5714,
1,91,656,0,-40.000000,4,-0.4486,
1,92,565,0,-60.000000,4,-0.4486,
1,93,468,0,-80.000000,4,-0.4486,
1,94,-1021,0,-100.000000,4,-0.4486,
1,91,-1312,0,-100.000000,3,-0.2419,
0,91,1271,0,0,-12,-0.5371,
0,92,1275,0,0,-13,-0.5315,
0,93,1256,0,0,-15,-0.5296,
0,94,1112,0,0,-15,-0.5256,
0,95,1088,0,0,-15,-0.5256,
1,91,617,0,-96.000000,-12,-0.2239,
1,92,725,0,-96.000000,-17,-0.2612,
1,93,-798,0,-100.000000,-18,-0.266,
0,91,458,0,0,7,-0.1866,
0,92,466,0,0,4,-0.2341,
0,93,472,0,0,2,-0.2725,
0,94,464,0,0,0,-0.3199,
0,95,462,0,0,-2,-0.3608,
0,91,1038,0,0,24,-0.194,
0,92,1046,0,0,24,-0.194,
0,93,1054,0,0,24,-0.194,
0,94,1062,0,0,24,-0.194,
0,95,1070,0,0,24,-0.1739,
1,91,-807,0,-100.000000,-15,-0.3823,
1,91,-94,0,-80.000000,-11,-0.5056,
1,92,-1582,0,-100.000000,-11,-0.5056,
0,91,712,0,0,-11,-0.5019,
0,92,729,0,0,-11,-0.4992,
0,93,761,0,0,-13,-0.502,
0,94,669,0,0,-13,-0.5061,
0,95,1199,0,0,-13,-0.5061,
0,91,472,0,0,-21,-0.3617,
0,92,456,0,0,-21,-0.3617,
0,93,448,0,0,-21,-0.3617,
0,94,428,0,0,-21,-0.3617,
0,95,320,0,0,-21,-0.3617,
1,91,558,0,-80.000000,-10,-0.3997,
1,92,-1026,0,-100.000000,-10,-0.3997,
1,91,561,0,-20.000000,-4,-0.4402,
1,92,476,0,-40.000000,-4,-0.4392,
1,93,408,0,-60.000000,-4,-0.4392,
1,94,340,0,-80.000000,-4,-0.4392,
1,95,-1204,0,-100.000000,-4,-0.4392,
1,91,643,0,-60.000000,-19,-0.6177,
1,92,654,0,-60.000000,-25,-0.6597,
1,93,660,0,-80.000000,-25,-0.6627,
1,94,-940,0,-100.000000,-25,-0.6627,
1,91,-1187,0,-100.000000,0,-0.1618,
0,91,948,0,0,6,-0.3108,
0,92,956,0,0,6,-0.3108,
0,93,964,0,0,6,-0.3108,
0,94,964,0,0,6,-0.3108,
0,95,944,0,0,4,-0.333,
1,91,656,0,0,-9,-0.6334,
1,92,651,0,0,-12,-0.6626,
1,93,548,0,-20.000000,-13,-0.6765,
1,94,448,0,-40.000000,-13,-0.6765,
1,95,348,0,-60.000000,-13,-0.6765,
0,91,1307,0,0,-7,-0.4908,
0,92,1319,0,0,-9,-0.5104,
0,93,1337,0,0,-15,-0.5525,
0,94,1356,0,0,-15,-0.5525,
0,95,1370,0,0,-15,-0.5525,
0,91,1543,0,0,-1,-0.2442,
0,92,1548,0,0,-1,-0.2442,
0,93,1553,0,0,-1,-0.2442,
0,94,1574,0,0,-1,-0.2442,
0,95,1579,0,0,-1,-0.2442,
0,91,888,0,0,4,-0.434,
0,92,904,0,0,4,-0.434,
0,93,920,0,0,4,-0.434,
0,94,920,0,0,4,-0.434,
0,95,903,0,0,-2,-0.4767,
1,91,840,0,-60.000000,4,-0.4248,
1,92,756,0,-80.000000,4,-0.4248,
1,93,-844,0,-100.000000,4,-0.4248,
1,91,767,0,0,-17,-0.4094,
1,92,667,0,-20.000000,-17,-0.4094,
1,93,567,0,-40.000000,-17,-0.4094,
1,94,479,0,-60.000000,-17,-0.4094,
1,95,391,0,-80.000000,-17,-0.4094,
0,91,827,0.0,0.0,3,-0.1099,
0,92,705,0.0,0.0,3,-0.1099,
0,93,811,0.0,0.0,3,-0.1099,
0,94,783,0.0,0.0,3,-0.1099,
0,95,783,0.0,0.0,3,-0.1099,
0,91,235,0.0,0.0,6,-0.5794,
0,92,251,0.0,0.0,6,-0.5794,
0,93,251,0.0,0.0,6,-0.5794,
0,94,251,0.0,0.0,6,-0.5794,
0,95,251,0.0,0.0,6,-0.5794,
1,91,1476,0.0,0.0,4,-0.5242,
1,92,1496,0.0,0.0,4,-0.5242,
1,93,1504,0.0,0.0,4,-0.5242,
1,94,1620,0.0,0.0,4,-0.5242,
1,95,1644,0.0,0.0,4,-0.5242,
1,91,279,0.0,-20.0,-19,-0.6635,
1,92,282,0.0,-20.0,-22,-0.7175,
1,93,389,0.0,-20.0,-26,-0.7525,
1,94,288,0.0,-40.0,-26,-0.7525,
1,95,209,0.0,-60.0,-26,-0.7525,
1,91,751,0.0,-80.0,-13,-0.4615,
1,92,767,0.0,-80.0,-16,-0.5215,
1,93,777,0.0,-80.0,-20,-0.5588,
1,94,-809,0.0,-100.0,-21,-0.5661,
1,91,622,0.0,0.0,-16,-0.6189,
1,92,489,0.0,0.0,-18,-0.6182,
1,93,481,0.0,0.0,-18,-0.6185,
1,94,473,0.0,0.0,-18,-0.6185,
1,95,473,0.0,0.0,-18,-0.6185,
0,91,751,0.0,0.0,-10,-0.4761,
0,92,599,0.0,0.0,-10,-0.4761,
0,93,599,0.0,0.0,-10,-0.4761,
0,94,596,0.0,0.0,-10,-0.4817,
0,95,596,0.0,0.0,-10,-0.4817,
0,91,1816,0.0,0.0,16,-0.1291,
0,92,1816,0.0,0.0,16,-0.1291,
0,93,1816,0.0,0.0,16,-0.1257,
0,94,1816,0.0,0.0,16,-0.1405,
0,95,1816,0.0,0.0,14,-0.1714,
1,91,-2239,0.0,-100.0,-7,-0.2028,
1,91,1236,0.0,0.0,-18,-0.4847,
1,92,1130,0.0,-20.0,-18,-0.4815,
1,93,1030,0.0,-40.0,-18,-0.4815,
1,94,930,0.0,-60.0,-18,-0.4815,
1,95,930,0.0,-60.0,-18,-0.4815,
0,91,1558,0.0,0.0,6,-0.1306,
0,92,1543,0.0,0.0,7,-0.1078,
0,93,1528,0.0,0.0,6,-0.0867,
0,94,1605,0.0,0.0,8,-0.0714,
0,95,1622,0.0,0.0,8,-0.0594,
1,91,710,0.0,-40.0,-17,-0.4233,
1,92,610,0.0,-60.0,-17,-0.4233,
1,93,510,0.0,-80.0,-17,-0.4233,
1,94,-1090,0.0,-100.0,-17,-0.4233,
0,91,374,0.0,0.0,-2,-0.1034,
0,92,852,0.0,0.0,-2,-0.1007,
0,93,746,0.0,0.0,-2,-0.0866,
0,94,756,0.0,0.0,-2,-0.0866,
0,95,1250,0.0,0.0,-2,-0.0866,
1,91,846,0.0,-96.0,9,-0.2692,
1,92,-654,0.0,-100.0,9,-0.2692,
1,91,-1805,0.0,-100.0,-8,-0.4791,
0,91,1129,0.0,0.0,-13,-0.4382,
0,92,1145,0.0,0.0,-12,-0.459,
0,93,1161,0.0,0.0,-12,-0.4798,
0,94,1265,0.0,0.0,-14,-0.5007,
0,95,1249,0.0,0.0,-19,-0.5215,
1,91,34,0.0,-60.0,1,-0.3562,
1,92,-50,0.0,-80.0,1,-0.3562,
1,93,-1626,0.0,-100.0,1,-0.3562,
1,91,372,0.0,-60.0,-2,-0.3413,
1,92,284,0.0,-80.0,-2,-0.3413,
1,93,-1315,0.0,-100.0,-2,-0.3413,
1,91,-1316,0.0,-100.0,-16,-0.4121,
1,91,455,0.0,-40.0,-16,-0.551,
1,92,474,0.0,-40.0,-18,-0.578,
1,93,396,0.0,-60.0,-18,-0.579,
1,94,436,0.0,-80.0,-18,-0.579,
1,95,-1132,0.0,-100.0,-18,-0.579,
1,91,569,0.0,-37.2,-24,-0.5217,
1,92,479,0.0,-56.8,-24,-0.5217,
1,93,389,0.0,-76.4,-24,-0.5217,
1,94,299,0.0,-96.0,-24,-0.5217,
1,95,-1213,0.0,-100.0,-24,-0.5217,
1,91,1012,0.0,-40.0,-4,-0.2025,
1,92,916,0.0,-60.0,-8,-0.2243,
1,93,844,0.0,-80.0,-8,-0.2243,
1,94,-728,0.0,-100.0,-8,-0.2243,
0,91,2032,0.0,0.0,-5,-0.5209,
0,92,2064,0.0,0.0,-5,-0.5683,
0,93,2096,0.0,0.0,-5,-0.6155,
0,94,2112,0.0,0.0,-5,-0.6627,
0,95,2011,0.0,0.0,-10,-0.7079,
1,91,-1017,0.0,-100.0,4,-0.313,
1,91,1016,0.0,0.0,-3,-0.3921,
1,92,1019,0.0,0.0,-4,-0.4029,
1,93,926,0.0,-20.0,-4,-0.4051,
1,94,826,0.0,-40.0,-4,-0.4051,
1,95,726,0.0,-60.0,-4,-0.4051,
0,91,1534,0.0,0.0,3,-0.6342,
0,92,1554,0.0,0.0,3,-0.6342,
0,93,1582,0.0,0.0,3,-0.6342,
0,94,1598,0.0,0.0,3,-0.6342,
0,95,1582,0.0,0.0,3,-0.6342,
1,91,303,0.0,0.0,-29,-0.8809,
1,92,259,0.0,-20.0,-29,-0.8809,
1,93,175,0.0,-40.0,-29,-0.8809,
1,94,91,0.0,-60.0,-29,-0.8809,
1,95,-9,0.0,-80.0,-29,-0.8809,
0,91,928,0.0,0.0,-28,-0.4661,
0,92,928,0.0,0.0,-28,-0.4661,
0,93,928,0.0,0.0,-28,-0.4661,
0,94,924,0.0,0.0,-28,-0.4661,
0,95,912,0.0,0.0,-28,-0.5134,
1,91,758,0.0,-56.0,-1,-0.3941,
1,92,674,0.0,-76.0,-1,-0.3941,
1,93,590,0.0,-96.0,-1,-0.3941,
1,94,-918,0.0,-100.0,-1,-0.3941,
1,91,892,0.0,-60.0,0,-0.3631,
1,92,831,0.0,-80.0,0,-0.3631,
1,93,-746,0.0,-100.0,0,-0.3631,
0,91,598,0.0,0.0,-8,-0.7464,
0,92,1106,0.0,0.0,-8,-0.7464,
0,93,1114,0.0,0.0,-8,-0.7464,
0,94,1122,0.0,0.0,-8,-0.7464,
0,95,1130,0.0,0.0,-8,-0.7464,
1,91,-198,0.0,-40.0,1,-0.3934,
1,92,-202,0.0,-40.0,-3,-0.4369,
1,93,-208,0.0,-40.0,-8,-0.4789,
1,94,-202,0.0,-40.0,-8,-0.4809,
1,95,-205,0.0,-60.0,-10,-0.505,
1,91,1461,0.0,0.0,-8,-0.3628,
1,92,1453,0.0,0.0,-8,-0.3508,
1,93,1349,0.0,0.0,-7,-0.3498,
1,94,1349,0.0,0.0,-7,-0.3611,
1,95,1349,0.0,0.0,-7,-0.372,
0,91,1703,0.0,0.0,-18,-0.6123,
0,92,1711,0.0,0.0,-18,-0.6123,
0,93,1719,0.0,0.0,-18,-0.6123,
0,94,1727,0.0,0.0,-18,-0.6123,
0,95,1735,0.0,0.0,-18,-0.6123,
1,91,-1343,0.0,-100.0,-12,-0.7268,
0,91,356,0.0,0.0,0,-0.3692,
0,92,232,0.0,0.0,0,-0.3692,
0,93,232,0.0,0.0,-1,-0.3492,
0,94,240,0.0,0.0,-1,-0.3412,
0,95,755,0.0,0.0,-4,-0.3492,
1,91,426,0.0,-20.0,-18,-0.5802,
1,92,456,0.0,-20.0,-23,-0.6255,
1,93,502,0.0,-20.0,-28,-0.6647,
1,94,468,0.0,-40.0,-28,-0.6717,
1,95,520,0.0,-60.0,-28,-0.6717,
1,91,-786,0.0,-100.0,-12,-0.5098,
1,91,-871,0.0,-100.0,-12,-0.5473,
1,91,1120,0.0,0.0,-13,-0.6092,
1,92,1044,0.0,0.0,-13,-0.6466,
1,93,968,0.0,0.0,-13,-0.6466,
1,94,904,0.0,-20.0,-13,-0.6466,
1,95,820,0.0,-40.0,-13,-0.6466,
1,91,215,0.0,0.0,-4,-0.2604,
1,92,196,0.0,0.0,-5,-0.2638,
1,93,196,0.0,0.0,-5,-0.2491,
1,94,796,0.0,0.0,-6,-0.2491,
1,95,700,0.0,0.0,-8,-0.2651,
0,91,1116,0.0,0.0,-4,-0.3056,
0,92,994,0.0,0.0,-4,-0.3036,
0,93,1496,0.0,0.0,-4,-0.3016,
0,94,1484,0.0,0.0,-4,-0.3016,
0,95,1410,0.0,0.0,-4,-0.3016,
1,91,193,0.0,-20.0,-6,-0.3684,
1,92,221,0.0,-20.0,-6,-0.4244,
1,93,165,0.0,-40.0,-6,-0.4804,
1,94,109,0.0,-60.0,-6,-0.4804,
1,95,37,0.0,-80.0,-6,-0.4804,
1,91,51,0.0,-60.0,-16,-0.4389,
1,92,-33,0.0,-80.0,-16,-0.4389,
1,93,-1617,0.0,-100.0,-16,-0.4389,
1,91,987,0.0,-60.0,-10,-0.3293,
1,92,915,0.0,-80.0,-10,-0.3293,
1,93,-669,0.0,-100.0,-10,-0.3293,
1,91,452,0.0,-40.0,-38,-0.8386,
1,92,368,0.0,-60.0,-38,-0.8386,
1,93,284,0.0,-80.0,-38,-0.8386,
1,94,-1198,0.0,-100.0,-38,-0.8386,
1,91,150,0.0,-40.0,-13,-0.66,
1,92,50,0.0,-60.0,-13,-0.66,
1,93,-50,0.0,-80.0,-13,-0.66,
1,94,-1650,0.0,-100.0,-13,-0.66,
1,91,950,0.0,0.0,-14,-0.2432,
1,92,950,0.0,0.0,-14,-0.2312,
1,93,948,0.0,0.0,-15,-0.2253,
1,94,908,0.0,0.0,-16,-0.2361,
1,95,907,0.0,0.0,-17,-0.247,
0,91,1654,0.0,0.0,-11,-0.5028,
0,92,1662,0.0,0.0,-11,-0.5028,
0,93,1670,0.0,0.0,-11,-0.5028,
0,94,1678,0.0,0.0,-11,-0.5028,
0,95,1662,0.0,0.0,-11,-0.5028,
1,91,1164,0.0,0.0,-9,-0.369,
1,92,1064,0.0,-16.0,-9,-0.369,
1,93,964,0.0,-36.0,-9,-0.369,
1,94,964,0.0,-36.0,-9,-0.369,
1,95,957,0.0,-36.0,-15,-0.409,
1,91,1266,0.0,0.0,-9,-0.2202,
1,92,1182,0.0,0.0,-9,-0.2202,
1,93,1098,0.0,-20.0,-9,-0.2202,
1,94,1014,0.0,-40.0,-9,-0.2202,
1,95,930,0.0,-60.0,-9,-0.2202,
0,91,1536,0.0,0.0,-16,-0.6372,
0,92,1666,0.0,0.0,-16,-0.6372,
0,93,1686,0.0,0.0,-16,-0.6372,
0,94,1702,0.0,0.0,-16,-0.6372,
0,95,1602,0.0,0.0,-16,-0.6372,
1,91,536,0.0,0.0,-16,-0.4455,
1,92,436,0.0,-20.0,-16,-0.4455,
1,93,336,0.0,-40.0,-16,-0.4455,
1,94,236,0.0,-60.0,-16,-0.4455,
1,95,244,0.0,-80.0,-16,-0.4455,
0,91,695,0.0,0.0,-23,-0.6394,
0,92,695,0.0,0.0,-23,-0.6394,
0,93,695,0.0,0.0,-23,-0.6394,
0,94,679,0.0,0.0,-23,-0.6394,
0,95,655,0.0,0.0,-23,-0.6394,
1,91,476,0.0,-96.0,-17,-0.318,
1,92,-1044,0.0,-100.0,-17,-0.318,
0,91,1510,0.0,0.0,-17,-0.5481,
0,92,1624,0.0,0.0,-17,-0.5931,
0,93,1631,0.0,0.0,-21,-0.6358,
0,94,1623,0.0,0.0,-21,-0.6358,
0,95,1607,0.0,0.0,-21,-0.6358,
1,91,-801,0.0,-100.0,8,-0.24,
0,91,617,0.0,0.0,-14,-0.4337,
0,92,631,0.0,0.0,-15,-0.4451,
0,93,629,0.0,0.0,-15,-0.4477,
0,94,653,0.0,0.0,-15,-0.4477,
0,95,674,0.0,0.0,-16,-0.4534,
1,91,1161,0.0,0.0,-14,-0.4035,
1,92,1029,0.0,0.0,-14,-0.4035,
1,93,1041,0.0,0.0,-14,-0.4035,
1,94,1009,0.0,0.0,-14,-0.4087,
1,95,875,0.0,0.0,-14,-0.4098,
1,91,-172,0.0,-60.0,-8,-0.2176,
1,92,-269,0.0,-80.0,-8,-0.2176,
1,93,-1869,0.0,-100.0,-8,-0.2176,
1,91,932,0.0,0.0,-12,-0.401,
1,92,966,0.0,0.0,-16,-0.4088,
1,93,986,0.0,0.0,-16,-0.4108,
1,94,888,0.0,0.0,-16,-0.4108,
1,95,790,0.0,0.0,-16,-0.4108,
1,91,21,0.0,-56.0,-3,-0.4528,
1,92,-63,0.0,-76.0,-3,-0.4528,
1,93,-147,0.0,-96.0,-3,-0.4528,
1,94,-1651,0.0,-100.0,-3,-0.4528,
0,91,983,0.0,0.0,-1,-0.3733,
0,92,983,0.0,0.0,-1,-0.3733,
0,93,983,0.0,0.0,-1,-0.3733,
0,94,981,0.0,0.0,-6,-0.4179,
0,95,868,0.0,0.0,-8,-0.4581,
1,91,-163,0.0,-40.0,-11,-0.2828,
1,92,-263,0.0,-60.0,-11,-0.2828,
1,93,-363,0.0,-80.0,-11,-0.2828,
1,94,-355,0.0,-80.0,-11,-0.2828,
1,95,-1955,0.0,-100.0,-15,-0.3084,
0,91,931,0.0,0.0,-11,-0.3557,
0,92,940,0.0,0.0,-18,-0.394,
0,93,942,0.0,0.0,-19,-0.4112,
0,94,1060,0.0,0.0,-19,-0.4112,
0,95,1062,0.0,0.0,-19,-0.4112,
1,91,387,0.0,-40.0,-12,-0.4484,
1,92,414,0.0,-40.0,-12,-0.4998,
1,93,442,0.0,-40.0,-12,-0.5598,
1,94,470,0.0,-40.0,-16,-0.6198,
1,95,681,0.0,-40.0,-20,-0.6518,
1,91,1034,0.0,0.0,-16,-0.3796,
1,92,1026,0.0,0.0,-16,-0.3796,
1,93,1026,0.0,0.0,-16,-0.3796,
1,94,1050,0.0,0.0,-16,-0.3796,
1,95,1058,0.0,0.0,-16,-0.3868,
0,91,910,0.0,0.0,-12,-0.5416,
0,92,780,0.0,0.0,-12,-0.5416,
0,93,779,0.0,0.0,-12,-0.5416,
0,94,778,0.0,0.0,-12,-0.5416,
0,95,817,0.0,0.0,-12,-0.5416,
1,91,125,0.0,-40.0,-15,-0.5352,
1,92,25,0.0,-60.0,-15,-0.5352,
1,93,-75,0.0,-80.0,-15,-0.5352,
1,94,-67,0.0,-80.0,-15,-0.5352,
1,95,450,0.0,-80.0,-21,-0.5612,
0,91,585,0.0,0.0,-16,-0.5218,
0,92,592,0.0,0.0,-16,-0.5253,
0,93,600,0.0,0.0,-16,-0.5253,
0,94,592,0.0,0.0,-16,-0.5253,
0,95,480,0.0,0.0,-19,-0.5727,
1,91,724,0.0,-96.0,0,-0.2185,
1,92,-697,0.0,-100.0,0,-0.2173,
1,91,1005,0.0,0.0,-20,-0.6289,
1,92,1021,0.0,0.0,-21,-0.6398,
1,93,1044,0.0,0.0,-24,-0.6558,
1,94,1055,0.0,0.0,-25,-0.6692,
1,95,1061,0.0,0.0,-28,-0.685,
0,91,1692,0.0,0.0,-7,-0.4797,
0,92,1713,0.0,0.0,-7,-0.4797,
0,93,1742,0.0,0.0,-7,-0.4797,
0,94,1771,0.0,0.0,-7,-0.4797,
0,95,1800,0.0,0.0,-7,-0.4797,
1,91,-280,0.0,-40.0,-20,-0.4047,
1,92,-384,0.0,-60.0,-20,-0.4157,
1,93,-484,0.0,-80.0,-20,-0.4157,
1,94,-2068,0.0,-100.0,-20,-0.4157,
0,91,798,0.0,0.0,-17,-0.4556,
0,92,808,0.0,0.0,-17,-0.5031,
0,93,818,0.0,0.0,-17,-0.5031,
0,94,828,0.0,0.0,-17,-0.548,
0,95,943,0.0,0.0,-17,-0.593,
1,91,687,0.0,-40.0,-32,-0.827,
1,92,587,0.0,-60.0,-32,-0.827,
1,93,487,0.0,-80.0,-32,-0.827,
1,94,487,0.0,-80.0,-32,-0.827,
1,95,-1119,0.0,-100.0,-36,-0.8523,
1,91,-117,0.0,-76.0,-5,-0.3152,
1,92,-104,0.0,-76.0,-6,-0.3562,
1,93,-89,0.0,-76.0,-9,-0.4092,
1,94,-175,0.0,-96.0,-9,-0.4152,
1,95,-1695,0.0,-100.0,-9,-0.4152,
1,91,520,0.0,-60.0,-19,-0.4176,
1,92,444,0.0,-80.0,-19,-0.4176,
1,93,-1148,0.0,-100.0,-19,-0.4176,
1,91,430,0.0,-36.0,-14,-0.6021,
1,92,330,0.0,-56.0,-14,-0.6021,
1,93,230,0.0,-76.0,-14,-0.6021,
1,94,130,0.0,-96.0,-14,-0.6021,
1,95,-1390,0.0,-100.0,-14,-0.6021,
1,91,734,0.0,-40.0,-10,-0.4473,
1,92,634,0.0,-60.0,-10,-0.4473,
1,93,534,0.0,-80.0,-10,-0.4473,
1,94,-1066,0.0,-100.0,-10,-0.4473,
0,91,648,0.0,0.0,-8,-0.4511,
0,92,668,0.0,0.0,-7,-0.4485,
0,93,687,0.0,0.0,-8,-0.4575,
0,94,694,0.0,0.0,-9,-0.4701,
0,95,697,0.0,0.0,-11,-0.4845,
1,91,768,0.0,-20.0,-18,-0.0795,
1,92,668,0.0,-40.0,-18,-0.0795,
1,93,683,0.0,-60.0,-18,-0.0795,
1,94,604,0.0,-80.0,-18,-0.0795,
1,95,-975,0.0,-100.0,-18,-0.0795,
1,91,871,0.0,-60.0,2,-0.3989,
1,92,882,0.0,-60.0,-2,-0.4529,
1,93,889,0.0,-60.0,-5,-0.4859,
1,94,799,0.0,-80.0,-5,-0.4844,
1,95,-789,0.0,-100.0,-5,-0.4844,
1,91,314,0.0,-80.0,-10,-0.4791,
1,92,-1266,0.0,-100.0,-10,-0.4791,
0,91,-940,20.0,0.0,25,0.7024,
0,92,-848,40.0,0.0,25,0.7024,
0,93,-756,60.0,0.0,25,0.7024,
0,94,-664,80.0,0.0,25,0.7024,
0,95,928,100.0,0.0,25,0.7024,
0,91,820,100.0,0.0,12,0.4484,
0,91,-662,20.0,0.0,11,0.4405,
0,92,-578,40.0,0.0,11,0.4405,
0,93,-494,60.0,0.0,11,0.4405,
0,94,-410,80.0,0.0,11,0.4405,
0,95,1166,100.0,0.0,11,0.4405,
0,91,-864,60.0,0.0,-11,0.218,
0,92,-782,80.0,0.0,-11,0.218,
0,93,792,100.0,0.0,-11,0.218,
0,91,-468,40.0,0.0,23,0.5803,
0,92,-388,60.0,0.0,23,0.5803,
0,93,-308,80.0,0.0,23,0.5803,
0,94,1272,100.0,0.0,23,0.5803,
0,91,-388,80.0,0.0,24,0.5369,
0,92,-387,80.0,0.0,29,0.5949,
0,93,-398,80.0,0.0,31,0.6169,
0,94,1188,100.0,0.0,32,0.6239,
1,91,-1296,0.0,0.0,-10,0.2331,
1,92,-1308,0.0,0.0,-10,0.2411,
1,93,-1316,0.0,0.0,-9,0.2491,
1,94,-1300,0.0,0.0,-6,0.2571,
1,95,-1296,0.0,0.0,-4,0.2651,
0,91,-1379,0.0,0.0,7,0.3167,
0,92,-1277,0.0,0.0,8,0.323,
0,93,-1177,0.0,0.0,8,0.323,
0,94,-1077,20.0,0.0,8,0.323,
0,95,-985,40.0,0.0,8,0.323,
1,91,-803,0.0,0.0,4,0.3033,
1,92,-803,0.0,0.0,4,0.3033,
1,93,-803,0.0,0.0,4,0.3033,
1,94,-803,0.0,0.0,4,0.3033,
1,95,-787,0.0,0.0,4,0.3033,
0,91,-864,40.0,0.0,10,0.5729,
0,92,-869,40.0,0.0,13,0.6219,
0,93,-865,40.0,0.0,19,0.6689,
0,94,-859,40.0,0.0,23,0.696,
0,95,-771,60.0,0.0,24,0.705,
0,91,618,72.8,0.0,22,0.4599,
0,92,625,72.8,0.0,25,0.4863,
0,93,626,72.8,0.0,25,0.4882,
0,94,626,72.8,0.0,25,0.5482,
0,95,630,72.8,0.0,33,0.5985,
0,91,1365,100.0,0.0,-3,0.425,
0,91,-734,76.0,0.0,6,0.3335,
0,92,-658,96.0,0.0,6,0.3335,
0,93,822,100.0,0.0,6,0.3335,
0,91,-201,60.0,0.0,2,0.4281,
0,92,-109,80.0,0.0,2,0.4281,
0,93,1491,100.0,0.0,2,0.4281,
0,91,-1056,36.0,0.0,8,0.3957,
0,92,-1060,36.0,0.0,14,0.4419,
0,93,-964,56.0,0.0,15,0.4477,
0,94,-872,76.0,0.0,15,0.4477,
0,95,-893,96.0,0.0,15,0.4477,
0,91,-837,22.4,0.0,35,0.9787,
0,92,-751,42.4,0.0,35,0.9787,
0,93,-665,62.4,0.0,35,0.9787,
0,94,-579,82.4,0.0,35,0.9787,
0,95,1000,100.0,0.0,35,0.9787,
0,91,-619,56.0,0.0,19,0.5039,
0,92,-526,76.0,0.0,19,0.5033,
0,93,-434,96.0,0.0,19,0.5033,
0,94,1078,100.0,0.0,19,0.5033,
1,91,-446,0.0,0.0,5,0.1947,
1,92,-414,0.0,0.0,5,0.1947,
1,93,-406,0.0,0.0,5,0.1947,
1,94,-312,0.0,0.0,5,0.1947,
1,95,-334,0.0,0.0,5,0.2107,
0,91,-390,80.0,0.0,16,0.3799,
0,92,1187,100.0,0.0,16,0.3799,
0,91,-1073,0.0,0.0,-3,0.1271,
0,92,-1058,0.0,0.0,-5,0.1181,
0,93,-1042,0.0,0.0,-7,0.1066,
0,94,-1004,0.0,0.0,-7,0.1066,
0,95,-1494,0.0,0.0,-7,0.1066,
1,91,-1935,0.0,-69.6,24,0.4454,
1,92,-1876,0.0,-76.0,24,0.4454,
1,93,-1817,0.0,-82.4,24,0.4454,
1,94,-1758,16.8,-88.8,24,0.4454,
1,95,-1699,36.0,-95.2,24,0.4454,
0,91,195,60.0,0.0,6,0.3888,
0,92,287,80.0,0.0,6,0.3888,
0,93,1863,100.0,0.0,6,0.3888,
0,91,-364,20.0,0.0,7,0.5359,
0,92,-284,40.0,0.0,7,0.5359,
0,93,-192,60.0,0.0,7,0.5359,
0,94,-100,80.0,0.0,7,0.5359,
0,95,1492,100.0,0.0,7,0.5359,
0,91,997,100.0,0.0,11,0.4343,
1,91,-889,0.0,0.0,7,0.4554,
1,92,-897,0.0,0.0,7,0.4554,
1,93,-1003,0.0,0.0,11,0.4987,
1,94,-998,0.0,0.0,13,0.5183,
1,95,-997,0.0,0.0,20,0.5608,
1,91,-683,0.0,0.0,11,0.2955,
1,92,-175,0.0,0.0,11,0.2929,
1,93,-173,0.0,0.0,12,0.2922,
1,94,-171,0.0,0.0,12,0.2901,
1,95,-248,0.0,0.0,12,0.2949,
0,91,-1046,0.0,0.0,-1,0.2793,
0,92,-1043,0.0,0.0,-1,0.2793,
0,93,-1047,0.0,0.0,-1,0.2823,
0,94,-1051,0.0,0.0,0,0.2856,
0,95,-1054,0.0,0.0,0,0.2933,
0,91,935,100.0,0.0,-4,0.2703,
1,91,-548,0.0,0.0,30,0.8621,
1,92,-554,0.0,0.0,30,0.8621,
1,93,-560,0.0,0.0,30,0.8621,
1,94,-560,0.0,0.0,30,0.8621,
1,95,-558,0.0,0.0,31,0.8674,
0,91,-444,60.0,0.0,5,0.2792,
0,92,-344,80.0,0.0,5,0.2792,
0,93,-344,80.0,0.0,5,0.2792,
0,94,-360,80.0,0.0,6,0.3392,
0,95,-374,80.0,0.0,11,0.3952,
0,91,-678,0.0,0.0,20,0.4798,
0,92,-676,0.0,0.0,20,0.4798,
0,93,-682,0.0,0.0,20,0.4798,
0,94,-556,0.0,0.0,20,0.4798,
0,95,-574,0.0,0.0,20,0.4798,
0,91,-920,63.2,0.0,-1,0.3434,
0,92,-944,63.2,0.0,-1,0.3434,
0,93,-964,83.2,0.0,3,0.3927,
0,94,604,100.0,0.0,3,0.3927,
1,91,-640,0.0,0.0,-3,0.3129,
1,92,-640,0.0,0.0,-3,0.3129,
1,93,-640,0.0,0.0,-3,0.36,
1,94,-624,0.0,0.0,-3,0.4076,
1,95,-600,0.0,0.0,-3,0.4076,
0,91,-354,60.0,0.0,15,0.5081,
0,92,-359,60.0,0.0,18,0.5616,
0,93,-370,60.0,0.0,24,0.6046,
0,94,-380,60.0,0.0,26,0.6223,
0,95,-303,80.0,0.0,26,0.6223,
0,91,1351,100.0,0.0,-9,0.3486,
1,91,-1213,0.0,0.0,13,0.469,
1,92,-1221,0.0,0.0,13,0.469,
1,93,-1221,0.0,0.0,13,0.469,
1,94,-1221,0.0,0.0,13,0.469,
1,95,-1205,0.0,0.0,13,0.469,
0,91,-696,60.0,0.0,10,0.523,
0,92,-612,80.0,0.0,10,0.523,
0,93,976,100.0,0.0,10,0.523,
1,91,-1144,0.0,0.0,18,0.6488,
1,92,-1144,0.0,0.0,18,0.6962,
1,93,-1017,0.0,0.0,23,0.7401,
1,94,-1017,0.0,0.0,23,0.7401,
1,95,-1001,0.0,0.0,23,0.7401,
0,91,-56,0.0,0.0,20,0.6384,
0,92,20,0.0,0.0,20,0.6384,
0,93,96,20.0,0.0,20,0.6384,
0,94,172,40.0,0.0,20,0.6384,
0,95,248,60.0,0.0,20,0.6384,
1,91,-1548,0.0,0.0,-15,0.1364,
1,92,-1560,0.0,0.0,-15,0.1364,
1,93,-1572,0.0,0.0,-15,0.1364,
1,94,-1584,0.0,0.0,-15,0.1364,
1,95,-1596,0.0,0.0,-15,0.1364,
1,91,-1165,0.0,0.0,8,0.5441,
1,92,-1089,0.0,0.0,8,0.5441,
1,93,-1007,0.0,0.0,8,0.5441,
1,94,-1014,0.0,0.0,8,0.5441,
1,95,-1509,0.0,0.0,8,0.5441,
0,91,-939,60.0,0.0,16,0.3731,
0,92,-883,80.0,0.0,16,0.3731,
0,93,673,100.0,0.0,16,0.3731,
1,91,-1227,0.0,0.0,3,0.4642,
1,92,-1203,0.0,0.0,5,0.4522,
1,93,-1179,0.0,0.0,5,0.4402,
1,94,-935,0.0,0.0,5,0.4402,
1,95,-967,0.0,0.0,5,0.4402,
0,91,131,76.0,0.0,1,0.4304,
0,92,231,96.0,0.0,1,0.4304,
0,93,1751,100.0,0.0,1,0.4304,
1,91,-860,0.0,0.0,12,0.2879,
1,92,-840,0.0,0.0,12,0.2879,
1,93,-816,0.0,0.0,12,0.2879,
1,94,-796,0.0,0.0,12,0.2879,
1,95,-800,0.0,0.0,12,0.2879,
0,91,-599,96.0,0.0,25,0.4743,
0,92,920,100.0,0.0,25,0.4743,
1,91,-625,0.0,0.0,8,0.4711,
1,92,-661,0.0,0.0,11,0.5184,
1,93,-600,0.0,0.0,15,0.5564,
1,94,-737,0.0,0.0,15,0.5564,
1,95,-749,0.0,0.0,15,0.5564,
0,91,-607,40.0,0.0,2,0.3512,
0,92,-523,60.0,0.0,2,0.3512,
0,93,-439,80.0,0.0,2,0.3512,
0,94,1145,100.0,0.0,2,0.3512,
1,91,-904,0.0,0.0,2,0.2664,
1,92,-796,0.0,0.0,2,0.2664,
1,93,-796,0.0,0.0,2,0.2664,
1,94,-888,0.0,0.0,2,0.2664,
1,95,-1380,0.0,0.0,2,0.2664,
0,91,-158,40.0,0.0,39,0.6679,
0,92,-66,60.0,0.0,39,0.6679,
0,93,28,80.0,0.0,39,0.6679,
0,94,1606,100.0,0.0,39,0.6679,
0,91,-735,0.0,0.0,19,0.5586,
0,92,-91,0.0,0.0,19,0.568,
0,93,25,0.0,0.0,19,0.568,
0,94,-81,0.0,0.0,19,0.568,
0,95,-81,0.0,0.0,19,0.568,
1,91,-1288,0.0,0.0,16,0.631,
1,92,-1304,0.0,0.0,16,0.631,
1,93,-1418,0.0,0.0,16,0.631,
1,94,-1416,0.0,0.0,20,0.6597,
1,95,-1416,0.0,0.0,19,0.6521,
0,91,-902,80.0,0.0,23,0.5554,
0,92,698,100.0,0.0,23,0.5554,
0,91,-921,76.0,0.0,11,0.413,
0,92,-929,96.0,0.0,11,0.413,
0,93,591,100.0,0.0,11,0.413,
0,91,-809,80.0,0.0,-8,0.3629,
0,92,783,100.0,0.0,-8,0.3629,
1,91,-774,0.0,0.0,14,0.4684,
1,92,-681,0.0,0.0,14,0.4684,
1,93,-688,0.0,0.0,14,0.4684,
1,94,-695,0.0,0.0,14,0.4684,
1,95,-674,0.0,0.0,14,0.4844,
0,91,-1088,32.8,0.0,16,0.6515,
0,92,-1006,52.8,0.0,16,0.6515,
0,93,-924,72.8,0.0,16,0.6515,
0,94,-842,92.8,0.0,16,0.6515,
0,95,660,100.0,0.0,16,0.6515,
1,91,-983,0.0,0.0,2,0.404,
1,92,-983,0.0,0.0,2,0.404,
1,93,-983,0.0,0.0,2,0.404,
1,94,-1499,0.0,0.0,2,0.404,
1,95,-1499,0.0,0.0,2,0.449,
1,91,-780,0.0,0.0,5,0.3677,
1,92,-872,0.0,0.0,5,0.365,
1,93,-780,0.0,0.0,5,0.346,
1,94,-780,0.0,0.0,5,0.3412,
1,95,-780,0.0,0.0,7,0.3607,
0,91,-1264,0.0,0.0,-2,0.3963,
0,92,-1277,0.0,0.0,3,0.4303,
0,93,-1287,0.0,0.0,6,0.4599,
0,94,-1295,0.0,0.0,9,0.4769,
0,95,-1208,0.0,0.0,9,0.4778,
0,91,-848,0.0,0.0,9,0.4774,
0,92,-829,0.0,0.0,10,0.4634,
0,93,-812,0.0,0.0,12,0.4674,
0,94,-771,0.0,0.0,12,0.4719,
0,95,-741,0.0,0.0,13,0.4761,
0,91,-353,16.0,0.0,25,0.9021,
0,92,-260,36.0,0.0,28,0.9591,
0,93,-168,56.0,0.0,28,0.9591,
0,94,-76,76.0,0.0,28,0.9591,
0,95,24,96.0,0.0,28,0.9591,
1,91,-830,0.0,0.0,12,0.3683,
1,92,-830,0.0,0.0,12,0.4131,
1,93,-830,0.0,0.0,12,0.4578,
1,94,-826,0.0,0.0,12,0.5026,
1,95,-722,0.0,0.0,15,0.5477,
1,91,-873,0.0,0.0,1,0.5466,
1,92,-880,0.0,0.0,7,0.5874,
1,93,-888,0.0,0.0,7,0.5874,
1,94,-888,0.0,0.0,7,0.5874,
1,95,-888,0.0,0.0,7,0.5874,
0,91,-863,20.0,0.0,14,0.5606,
0,92,-769,40.0,0.0,14,0.5606,
0,93,-675,60.0,0.0,14,0.5606,
0,94,-681,60.0,0.0,14,0.5606,
0,95,-674,60.0,0.0,15,0.5706,
1,91,-464,0.0,0.0,4,0.1366,
1,92,-448,0.0,0.0,2,0.1399,
1,93,-439,0.0,0.0,2,0.1428,
1,94,-413,0.0,0.0,3,0.1519,
1,95,-400,0.0,0.0,5,0.1634,
0,91,-850,80.0,0.0,-5,0.1805,
0,92,755,100.0,0.0,-5,0.1857,
0,91,-180,60.0,0.0,8,0.7025,
0,92,-88,80.0,0.0,8,0.7025,
0,93,1488,100.0,0.0,8,0.7025,
0,91,1003,100.0,0.0,17,0.4291,
0,91,-583,37.2,0.0,8,0.4269,
0,92,-509,56.8,0.0,8,0.4269,
0,93,-435,76.4,0.0,8,0.4269,
0,94,-361,96.0,0.0,8,0.4269,
0,95,-485,96.0,0.0,8,0.4269,
0,91,1005,100.0,0.0,10,0.4647,
0,91,213,20.0,0.0,24,0.7446,
0,92,195,20.0,0.0,29,0.7826,
0,93,175,40.0,0.0,29,0.7826,
0,94,275,60.0,0.0,29,0.7826,
0,95,359,80.0,0.0,29,0.7826,
0,91,1044,100.0,0.0,9,0.3228,
0,91,1913,100.0,0.0,29,0.6228,
1,91,-440,0.0,0.0,1,0.1726,
1,92,-452,0.0,0.0,1,0.1726,
1,93,-464,0.0,0.0,1,0.1726,
1,94,-480,0.0,0.0,3,0.2104,
1,95,-495,0.0,0.0,8,0.2484,
0,91,184,40.0,0.0,-1,0.3679,
0,92,262,60.0,0.0,-1,0.3679,
0,93,340,80.0,0.0,-1,0.3679,
0,94,1918,100.0,0.0,-1,0.3679,
0,91,-682,60.0,0.0,14,0.285,
0,92,-598,80.0,0.0,14,0.285,
0,93,986,100.0,0.0,14,0.285,
1,91,-1400,0.0,0.0,19,0.8143,
1,92,-1400,0.0,0.0,19,0.8143,
1,93,-1400,0.0,0.0,19,0.8143,
1,94,-1400,0.0,0.0,19,0.8143,
1,95,-1284,0.0,0.0,19,0.8143,
0,91,94,80.0,0.0,26,0.8696,
0,92,1688,100.0,0.0,26,0.8696,
