0,131,-93,0,0,30,0.532,
0,132,-90,0,0,31,0.5307,
0,133,-101,0,0,30,0.5239,
0,134,-107,0,0,31,0.5299,
0,135,-97,0,0,31,0.5359,
0,131,604,0,0,29,0.3313,
0,132,604,0,0,30,0.3313,
0,133,598,0,0,32,0.3307,
0,134,590,0,0,32,0.3327,
0,135,584,0,0,32,0.3331,
1,131,-657,0,0,-30,-0.3301,
1,132,-660,0,0,-30,-0.3301,
1,133,-680,0,0,-30,-0.3301,
1,134,-724,0,0,-28,-0.3337,
1,135,-782,0,0,-28,-0.3337,
0,131,1076,0,0,12,-0.0024,
0,132,1183,0,0,12,-0.0048,
0,133,1100,0,0,10,-0.0034,
0,134,1110,0,0,8,0.0006,
0,135,1225,0,0,8,0.0019,
1,131,157,0,0,12,0.1762,
1,132,145,0,0,11,0.1794,
1,133,120,0,0,10,0.1809,
1,134,103,0,0,9,0.1825,
1,135,-113,0,0,9,0.1841,
1,131,-1450,0,0,-33,-0.5765,
1,132,-1457,0,0,-33,-0.5857,
1,133,-1368,0,0,-34,-0.5948,
1,134,-1478,0,0,-34,-0.5948,
1,135,-1498,0,0,-34,-0.5948,
1,131,-87,0,0,-6,-0.1007,
1,132,-97,0,0,-7,-0.0906,
1,133,-125,0,0,-7,-0.0726,
1,134,-161,0,0,-7,-0.0696,
1,135,-190,0,0,-6,-0.0655,
0,131,1622,0,0,32,0.5175,
0,132,1626,0,0,35,0.5228,
0,133,1630,0,0,35,0.5281,
0,134,1652,0,0,35,0.5305,
0,135,1698,0,0,35,0.5305,
0,131,1062,0,0,37,0.6786,
0,132,1148,0,0,37,0.6786,
0,133,1218,0,0,37,0.6786,
0,134,1204,0,0,37,0.6786,
0,135,1189,0,0,37,0.6786,
1,131,-738,0,0,-26,-0.1982,
1,132,-754,0,0,-26,-0.1982,
1,133,-678,0,0,-28,-0.2088,
1,134,-583,0,0,-28,-0.2088,
1,135,-195,0,0,-28,-0.2088,
1,131,-12,0,0,-16,-0.3374,
1,132,-5,0,0,-16,-0.3374,
1,133,-14,0,0,-16,-0.3374,
1,134,-15,0,0,-16,-0.3374,
1,135,-139,0,0,-16,-0.3374,
1,131,-1461,0,0,-36,-0.4422,
1,132,-1467,0,0,-36,-0.4422,
1,133,-1471,0,0,-36,-0.4422,
1,134,-1455,0,0,-36,-0.4422,
1,135,-1435,0,0,-36,-0.4422,
1,131,-1206,0,0,-32,-0.5403,
1,132,-1195,0,0,-32,-0.5684,
1,133,-1194,0,0,-33,-0.597,
1,134,-1194,0,0,-34,-0.6121,
1,135,-1210,0,0,-35,-0.6271,
0,131,280,0,0,1,0.0864,
0,132,280,0,0,1,0.0848,
0,133,296,0,0,2,0.091,
0,134,320,0,0,2,0.091,
0,135,332,0,0,2,0.0936,
1,131,-714,0,0,-13,-0.237,
1,132,-735,0,0,-13,-0.237,
1,133,-755,0,0,-14,-0.2389,
1,134,-777,0,0,-12,-0.2336,
1,135,-793,0,0,-11,-0.2298,
0,131,847,0,0,24,0.4916,
0,132,863,0,0,24,0.4916,
0,133,871,0,0,24,0.489,
0,134,867,0,0,24,0.4863,
0,135,864,0,0,24,0.4836,
0,131,332,0,0,17,0.3227,
0,132,319,0,0,20,0.3356,
0,133,-220,0,0,24,0.3425,
0,134,-217,0,0,24,0.3474,
0,135,-190,0,0,23,0.3532,
0,131,511,0,0,25,0.4435,
0,132,479,0,0,25,0.4435,
0,133,458,0,0,27,0.4377,
0,134,436,0,0,29,0.4358,
0,135,449,0,0,29,0.4406,
1,131,-21,0,0,-23,-0.372,
1,132,-61,0,0,-22,-0.376,
1,133,-193,0,0,-22,-0.372,
1,134,-209,0,0,-22,-0.3737,
1,135,-224,0,0,-21,-0.3754,
1,131,-604,0,0,-19,-0.268,
1,132,-604,0,0,-20,-0.2752,
1,133,-606,0,0,-20,-0.2794,
1,134,-610,0,0,-20,-0.2904,
1,135,-614,0,0,-22,-0.3079,
0,131,727,0,0,18,0.3492,
0,132,727,0,0,15,0.3594,
0,133,621,0,0,15,0.3688,
0,134,614,0,0,17,0.3714,
0,135,505,0,0,17,0.3715,
1,131,184,0,0,-3,-0.0067,
1,132,291,0,0,-3,-0.0067,
1,133,278,0,0,-3,-0.0067,
1,134,289,0,0,-3,-0.0067,
1,135,289,0,0,-2,-0.0067,
1,131,-349,0,0,-1,-0.1224,
1,132,-349,0,0,-1,-0.1224,
1,133,-451,0,0,-1,-0.1224,
1,134,-451,0,0,-1,-0.1224,
1,135,-323,0,0,-2,-0.1224,
0,131,-283,0,0,2,0.0973,
0,132,-376,0,0,2,0.0973,
0,133,-370,0,0,2,0.0862,
0,134,-379,0,0,2,0.075,
0,135,-387,0,0,3,0.0699,
1,131,-878,0,0,-7,-0.0243,
1,132,-882,0,0,-7,-0.0243,
1,133,-886,0,0,-7,-0.0243,
1,134,-786,0,0,-7,-0.0243,
1,135,-798,0,0,-7,-0.0243,
1,131,-635,0,0,-13,-0.3295,
1,132,-628,0,0,-14,-0.3249,
1,133,-608,0,0,-10,-0.3179,
1,134,-596,0,0,-10,-0.3179,
1,135,-487,0,0,-10,-0.3179,
1,131,412,0,0,-13,-0.3379,
1,132,636,0,0,-14,-0.3537,
1,133,672,0,0,-14,-0.3567,
1,134,816,0,0,-14,-0.3567,
1,135,836,0,0,-17,-0.3669,
1,131,-701,0,-16.000000,-3,0.0491,
1,132,-579,0,-17.600000,-3,0.0491,
1,133,-549,0,-19.200000,-3,0.0491,
1,134,-525,0,-20.800000,-3,0.0491,
1,135,-517,0,-22.400000,-3,0.0491,
1,131,-589,0,0,-28,-0.3134,
1,132,-589,0,0,-28,-0.3134,
1,133,-589,0,0,-28,-0.3134,
1,134,-601,0,0,-30,-0.3189,
1,135,-608,0,0,-30,-0.3189,
1,131,-103,0,0,11,0.2272,
1,132,-96,0,0,10,0.2078,
1,133,-89,0,0,7,0.1883,
1,134,-109,0,0,7,0.1792,
1,135,-120,0,0,7,0.1792,
0,131,153,0,0,10,0.0729,
0,132,155,0,0,10,0.0728,
0,133,170,0,0,10,0.0773,
0,134,72,0,0,11,0.0796,
0,135,88,0,0,11,0.0796,
0,131,471,0,0,3,0.2294,
0,132,448,0,0,2,0.226,
0,133,436,0,0,2,0.2242,
0,134,426,0,0,2,0.2215,
0,135,422,0,0,2,0.2167,
1,131,-28,0,0,20,0.2301,
1,132,-35,0,0,20,0.2324,
1,133,-27,0,0,20,0.2324,
1,134,-15,0,0,20,0.2324,
1,135,-3,0,0,20,0.2324,
1,131,-554,0,0,-37,-0.5343,
1,132,-655,0,0,-37,-0.5336,
1,133,-643,0,0,-37,-0.5365,
1,134,-639,0,0,-37,-0.5365,
1,135,-635,0,0,-37,-0.5365,
1,131,182,0,0,-2,0.108,
1,132,182,0,0,-2,0.108,
1,133,166,0,0,-2,0.108,
1,134,148,0,0,-2,0.108,
1,135,130,0,0,-2,0.108,
1,131,-503,0,0,-4,-0.1882,
1,132,-610,0,0,-5,-0.1924,
1,133,-605,0,0,-5,-0.1924,
1,134,-618,0,0,-5,-0.1924,
1,135,-625,0,0,-5,-0.1998,
0,131,1432,0,0,21,0.2775,
0,132,1634,0,0,21,0.2775,
0,133,1640,0,0,21,0.2775,
0,134,1646,0,0,21,0.2775,
0,135,1648,0,0,21,0.2775,
1,131,-778,0,0,-1,0.0045,
1,132,-762,0,0,-1,0.0045,
1,133,-724,0,0,-1,0.0045,
1,134,-619,0,0,-1,0.0008,
1,135,-700,0,0,-4,-0.0012,
0,131,7,0,0,-4,0.0049,
0,132,17,0,0,-3,-0.0031,
0,133,9,0,0,0,-0.0065,
0,134,-112,0,0,0,-0.0122,
0,135,-120,0,0,0,-0.0107,
1,131,-808,0,0,-49,-0.5388,
1,132,-808,0,0,-49,-0.5314,
1,133,-808,0,0,-49,-0.528,
1,134,-924,0,0,-49,-0.5245,
1,135,-940,0,0,-49,-0.5245,
0,131,593,0,0,1,0.022,
0,132,585,0,0,1,0.022,
0,133,577,0,0,1,0.022,
0,134,469,0,0,1,0.022,
0,135,469,0,0,1,0.022,
1,131,-227,0,0,-6,0.0426,
1,132,-238,0,0,-7,0.0358,
1,133,-152,0,0,-7,0.0296,
1,134,-169,0,0,-6,0.0292,
1,135,-186,0,0,-6,0.0292,
0,131,1071,0,0,18,0.347,
0,132,1180,0,0,18,0.3471,
0,133,1193,0,0,18,0.349,
0,134,1219,0,0,16,0.3496,
0,135,1339,0,0,15,0.3502,
0,131,47,0,0,21,0.3008,
0,132,147,0,0,21,0.2982,
0,133,135,0,0,21,0.2982,
0,134,135,0,0,21,0.2982,
0,135,123,0,0,21,0.2964,
1,131,-868,0,0,-42,-0.8,
1,132,-975,0,0,-42,-0.8,
1,133,-1083,0,0,-42,-0.8,
1,134,-1083,0,0,-42,-0.8,
1,135,-975,0,0,-42,-0.8,
0,131,627,0,0,11,0.2242,
0,132,643,0,0,11,0.2205,
0,133,659,0,0,11,0.2205,
0,134,659,0,0,11,0.2205,
0,135,659,0,0,11,0.2205,
0,131,301,0,0,12,0.1695,
0,132,301,0,0,12,0.1695,
0,133,303,0,0,12,0.1755,
0,134,303,0,0,12,0.1755,
0,135,303,0,0,12,0.1755,
1,131,-701,0,0,13,-0.0314,
1,132,-671,0,0,13,-0.0314,
1,133,-655,0,0,13,-0.0314,
1,134,-637,0,0,13,-0.0289,
1,135,-631,0,0,13,-0.0295,
0,131,286,0,0,-6,-0.1406,
0,132,302,0,0,-6,-0.1406,
0,133,338,0,0,-6,-0.1406,
0,134,354,0,0,-6,-0.1436,
0,135,255,0,0,-7,-0.1529,
1,131,-66,0,0,0,-0.0768,
1,132,-74,0,0,0,-0.0787,
1,133,-53,0,0,-1,-0.0768,
1,134,-33,0,0,-2,-0.0616,
1,135,485,0,0,-3,-0.045,
1,131,-562,0,0,4,0.0414,
1,132,-582,0,0,4,0.0414,
1,133,-602,0,0,4,0.0414,
1,134,-606,0,0,4,0.0414,
1,135,-590,0,0,4,0.0414,
1,131,169,0,0,10,0.0214,
1,132,195,0,0,10,0.0214,
1,133,209,0,0,10,0.0214,
1,134,222,0,0,10,0.0173,
1,135,228,0,0,10,0.0173,
0,131,1706,0,0,20,0.4246,
0,132,1706,0,0,20,0.4236,
0,133,1738,0,0,19,0.4182,
0,134,1770,0,0,19,0.4129,
0,135,1786,0,0,19,0.4129,
1,131,46,0,0,6,0.1489,
1,132,-69,0,0,6,0.1529,
1,133,-76,0,0,6,0.1529,
1,134,-71,0,0,6,0.1529,
1,135,-53,0,0,6,0.1553,
0,131,875,0,0,15,0.0776,
0,132,865,0,0,15,0.0762,
0,133,857,0,0,15,0.0762,
0,134,349,0,0,15,0.0762,
0,135,458,0,0,15,0.0573,
1,131,175,0,0,11,-0.093,
1,132,194,0,0,11,-0.1027,
1,133,213,0,0,10,-0.1123,
1,134,232,0,0,10,-0.122,
1,135,235,0,0,10,-0.122,
0,131,-113,0,0,4,0.1286,
0,132,-33,0,0,4,0.1286,
0,133,-149,0,0,4,0.1216,
0,134,-157,0,0,4,0.1216,
0,135,337,0,0,4,0.1216,
1,131,-810,0,0,8,0.019,
1,132,-887,0,0,9,0.0168,
1,133,-975,0,0,9,0.0177,
1,134,-760,0,0,9,0.0177,
1,135,-745,0,0,9,0.0177,
1,131,175,0,0,-11,-0.0774,
1,132,287,0,0,-11,-0.0805,
1,133,284,0,0,-11,-0.0805,
1,134,297,0,0,-11,-0.0805,
1,135,208,0,0,-11,-0.0805,
0,131,104,0,0,-22,-0.5022,
0,132,110,0,0,-22,-0.5031,
0,133,1,0,0,-23,-0.5066,
0,134,4,0,0,-24,-0.5099,
0,135,1,0,0,-24,-0.5134,
1,131,-617,0,0,-27,-0.2215,
1,132,-589,0,0,-27,-0.2215,
1,133,-605,0,0,-27,-0.2215,
1,134,-637,0,0,-27,-0.2215,
1,135,-764,0,0,-27,-0.2215,
1,131,-178,0,0,-27,-0.2508,
1,132,-191,0,0,-27,-0.2516,
1,133,-200,0,0,-27,-0.2553,
1,134,-200,0,0,-27,-0.2606,
1,135,-201,0,0,-26,-0.2647,
0,131,-371,0,0,4,-0.2144,
0,132,-371,0,0,4,-0.2144,
0,133,131,0,0,4,-0.2028,
0,134,132,0,0,4,-0.1989,
0,135,142,0,0,4,-0.1977,
1,131,-819,0,0,5,0.3317,
1,132,-851,0,0,7,0.3499,
1,133,-875,0,0,9,0.3644,
1,134,-891,0,0,9,0.3644,
1,135,-913,0,0,10,0.3517,
0,131,662,0,0,-9,-0.1794,
0,132,639,0,0,-9,-0.1794,
0,133,644,0,0,-8,-0.1794,
0,134,649,0,0,-9,-0.184,
0,135,661,0,0,-7,-0.1866,
1,131,-620,0,0,5,0.1126,
1,132,-648,0,0,5,0.1126,
1,133,-568,0,0,5,0.1126,
1,134,-576,0,0,5,0.1126,
1,135,-576,0,0,5,0.1107,
0,131,350,0,0,25,0.4715,
0,132,342,0,0,27,0.4755,
0,133,225,0,0,27,0.4795,
0,134,105,0,0,27,0.4795,
0,135,95,0,0,27,0.4795,
0,131,31,0,0,26,0.119,
0,132,32,0,0,27,0.1228,
0,133,40,0,0,27,0.1231,
0,134,47,0,0,25,0.1167,
0,135,-69,0,0,25,0.1119,
0,131,414,0,0,3,0.2342,
0,132,411,0,0,3,0.2342,
0,133,424,0,0,3,0.2342,
0,134,456,0,0,3,0.2342,
0,135,486,0,0,3,0.2353,
1,131,-468,0,0,-33,-0.3687,
1,132,-480,0,0,-33,-0.3765,
1,133,-605,0,0,-34,-0.3838,
1,134,-1143,0,0,-34,-0.3838,
1,135,-1143,0,0,-34,-0.388,
1,131,-1214,0,0,-13,-0.2191,
1,132,-1236,0,0,-13,-0.2191,
1,133,-1210,0,0,-13,-0.2191,
1,134,-1183,0,0,-13,-0.2191,
1,135,-1156,0,0,-13,-0.2191,
1,131,182,0,0,7,-0.0204,
1,132,189,0,0,7,-0.0274,
1,133,196,0,0,7,-0.0343,
1,134,95,0,0,7,-0.0413,
1,135,102,0,0,7,-0.0482,
0,131,706,0,0,-9,-0.2831,
0,132,679,0,0,-9,-0.2802,
0,133,671,0,0,-8,-0.2766,
0,134,679,0,0,-6,-0.2731,
0,135,703,0,0,-6,-0.2695,
1,131,-320,0,0,4,0.0898,
1,132,-252,0,0,4,0.0838,
1,133,-364,0,0,4,0.0838,
1,134,-859,0,0,4,0.0838,
1,135,-846,0,0,4,0.0838,
0,131,1666,0,0,55,0.5035,
0,132,1669,0,0,55,0.5035,
0,133,1808,0,0,55,0.5035,
0,134,1839,0,0,55,0.5035,
0,135,1380,0,0,55,0.5035,
0,131,1457,0,0,24,0.1214,
0,132,1609,0,0,24,0.1214,
0,133,1017,0,0,23,0.1242,
0,134,801,0,0,23,0.1271,
0,135,781,0,0,23,0.1301,
0,131,222,0,0,10,0.1101,
0,132,227,0,0,10,0.1105,
0,133,316,0,0,10,0.1105,
0,134,337,0,0,10,0.1105,
0,135,245,0,0,10,0.1105,
1,131,-322,0,0,-6,-0.0929,
1,132,-334,0,0,-6,-0.0929,
1,133,-354,0,0,-6,-0.0929,
1,134,-338,0,0,-6,-0.0929,
1,135,-322,0,0,-6,-0.0879,
1,131,-1124,0,0,-21,-0.3331,
1,132,-1134,0,0,-20,-0.3349,
1,133,-1145,0,0,-20,-0.3391,
1,134,-1146,0,0,-20,-0.339,
1,135,-1147,0,-31.200000,-20,-0.3423,
1,131,-1220,0,0,-14,-0.4497,
1,132,-1214,0,0,-14,-0.4486,
1,133,-1101,0,0,-14,-0.4457,
1,134,-1222,0,0,-14,-0.442,
1,135,-1127,0,0,-14,-0.442,
1,131,-857,0,-27.800000,-30,-0.6483,
1,132,-852,0,-25.200000,-30,-0.6483,
1,133,-1045,0,-22.600000,-30,-0.6483,
1,134,-1020,0,-20.000000,-30,-0.6483,
1,135,-995,0,-17.400000,-30,-0.6483,
1,131,-574,0,-7.600000,-5,-0.2429,
1,132,-578,0,-4.400000,-5,-0.2429,
1,133,-584,0,-1.200000,-5,-0.2373,
1,134,-606,0,0,-5,-0.2403,
1,135,-586,0,0,-5,-0.2403,
0,131,230,0,0,19,0.3415,
0,132,750,0,0,17,0.3556,
0,133,767,0,0,17,0.3556,
0,134,801,0,0,18,0.3687,
0,135,835,0,0,18,0.3623,
0,131,694,0,0,20,0.6603,
0,132,1194,0,0,20,0.6603,
0,133,1193,0,0,18,0.6635,
0,134,1198,0,0,18,0.6652,
0,135,1212,0,0,18,0.6652,
1,131,-1184,0,0,-17,-0.3596,
1,132,-1179,0,0,-17,-0.3596,
1,133,-1178,0,0,-17,-0.3616,
1,134,-1177,0,0,-17,-0.3695,
1,135,-1177,0,0,-17,-0.3759,
0,131,177,0,0,-5,0.1517,
0,132,-17,0,0,-5,0.1517,
0,133,-3,0,0,-5,0.1517,
0,134,-1,0,0,-5,0.1517,
0,135,0,0,0,-5,0.1572,
0,131,704,0,0,10,0.1696,
0,132,704,0,0,10,0.1845,
0,133,706,0,0,10,0.1998,
0,134,700,0,0,11,0.2168,
0,135,701,0,0,13,0.2383,
0,131,968,0,0,3,-0.0574,
0,132,954,0,0,3,-0.0574,
0,133,940,0,0,3,-0.0457,
0,134,930,0,0,3,-0.0341,
0,135,925,0,0,3,-0.0147,
0,131,-114,0,0,11,0.2334,
0,132,-122,0,0,11,0.2334,
0,133,-102,0,0,11,0.2334,
0,134,-94,0,0,11,0.2232,
0,135,-70,0,0,11,0.2128,
1,131,-477,0,0,-16,-0.3836,
1,132,-613,0,0,-16,-0.3863,
1,133,-548,0,0,-16,-0.3936,
1,134,-592,0,0,-16,-0.3967,
1,135,-710,0,0,-16,-0.3967,
1,131,-985,0,0,-27,-0.3281,
1,132,-994,0,0,-27,-0.3281,
1,133,-1096,0,0,-27,-0.3281,
1,134,-1081,0,0,-27,-0.3281,
1,135,-1064,0,0,-28,-0.3372,
0,131,191,0,0,38,0.5574,
0,132,189,0,0,38,0.5551,
0,133,105,0,0,37,0.545,
0,134,225,0,0,37,0.5349,
0,135,246,0,0,36,0.525,
1,131,-535,0,0,-3,-0.0977,
1,132,-538,0,0,-4,-0.1107,
1,133,-538,0,0,-6,-0.1137,
1,134,-545,0,0,-8,-0.1169,
1,135,-522,0,0,-8,-0.1169,
0,131,1045,0,0,20,0.4793,
0,132,1176,0,0,20,0.4793,
0,133,1201,0,0,20,0.4793,
0,134,1322,0,0,20,0.4793,
0,135,1424,0,0,20,0.4804,
0,131,243,0,0,15,0.2299,
0,132,232,0,0,15,0.2299,
0,133,425,0,0,15,0.2299,
0,134,398,0,0,15,0.2299,
0,135,355,0,-3.200000,15,0.2299,
0,131,233,0,0,20,0.0423,
0,132,260,0,0,20,0.0423,
0,133,287,0,0,21,0.0396,
0,134,315,0,0,21,0.0364,
0,135,325,0,0,21,0.0324,
1,131,-527,0,0,-31,-0.5435,
1,132,-519,0,0,-31,-0.5435,
1,133,-519,0,0,-30,-0.5543,
1,134,-518,0,0,-33,-0.5599,
1,135,-508,0,0,-34,-0.5758,
1,131,-116,0,0,-5,0.1305,
1,132,-103,0,0,-6,0.1267,
1,133,-89,0,0,-6,0.1267,
1,134,-75,0,0,-6,0.1301,
1,135,-169,0,0,-6,0.1335,
0,131,585,0,0,37,0.6436,
0,132,585,0,0,37,0.6436,
0,133,481,0,0,37,0.6436,
0,134,485,0,0,37,0.6544,
0,135,493,0,0,37,0.6652,
0,131,57,0,0,-5,-0.0937,
0,132,45,0,0,-5,-0.089,
0,133,168,0,0,-3,-0.0807,
0,134,192,0,0,-4,-0.076,
0,135,202,0,0,-3,-0.0738,
0,131,528,0,0,27,0.4444,
0,132,513,0,0,27,0.4481,
0,133,506,0,0,26,0.4546,
0,134,512,0,0,26,0.456,
0,135,538,0,0,27,0.4634,
0,131,1043,0,0,23,0.2228,
0,132,1063,0,0,23,0.2228,
0,133,1071,0,0,23,0.2228,
0,134,1079,0,0,23,0.2228,
0,135,1119,0,0,23,0.2268,
1,131,-369,0,0,-37,-0.4403,
1,132,-417,0,0,-35,-0.4407,
1,133,-473,0,0,-35,-0.4412,
1,134,-625,0,0,-35,-0.4416,
1,135,-644,0,0,-35,-0.443,
1,131,-1186,0,0,-32,-0.5612,
1,132,-1197,0,0,-33,-0.5632,
1,133,-1092,0,0,-33,-0.5652,
1,134,-1192,0,0,-32,-0.5652,
1,135,-1167,0,0,-33,-0.5682,
1,131,-464,0,0,0,0.1147,
1,132,-356,0,0,0,0.1147,
1,133,-348,0,0,0,0.1147,
1,134,-332,0,0,0,0.1147,
1,135,-332,0,0,0,0.1143,
0,131,-311,0,0,-1,0.2311,
0,132,-313,0,0,0,0.2281,
0,133,-291,0,0,0,0.2315,
0,134,-269,0,0,0,0.235,
0,135,-255,0,0,0,0.2384,
1,131,-459,0,0,7,0.1738,
1,132,-487,0,0,9,0.1741,
1,133,-397,0,0,9,0.1723,
1,134,-520,0,0,9,0.1737,
1,135,-508,0,0,9,0.1737,
1,131,-1547,0,0,-42,-0.6179,
1,132,-1539,0,0,-42,-0.6179,
1,133,-1539,0,0,-42,-0.6179,
1,134,-1539,0,0,-42,-0.6179,
1,135,-1553,0,0,-42,-0.6179,
0,131,203,0,0,23,0.455,
0,132,195,0,0,25,0.4562,
0,133,-21,0,0,24,0.4573,
0,134,-1,0,0,24,0.4576,
0,135,25,0,0,24,0.4576,
1,131,-1121,0,0,-28,-0.4897,
1,132,-1118,0,0,-28,-0.4925,
1,133,-1115,0,0,-26,-0.4897,
1,134,-1112,0,0,-28,-0.5008,
1,135,-1124,0,0,-30,-0.4983,
0,131,389,0,0,19,0.2688,
0,132,486,0,0,19,0.2688,
0,133,378,0,0,19,0.2688,
0,134,375,0,0,19,0.2688,
0,135,372,0,0,19,0.2688,
0,131,888,0,0,25,0.4607,
0,132,972,0,0,24,0.4551,
0,133,847,0,0,24,0.4551,
0,134,828,0,0,24,0.4551,
0,135,809,0,0,26,0.4654,
0,131,260,0,0,0,-0.1522,
0,132,270,0,0,0,-0.1522,
0,133,286,0,0,0,-0.1522,
0,134,302,0,0,0,-0.1522,
0,135,420,0,0,0,-0.1522,
0,131,915,0,0,23,0.3442,
0,132,914,0,0,23,0.3442,
0,133,817,0,0,23,0.3442,
0,134,820,0,0,23,0.3442,
0,135,700,0,0,23,0.3461,
0,131,1013,0,0,2,-0.001,
0,132,1008,0,0,2,-0.001,
0,133,1011,0,0,2,-0.001,
0,134,1009,0,0,1,-0.006,
0,135,1010,0,0,1,-0.005,
1,131,-909,0,0,-13,-0.4876,
1,132,-905,0,0,-13,-0.4902,
1,133,-885,0,0,-13,-0.4929,
1,134,-865,0,0,-15,-0.4956,
1,135,-854,0,0,-15,-0.4982,
0,131,458,0,0,10,0.0236,
0,132,472,0,0,10,0.0236,
0,133,480,0,0,10,0.0236,
0,134,496,0,0,10,0.0236,
0,135,718,0,0,10,0.0236,
0,131,-225,0,0,11,0.3476,
0,132,-117,0,0,11,0.3439,
0,133,-93,0,0,11,0.3439,
0,134,-75,0,0,11,0.3439,
0,135,-52,0,0,11,0.3434,
0,131,449,0,0,5,0.2312,
0,132,441,0,0,7,0.2417,
0,133,565,0,0,6,0.2472,
0,134,593,0,0,6,0.2482,
0,135,738,0,0,5,0.2484,
0,131,129,0,0,11,0.139,
0,132,150,0,0,10,0.139,
0,133,174,0,0,9,0.14,
0,134,406,0,0,10,0.1322,
0,135,416,0,0,8,0.1327,
1,131,-192,0,0,-12,0.0852,
1,132,-192,0,0,-10,0.0842,
1,133,304,0,0,-9,0.0832,
1,134,312,0,0,-9,0.0832,
1,135,320,0,0,-9,0.0832,
0,131,790,0,0,15,0.281,
0,132,791,0,0,15,0.2855,
0,133,791,0,0,15,0.2855,
0,134,790,0,0,15,0.2829,
0,135,789,0,0,15,0.2829,
1,131,-95,0,0,-25,-0.3441,
1,132,-93,0,0,-26,-0.3518,
1,133,-618,0,0,-26,-0.3561,
1,134,-559,0,0,-26,-0.3561,
1,135,-698,0,0,-26,-0.3561,
0,131,797,0,0,33,0.5693,
0,132,849,0,0,33,0.5693,
0,133,995,0,0,33,0.5693,
0,134,903,0,0,33,0.5693,
0,135,941,0,0,33,0.5762,
1,131,-424,0,0,-4,-0.2176,
1,132,-416,0,0,-4,-0.2176,
1,133,-468,0,0,-4,-0.2256,
1,134,-506,0,0,-4,-0.2256,
1,135,-609,0,0,-4,-0.2375,
1,131,-1328,0,0,-13,-0.3107,
1,132,-1317,0,0,-14,-0.3151,
1,133,-1289,0,0,-14,-0.3124,
1,134,-1261,0,0,-14,-0.3124,
1,135,-753,0,0,-14,-0.3124,
1,131,-655,0,0,-18,-0.224,
1,132,-683,0,0,-18,-0.2191,
1,133,-688,0,0,-20,-0.2116,
1,134,-702,0,0,-19,-0.2062,
1,135,-713,0,0,-19,-0.2032,
0,131,461,0,0,14,0.0926,
0,132,341,0,0,14,0.0926,
0,133,321,0,0,14,0.0926,
0,134,301,0,0,14,0.0926,
0,135,265,0,0,14,0.0926,
1,131,-380,0,0,0,-0.1021,
1,132,-356,0,0,0,-0.1021,
1,133,-356,0,0,0,-0.1021,
1,134,-364,0,0,0,-0.1021,
1,135,-473,0,0,0,-0.1021,
1,131,-217,0,0,-31,-0.5516,
1,132,-337,0,0,-31,-0.5516,
1,133,-341,0,0,-31,-0.5537,
1,134,-318,0,0,-32,-0.5547,
1,135,-307,0,0,-33,-0.5557,
1,131,-135,0,0,-3,-0.0329,
1,132,-142,0,0,-4,-0.0495,
1,133,-150,0,0,-5,-0.0602,
1,134,-169,0,0,-6,-0.0726,
1,135,-178,0,0,-6,-0.0795,
1,131,-969,0,0,-31,-0.6195,
1,132,-989,0,0,-31,-0.6195,
1,133,-903,0,0,-31,-0.6195,
1,134,-1033,0,0,-31,-0.6195,
1,135,-1047,0,0,-31,-0.6195,
0,131,830,0,0,16,0.3679,
0,132,859,0,0,17,0.3647,
0,133,876,0,0,17,0.3654,
0,134,986,0,0,17,0.3654,
0,135,904,0,0,17,0.3654,
1,131,-451,0,0,-29,-0.4539,
1,132,-464,0,0,-30,-0.4544,
1,133,-341,0,0,-30,-0.4607,
1,134,-337,0,0,-31,-0.4567,
1,135,280,0,0,-31,-0.4564,
0,131,131,0,0,26,0.4363,
0,132,253,0,0,26,0.4388,
0,133,258,0,0,25,0.4421,
0,134,268,0,0,24,0.4301,
0,135,287,0,0,23,0.4249,
0,131,-132,0,-16.000000,5,0.0924,
0,132,-138,0,-16.000000,6,0.0907,
0,133,-135,0,-16.000000,6,0.0889,
0,134,-120,0,-13.200000,8,0.0962,
0,135,-104,0,-10.400000,9,0.1009,
0,131,852,0,0,44,0.7662,
0,132,864,0,0,44,0.7662,
0,133,982,0,0,44,0.7662,
0,134,1492,0,0,44,0.7662,
0,135,1494,0,0,44,0.7662,
1,131,-858,0,0,-14,-0.0393,
1,132,-880,0,0,-14,-0.0393,
1,133,-934,0,0,-14,-0.0409,
1,134,-970,0,0,-14,-0.0409,
1,135,-1082,0,0,-15,-0.0466,
0,131,163,0,0,31,0.7469,
0,132,163,0,0,31,0.7469,
0,133,69,0,0,31,0.7506,
0,134,-17,0,0,30,0.7474,
0,135,-4,0,0,32,0.768,
1,131,-357,0,0,4,0.1973,
1,132,-373,0,0,4,0.1973,
1,133,-361,0,0,4,0.1973,
1,134,-469,0,0,4,0.1973,
1,135,-461,0,0,4,0.1963,
1,131,-595,0,0,-17,-0.4157,
1,132,-731,0,0,-17,-0.4192,
1,133,-743,0,0,-17,-0.4226,
1,134,-757,0,0,-16,-0.4362,
1,135,-870,0,0,-17,-0.4442,
1,131,-1340,0,-33.000000,-3,-0.0108,
1,132,-1356,0,-36.200000,-4,-0.0243,
1,133,-1383,0,-39.400000,-5,-0.0279,
1,134,-1411,0,-42.600000,-5,-0.0304,
1,135,-1429,0,-45.800000,-3,-0.0297,
0,131,-150,0,0,4,0.1758,
0,132,-122,0,0,4,0.1729,
0,133,-62,0,0,4,0.17,
0,134,-10,0,0,4,0.17,
0,135,46,0,0,2,0.1598,
1,131,-360,0,0,-19,-0.1181,
1,132,-366,0,0,-19,-0.1198,
1,133,-375,0,0,-20,-0.1229,
1,134,-403,0,0,-22,-0.1319,
1,135,-436,0,0,-22,-0.1339,
1,131,-947,0,0,-10,-0.0585,
1,132,-955,0,0,-10,-0.0622,
1,133,-963,0,0,-10,-0.0622,
1,134,-970,0,0,-8,-0.0627,
1,135,-970,0,0,-8,-0.0613,
0,131,322,0,0,18,0.1367,
0,132,330,0,0,18,0.1367,
0,133,332,0,0,18,0.1377,
0,134,332,0,0,18,0.1377,
0,135,333,0,0,21,0.148,
0,131,151,0,0,14,0.1541,
0,132,276,0,0,14,0.1541,
0,133,281,0,0,14,0.1541,
0,134,290,0,0,14,0.1474,
0,135,285,0,0,12,0.1274,
1,131,-528,0,0,-15,-0.146,
1,132,-430,0,0,-15,-0.145,
1,133,-468,0,0,-15,-0.1432,
1,134,-500,0,0,-15,-0.1432,
1,135,-8,0,0,-15,-0.1432,
0,131,223,0,0,-4,0.0665,
0,132,193,0,0,-4,0.0665,
0,133,179,0,0,-4,0.0665,
0,134,157,0,0,-4,0.0665,
0,135,143,0,0,-4,0.0665,
0,131,620,0,0,18,0.3664,
0,132,629,0,0,18,0.3666,
0,133,637,0,0,18,0.3695,
0,134,638,0,0,18,0.3725,
0,135,630,0,0,18,0.3754,
0,131,581,0,0,-18,-0.5064,
0,132,476,0,0,-20,-0.5117,
0,133,479,0,0,-20,-0.5117,
0,134,482,0,0,-20,-0.5105,
0,135,693,0,0,-20,-0.5142,
0,131,773,0,0,7,0.0487,
0,132,761,0,0,7,0.0487,
0,133,657,0,0,7,0.0487,
0,134,769,0,0,7,0.0487,
0,135,777,0,0,7,0.0487,
0,131,105,0,0,19,0.2019,
0,132,138,0,0,16,0.1876,
0,133,138,0,0,12,0.1802,
0,134,135,0,0,12,0.1765,
0,135,134,0,0,11,0.1691,
1,131,-590,0,0,1,0.2361,
1,132,-598,0,0,1,0.2361,
1,133,-598,0,0,1,0.2361,
1,134,-685,0,0,1,0.2361,
1,135,-669,0,0,1,0.2361,
1,131,280,0,0,-6,-0.1137,
1,132,263,0,0,-5,-0.1132,
1,133,237,0,0,-7,-0.1284,
1,134,352,0,0,-8,-0.1447,
1,135,368,0,0,-8,-0.1447,
1,131,-213,0,0,-27,-0.2652,
1,132,-222,0,0,-28,-0.2694,
1,133,-226,0,0,-28,-0.2694,
1,134,-242,0,0,-28,-0.2694,
1,135,-254,0,0,-28,-0.2694,
0,131,184,0,0,-11,-0.0645,
0,132,196,0,0,-11,-0.0624,
0,133,194,0,0,-10,-0.0541,
0,134,193,0,0,-9,-0.0549,
0,135,213,0,0,-9,-0.0529,
0,131,-330,0,0,-6,-0.0341,
0,132,-331,0,0,-7,-0.0388,
0,133,-426,0,0,-7,-0.0397,
0,134,-426,0,0,-7,-0.0397,
0,135,-408,0,0,-8,-0.0366,
1,131,-863,0,0,-6,-0.24,
1,132,-869,0,0,-9,-0.2481,
1,133,-873,0,0,-9,-0.2465,
1,134,-877,0,0,-9,-0.2465,
1,135,-882,0,0,-9,-0.2469,
1,131,-837,0,0,-7,-0.2326,
1,132,-987,0,0,-7,-0.2307,
1,133,-1011,0,0,-7,-0.226,
1,134,-905,0,0,-7,-0.2283,
1,135,-917,0,0,-9,-0.2319,
0,131,555,0,0,11,0.1701,
0,132,544,0,0,11,0.1695,
0,133,627,0,0,12,0.1722,
0,134,526,0,0,12,0.1722,
0,135,501,0,0,12,0.1652,
1,131,402,0,0,-19,-0.4712,
1,132,406,0,0,-21,-0.475,
1,133,378,0,0,-19,-0.4686,
1,134,352,0,0,-19,-0.4686,
1,135,334,0,0,-19,-0.4686,
0,131,490,0,0,14,0.206,
0,132,643,0,0,14,0.2088,
0,133,554,0,0,14,0.2088,
0,134,578,0,0,15,0.2145,
0,135,578,0,0,15,0.2145,
0,131,122,9.600000,0,-6,-0.2782,
0,132,141,12.400000,0,-7,-0.2782,
0,133,160,15.200000,0,-7,-0.2782,
0,134,258,15.200000,0,-7,-0.2771,
0,135,143,15.200000,0,-7,-0.2781,
1,131,-665,0,0,-13,-0.37,
1,132,-645,0,0,-13,-0.3656,
1,133,-624,0,0,-13,-0.3797,
1,134,-616,0,0,-14,-0.3917,
1,135,-640,0,0,-14,-0.3917,
1,131,-569,0,0,-30,-0.5212,
1,132,-668,0,0,-30,-0.5212,
1,133,-664,0,0,-30,-0.5212,
1,134,-671,0,0,-30,-0.5253,
1,135,-581,0,0,-32,-0.5333,
0,131,124,0,0,9,-0.1027,
0,132,127,0,0,9,-0.1027,
0,133,130,0,0,9,-0.1027,
0,134,30,0,0,10,-0.088,
0,135,28,0,0,10,-0.0922,
0,131,1283,0,0,13,0.1612,
0,132,1263,0,0,13,0.1612,
0,133,1247,0,0,13,0.1612,
0,134,1231,0,0,13,0.1612,
0,135,1107,0,0,13,0.1612,
0,131,376,0,0,16,0.2816,
0,132,403,0,0,16,0.2816,
0,133,418,0,0,16,0.2816,
0,134,531,0,0,16,0.2816,
0,135,443,0,0,16,0.2759,
1,131,-369,0,0,-13,-0.2172,
1,132,5,0,0,-12,-0.2102,
1,133,5,0,0,-12,-0.2102,
1,134,-73,0,0,-12,-0.2102,
1,135,-50,0,0,-12,-0.2093,
0,131,-347,0,0,3,0.0701,
0,132,-254,0,0,4,0.0727,
0,133,241,0,0,6,0.084,
0,134,241,0,0,6,0.0825,
0,135,339,0,0,6,0.0825,
0,131,399,0,0,11,0.2334,
0,132,396,0,0,11,0.2344,
0,133,394,0,0,11,0.2344,
0,134,400,0,0,11,0.2344,
0,135,398,0,0,11,0.2344,
0,131,-170,0,0,16,0.2148,
0,132,-63,0,0,18,0.207,
0,133,-52,0,0,17,0.2033,
0,134,481,0,0,16,0.208,
0,135,497,0,0,15,0.2064,
1,131,64,0,0,7,0.1897,
1,132,62,0,0,7,0.1966,
1,133,44,0,0,7,0.1966,
1,134,-72,0,0,7,0.1966,
1,135,-180,0,0,7,0.1966,
0,131,753,42.400000,0,-3,0.0874,
0,132,762,45.600000,0,-3,0.0874,
0,133,771,48.800000,0,-4,0.0934,
0,134,768,50.400000,0,-4,0.0937,
0,135,767,52.000000,0,-5,0.0888,
0,131,1227,0,0,14,0.1328,
0,132,1229,0,0,14,0.1344,
0,133,1232,0,0,14,0.1344,
0,134,1233,0,0,14,0.1344,
0,135,1252,0,0,14,0.1344,
1,131,-357,0,0,-15,-0.154,
1,132,-484,0,0,-15,-0.154,
1,133,-503,0,0,-15,-0.154,
1,134,-522,0,0,-15,-0.154,
1,135,-537,0,0,-15,-0.154,
1,131,-325,0,0,-5,-0.1073,
1,132,-308,0,0,-6,-0.1208,
1,133,-404,0,0,-6,-0.1228,
1,134,-396,0,0,-6,-0.1248,
1,135,120,0,0,-7,-0.1268,
1,131,-330,0,0,-17,-0.2957,
1,132,-356,0,0,-17,-0.2957,
1,133,-374,0,0,-17,-0.2957,
1,134,-494,0,0,-17,-0.2957,
1,135,-495,0,0,-16,-0.2918,
0,131,922,0,0,39,0.4397,
0,132,902,0,0,39,0.4397,
0,133,913,0,0,39,0.4397,
0,134,900,0,0,39,0.4397,
0,135,891,0,0,39,0.4397,
0,131,1240,13.600000,0,7,0.1285,
0,132,1242,13.600000,0,8,0.136,
0,133,1243,13.600000,0,8,0.1378,
0,134,1346,13.600000,0,7,0.1408,
0,135,1374,13.600000,0,8,0.1421,
1,131,-808,0,-33.800000,-5,0.0044,
1,132,-820,0,-33.800000,-5,0.0044,
1,133,-960,0,-33.800000,-5,0.0044,
1,134,-998,0,-33.800000,-4,0.009,
1,135,-1118,0,-33.800000,-4,0.009,
0,131,48,0,0,-1,-0.0023,
0,132,125,0,0,-1,-0.0023,
0,133,98,0,0,-2,0.0017,
0,134,107,0,0,-1,0.0057,
0,135,128,0,0,-1,0.0057,
0,131,349,0,0,13,0.1916,
0,132,253,0,0,15,0.1796,
0,133,273,0,0,16,0.1676,
0,134,383,0,0,17,0.1542,
0,135,395,0,0,17,0.1582,
0,131,634,0,0,-9,-0.182,
0,132,643,0,0,-8,-0.1885,
0,133,651,0,0,-8,-0.1929,
0,134,657,0,0,-7,-0.1961,
0,135,663,0,0,-8,-0.1987,
1,131,-342,0,0,4,0.1275,
1,132,-329,0,0,3,0.1127,
1,133,-314,0,0,5,0.1025,
1,134,-299,0,0,4,0.0886,
1,135,-300,0,0,4,0.0815,
0,131,541,0,0,8,0.1555,
0,132,541,0,0,8,0.1555,
0,133,521,0,0,8,0.1556,
0,134,605,0,0,9,0.1551,
0,135,600,0,0,9,0.1551,
1,131,-263,0,0,-1,0.1735,
1,132,-142,0,0,-3,0.1642,
1,133,-166,0,0,0,0.1613,
1,134,-196,0,0,0,0.1527,
1,135,-111,0,0,-1,0.1404,
1,131,-22,0,0,-5,0.0042,
1,132,-40,0,0,-4,0.0021,
1,133,-75,0,0,-4,-0.0005,
1,134,-119,0,0,-4,-0.0005,
1,135,-135,0,0,-4,-0.0005,
0,131,669,0,0,9,0.0593,
0,132,713,0,0,9,0.0593,
0,133,717,0,0,9,0.0593,
0,134,741,0,0,10,0.0646,
0,135,682,0,0,10,0.0679,
1,131,590,0,0,7,0.3235,
1,132,616,0,0,7,0.3235,
1,133,617,0,0,7,0.3184,
1,134,618,0,0,5,0.313,
1,135,634,0,0,4,0.3055,
0,131,290,0,0,-4,0.1914,
0,132,326,0,0,-4,0.1914,
0,133,-54,0,0,-4,0.1877,
0,134,51,0,0,-4,0.1771,
0,135,43,0,0,-6,0.1725,
0,131,700,0,0,14,0.1921,
0,132,595,0,0,15,0.1954,
0,133,597,0,0,15,0.1954,
0,134,689,0,0,15,0.1954,
0,135,275,0,0,15,0.1954,
0,131,413,0,0,27,0.2774,
0,132,400,0,0,27,0.2774,
0,133,395,0,0,27,0.2774,
0,134,486,0,0,27,0.2774,
0,135,485,0,0,27,0.2774,
1,131,-465,0,0,9,0.2351,
1,132,-469,0,0,9,0.2351,
1,133,-340,0,0,9,0.2351,
1,134,-311,0,0,9,0.2351,
1,135,-176,0,0,9,0.2351,
0,131,-661,0,0,11,0.0734,
0,132,-535,0,0,12,0.0697,
0,133,-527,0,0,11,0.066,
0,134,-503,0,0,11,0.0662,
0,135,-519,0,0,11,0.0665,
1,131,-465,0,0,-20,-0.3056,
1,132,-480,0,0,-20,-0.3056,
1,133,-496,0,0,-20,-0.2881,
1,134,-535,0,0,-21,-0.275,
1,135,-662,0,0,-20,-0.2794,
1,131,-1813,0,0,-32,-0.5557,
1,132,-1813,0,0,-35,-0.5738,
1,133,-1816,0,0,-34,-0.5892,
1,134,-1822,0,0,-34,-0.5965,
1,135,-1827,0,0,-34,-0.5948,
1,131,-183,0,0,4,-0.0576,
1,132,-175,0,0,4,-0.0603,
1,133,-167,0,0,4,-0.0629,
1,134,-175,0,0,4,-0.0656,
1,135,221,0,0,4,-0.0683,
1,131,-149,0,0,-2,-0.0889,
1,132,-157,0,0,-2,-0.0889,
1,133,-149,0,0,-2,-0.0889,
1,134,-57,0,0,-2,-0.0887,
1,135,-81,0,0,-2,-0.0887,
1,131,-368,0,0,-11,-0.3822,
1,132,-369,0,0,-12,-0.3693,
1,133,-377,0,0,-12,-0.359,
1,134,-375,0,0,-12,-0.3454,
1,135,-375,0,0,-12,-0.3454,
0,131,849,0,0,0,0.0485,
0,132,843,0,0,0,0.0432,
0,133,719,0,0,1,0.0462,
0,134,687,0,0,1,0.0462,
0,135,691,0,0,1,0.0462,
0,131,254,0,0,13,0.0862,
0,132,363,0,0,13,0.0873,
0,133,358,0,0,14,0.0971,
0,134,345,0,0,14,0.1058,
0,135,338,0,0,15,0.1108,
1,131,-141,0,0,-17,-0.3007,
1,132,-135,0,0,-16,-0.3002,
1,133,470,0,0,-17,-0.2961,
1,134,481,0,0,-17,-0.2977,
1,135,466,0,0,-16,-0.2899,
1,131,208,0,0,-28,-0.5208,
1,132,219,0,0,-27,-0.5218,
1,133,223,0,0,-27,-0.5223,
1,134,217,0,0,-27,-0.5223,
1,135,211,0,0,-26,-0.5242,
1,131,-641,0,0,-43,-0.6212,
1,132,-539,0,0,-43,-0.6212,
1,133,-545,0,0,-43,-0.6212,
1,134,-545,0,0,-43,-0.6212,
1,135,-545,0,0,-43,-0.6212,
0,131,1037,0,0,41,0.3666,
0,132,1053,0,0,41,0.3666,
0,133,451,0,0,41,0.3636,
0,134,488,0,0,41,0.3636,
0,135,524,0,0,41,0.3636,
0,131,367,0,0,22,0.18,
0,132,376,0,0,23,0.1897,
0,133,418,0,0,24,0.1954,
0,134,450,0,0,25,0.2004,
0,135,366,0,0,25,0.2002,
1,131,-141,0,0,-21,-0.3641,
1,132,-122,0,0,-19,-0.3682,
1,133,-116,0,0,-18,-0.3622,
1,134,-114,0,0,-18,-0.3622,
1,135,-206,0,0,-19,-0.3598,
1,131,-654,0,0,11,0.2249,
1,132,-658,0,0,11,0.2269,
1,133,-546,0,0,12,0.2279,
1,134,-418,0,0,13,0.2289,
1,135,-401,0,0,15,0.2173,
0,131,-29,0,0,15,0.2604,
0,132,-13,0,0,15,0.2584,
0,133,15,0,0,15,0.2584,
0,134,115,0,0,15,0.2584,
0,135,101,0,0,17,0.2549,
1,131,-932,0,0,-6,0.1132,
1,132,-1052,0,0,-6,0.1052,
1,133,-936,0,0,-3,0.0972,
1,134,-903,0,0,-2,0.0876,
1,135,-895,0,0,-1,0.0793,
1,131,-1992,0,0,-41,-0.7872,
1,132,-1992,0,0,-41,-0.7872,
1,133,-1992,0,0,-41,-0.7872,
1,134,-1992,0,0,-41,-0.7872,
1,135,-1992,0,0,-43,-0.8014,
0,131,1035,0,0,17,0.3232,
0,132,541,0,0,17,0.3232,
0,133,541,0,0,20,0.3316,
0,134,557,0,0,21,0.3434,
0,135,555,0,0,21,0.3394,
0,131,1057,0,0,32,0.5462,
0,132,1174,0,0,32,0.5487,
0,133,1184,0,0,33,0.5512,
0,134,1193,0,0,34,0.5709,
0,135,1214,0,0,34,0.5709,
0,131,638,0,0,26,0.3503,
0,132,653,0,0,26,0.3503,
0,133,655,0,0,26,0.3503,
0,134,641,0,0,26,0.3503,
0,135,726,0,0,26,0.3503,
1,131,-573,0,0,-18,-0.2701,
1,132,-598,0,0,-18,-0.27,
1,133,-614,0,0,-18,-0.27,
1,134,-630,0,0,-18,-0.27,
1,135,-646,0,0,-18,-0.27,
1,131,-1232,0,0,-30,-0.5491,
1,132,-1339,0,0,-30,-0.5518,
1,133,-1341,0,0,-32,-0.5534,
1,134,-1342,0,0,-33,-0.5554,
1,135,-1346,0,0,-33,-0.5601,
0,131,126,0,0,-2,-0.2036,
0,132,142,0,0,-2,-0.2036,
0,133,138,0,0,-2,-0.2036,
0,134,138,0,0,-2,-0.2036,
0,135,138,0,0,-3,-0.2145,
0,131,348,0,0,-28,-0.3224,
0,132,338,0,0,-28,-0.3224,
0,133,254,0,0,-28,-0.3224,
0,134,262,0,0,-28,-0.3184,
0,135,281,0,0,-29,-0.3204,
0,131,1024,0,0,27,0.5762,
0,132,1028,0,0,27,0.5762,
0,133,1024,0,0,27,0.5762,
0,134,1020,0,0,29,0.5762,
0,135,1032,0,0,30,0.5762,
1,131,-1271,0,0,-16,-0.6073,
1,132,-1232,0,0,-18,-0.6098,
1,133,-1215,0,0,-19,-0.6154,
1,134,-1204,0,0,-20,-0.6165,
1,135,-1210,0,0,-20,-0.6165,
0,131,317,0,0,26,0.2111,
0,132,325,0,0,26,0.2111,
0,133,333,0,0,26,0.2111,
0,134,341,0,0,27,0.209,
0,135,471,0,0,28,0.2069,
0,131,421,0,0,-6,-0.0337,
0,132,447,0,0,-6,-0.0368,
0,133,472,0,0,-7,-0.0362,
0,134,496,0,0,-5,-0.0271,
0,135,504,0,0,-5,-0.018,
0,131,1914,31.200000,0,22,0.4244,
0,132,1889,31.200000,0,20,0.4266,
0,133,1865,31.200000,0,19,0.4272,
0,134,1857,31.200000,0,19,0.4279,
0,135,1847,31.200000,0,19,0.4308,
1,131,-244,0,0,-17,-0.1053,
1,132,-261,0,0,-17,-0.1057,
1,133,-388,0,0,-18,-0.1051,
1,134,-415,0,0,-17,-0.1017,
1,135,-536,0,0,-18,-0.1061,
0,131,361,0,0,19,0.2316,
0,132,452,0,0,18,0.215,
0,133,453,0,0,17,0.2047,
0,134,549,0,0,16,0.1925,
0,135,549,0,0,16,0.1925,
1,131,226,0,0,-3,-0.0285,
1,132,213,0,0,-4,-0.0283,
1,133,197,0,0,-4,-0.028,
1,134,182,0,0,-5,-0.03,
1,135,51,0,0,-6,-0.0317,
0,131,1892,0,0,61,1.0756,
0,132,1880,0,0,63,1.0811,
0,133,1884,0,0,63,1.0811,
0,134,1984,0,0,63,1.0811,
0,135,1980,0,0,63,1.0811,
1,131,-95,0,0,-6,-0.1258,
1,132,-79,0,0,-6,-0.1258,
1,133,-65,0,0,-6,-0.1289,
1,134,-58,0,0,-6,-0.1296,
1,135,63,0,0,-6,-0.1063,
1,131,-103,0,0,0,0.2285,
1,132,-187,0,0,0,0.2285,
1,133,-175,0,0,0,0.2285,
1,134,-190,0,0,0,0.2285,
1,135,-197,0,0,0,0.2285,
1,131,-678,0,0,-20,-0.2059,
1,132,-665,0,0,-20,-0.2068,
1,133,-676,0,0,-20,-0.2068,
1,134,-692,0,0,-20,-0.2068,
1,135,-796,0,0,-20,-0.2068,
1,131,-308,0,0,-9,-0.3163,
1,132,-330,0,0,-9,-0.317,
1,133,-350,0,0,-10,-0.3217,
1,134,-335,0,0,-10,-0.327,
1,135,-326,0,0,-9,-0.3228,
0,131,-86,0,0,12,0.2492,
0,132,-78,0,0,12,0.2634,
0,133,-184,0,0,12,0.2639,
0,134,-167,0,0,8,0.2679,
0,135,-136,0,0,8,0.2679,
1,131,-121,0,0,5,0.1314,
1,132,-153,0,0,5,0.1314,
1,133,-177,0,0,6,0.1314,
1,134,-293,0,0,6,0.1314,
1,135,-293,0,0,6,0.1285,
1,131,-617,0,0,0,-0.0572,
1,132,-645,0,-3.200000,0,-0.0599,
1,133,-659,0,-6.000000,-2,-0.0625,
1,134,-775,0,-8.800000,-4,-0.0827,
1,135,-790,0,-11.600000,-5,-0.0993,
1,131,-37,0,0,-9,-0.1236,
1,132,-38,0,0,-9,-0.1219,
1,133,-38,0,0,-9,-0.1149,
1,134,-44,0,0,-9,-0.108,
1,135,-80,0,0,-9,-0.108,
1,131,-566,0,0,-12,-0.1829,
1,132,-570,0,0,-12,-0.1829,
1,133,-566,0,0,-12,-0.1832,
1,134,-162,0,0,-12,-0.1829,
1,135,-166,0,0,-12,-0.1859,
1,131,-430,0,0,-32,-0.4765,
1,132,-454,0,0,-30,-0.4715,
1,133,-578,0,0,-30,-0.4715,
1,134,-586,0,0,-30,-0.4715,
1,135,-594,0,0,-30,-0.4715,
0,131,133,0,0,9,0.033,
0,132,137,0,0,9,0.0364,
0,133,37,0,0,9,0.0332,
0,134,54,0,0,8,0.0303,
0,135,73,0,0,8,0.0303,
0,131,-716,0,0,1,-0.0425,
0,132,-665,0,0,1,-0.0402,
0,133,-732,0,0,1,-0.0402,
0,134,-118,0,0,1,-0.0402,
0,135,-114,0,0,1,-0.0402,
1,131,-302,0,0,-19,-0.2246,
1,132,-302,0,0,-19,-0.2246,
1,133,-309,0,0,-19,-0.2404,
1,134,-721,0,0,-19,-0.2538,
1,135,-958,0,0,-20,-0.2612,
0,131,897,0,0,16,0.3227,
0,132,925,0,0,16,0.3227,
0,133,943,0,0,16,0.3217,
0,134,949,0,0,16,0.3207,
0,135,955,0,0,15,0.3197,
0,131,572,0,0,-1,-0.1397,
0,132,587,0,0,-1,-0.1397,
0,133,610,0,0,-1,-0.1397,
0,134,601,0,0,-1,-0.1397,
0,135,496,0,0,-1,-0.1363,
0,131,537,0,0,7,0.0853,
0,132,529,0,0,7,0.0786,
0,133,529,0,0,7,0.072,
0,134,537,0,0,7,0.0573,
0,135,429,0,0,7,0.0611,
1,131,-246,0,0,1,-0.1762,
1,132,-239,0,0,2,-0.1915,
1,133,-237,0,0,0,-0.2078,
1,134,-333,0,0,-1,-0.2106,
1,135,-338,0,0,3,-0.2088,
0,131,200,0,0,10,0.1623,
0,132,346,0,0,9,0.1613,
0,133,497,0,0,10,0.1565,
0,134,534,0,0,9,0.1505,
0,135,561,0,0,8,0.1476,
1,131,-696,0,0,-22,-0.2529,
1,132,-716,0,0,-22,-0.2529,
1,133,-712,0,0,-21,-0.2535,
1,134,-506,0,0,-21,-0.2564,
1,135,-518,0,0,-21,-0.2564,
0,131,-21,0,0,-4,-0.0924,
0,132,-113,0,0,-4,-0.0924,
0,133,-621,0,0,-4,-0.0924,
0,134,-593,0,0,-4,-0.0924,
0,135,-585,0,0,-6,-0.0934,
0,131,253,0,0,-6,-0.0543,
0,132,148,0,0,-7,-0.0452,
0,133,152,0,0,-10,-0.0406,
0,134,268,0,0,-9,-0.0338,
0,135,389,0,0,-9,-0.0368,
1,131,-1029,0,0,-12,-0.1427,
1,132,-1017,0,0,-12,-0.1427,
1,133,-1004,0,0,-11,-0.1319,
1,134,-1072,0,0,-11,-0.1259,
1,135,-941,0,0,-11,-0.1259,
0,131,595,0,0,31,0.4868,
0,132,617,0,0,31,0.4868,
0,133,639,0,0,31,0.4831,
0,134,677,0,0,31,0.4794,
0,135,715,0,0,31,0.4794,
1,131,-613,0,0,-6,-0.1618,
1,132,-602,0,0,-6,-0.1618,
1,133,-586,0,0,-6,-0.1618,
1,134,-464,0,0,-6,-0.1598,
1,135,-448,0,0,-6,-0.1571,
0,131,130,0,0,12,0.3066,
0,132,236,0,0,12,0.3066,
0,133,216,0,0,12,0.3066,
0,134,192,0,0,12,0.3066,
0,135,140,0,0,12,0.3066,
1,131,-592,0,0,-27,-0.3342,
1,132,-594,0,0,-27,-0.343,
1,133,-594,0,0,-25,-0.3332,
1,134,-487,0,0,-21,-0.3237,
1,135,-482,0,0,-19,-0.3092,
1,131,-187,0,0,-23,-0.3871,
1,132,-88,0,0,-24,-0.4,
1,133,-88,0,0,-24,-0.4,
1,134,-88,0,0,-24,-0.4,
1,135,-107,0,0,-24,-0.3952,
1,131,-295,0,0,-5,-0.1772,
1,132,-304,0,0,-6,-0.1803,
1,133,-299,0,0,-6,-0.1844,
1,134,-283,0,0,-6,-0.1844,
1,135,-263,0,0,-6,-0.1844,
1,131,-761,0,0,10,0.0337,
1,132,-778,0,0,11,0.0365,
1,133,-168,0,0,11,0.039,
1,134,-162,0,0,12,0.0462,
1,135,-126,0,0,12,0.05,
1,131,-238,0,0,7,0.0235,
1,132,-322,0,0,11,0.0298,
1,133,-320,0,0,12,0.0321,
1,134,-277,0,0,15,0.0378,
1,135,-233,0,0,15,0.0378,
0,131,719,0,0,10,0.2847,
0,132,611,0,0,10,0.2812,
0,133,1123,0,0,10,0.2812,
0,134,1135,0,0,10,0.2842,
0,135,1147,0,0,10,0.2871,
0,131,995,0,0,23,0.2682,
0,132,1001,0,0,23,0.2682,
0,133,1099,0,0,25,0.2666,
0,134,1123,0,0,28,0.265,
0,135,1127,0,0,28,0.2634,
0,131,599,0,0,39,0.5229,
0,132,592,0,0,40,0.5292,
0,133,591,0,0,40,0.5354,
0,134,595,0,0,40,0.5354,
0,135,599,0,0,40,0.5354,
1,131,181,0,0,-12,-0.4586,
1,132,304,0,0,-12,-0.4586,
1,133,307,0,0,-12,-0.4586,
1,134,334,0,0,-12,-0.4552,
1,135,368,0,0,-12,-0.4506,
1,131,104,0,0,-6,0.0073,
1,132,116,0,0,-4,0.0099,
1,133,110,0,0,-4,0.0113,
1,134,91,0,0,-4,0.007,
1,135,63,0,0,-4,-0.0001,
1,131,-952,0,0,-24,-0.4154,
1,132,-968,0,0,-24,-0.4154,
1,133,-984,0,0,-24,-0.4154,
1,134,-987,0,0,-24,-0.4154,
1,135,-987,0,0,-24,-0.4154,
0,131,194,0,0,-1,-0.173,
0,132,192,0,0,-3,-0.177,
0,133,190,0,0,-3,-0.173,
0,134,173,0,0,-7,-0.1748,
0,135,178,0,0,-7,-0.1727,
1,131,-828,0,0,-51,-0.7668,
1,132,-854,0,0,-51,-0.7668,
1,133,-873,0,0,-50,-0.7958,
1,134,-889,0,0,-52,-0.8214,
1,135,-926,0,0,-55,-0.8474,
0,131,977,0,0,15,0.3854,
0,132,1004,0,0,18,0.3907,
0,133,1004,0,0,18,0.3974,
0,134,1045,0,0,17,0.4076,
0,135,1074,0,0,17,0.4112,
1,131,-156,0,0,6,0.0349,
1,132,-787,0,0,6,0.0333,
1,133,-796,0,0,6,0.0333,
1,134,-797,0,0,6,0.0333,
1,135,-790,0,0,6,0.0333,
1,131,-484,0,0,-17,-0.4127,
1,132,-569,0,0,-16,-0.4073,
1,133,-678,0,0,-16,-0.4073,
1,134,-679,0,0,-16,-0.4073,
1,135,-692,0,0,-16,-0.4073,
0,131,617,0,0,15,0.3137,
0,132,617,0,0,15,0.3137,
0,133,617,0,0,15,0.3137,
0,134,722,0,0,15,0.3137,
0,135,722,0,0,15,0.3137,
1,131,52,0,0,-3,-0.2563,
1,132,40,0,0,-3,-0.2623,
1,133,44,0,0,-3,-0.2679,
1,134,58,0,0,-3,-0.2679,
1,135,60,0,0,-3,-0.2673,
1,131,-238,0,0,-27,-0.1795,
1,132,-233,0,0,-26,-0.1734,
1,133,-353,0,0,-26,-0.1725,
1,134,-365,0,0,-26,-0.1709,
1,135,-481,0,0,-26,-0.1717,
1,131,324,0,0,-6,-0.0073,
1,132,222,0,0,-6,-0.0073,
1,133,214,0,0,-6,-0.0073,
1,134,-309,0,0,-6,-0.0073,
1,135,-348,0,0,-8,-0.0167,
1,131,-491,0,0,10,0.1788,
1,132,-507,0,0,12,0.1885,
1,133,-522,0,0,14,0.1941,
1,134,-538,0,0,15,0.1998,
1,135,-538,0,0,16,0.2055,
0,131,871,0,0,-2,-0.0615,
0,132,880,0,0,-2,-0.0613,
0,133,879,0,0,-2,-0.0598,
0,134,852,0,0,-2,-0.0598,
0,135,851,0,0,-4,-0.0529,
0,131,499,0,0,-4,0.0997,
0,132,509,0,0,-4,0.0997,
0,133,511,0,0,-4,0.1066,
0,134,513,0,0,-4,0.1136,
0,135,535,0,0,-4,0.1239,
1,131,-1225,0,0,-12,-0.2663,
1,132,-1229,0,0,-12,-0.2663,
1,133,-1135,0,0,-12,-0.2636,
1,134,-1147,0,0,-13,-0.2609,
1,135,-1258,0,0,-12,-0.2584,
0,131,443,0,0,-8,0.0034,
0,132,433,0,0,-8,0.0034,
0,133,435,0,0,-8,0.0034,
0,134,461,0,0,-8,0.0034,
0,135,487,0,0,-8,0.0034,
1,131,401,0,0,-8,-0.3256,
1,132,389,0,0,-8,-0.3256,
1,133,377,0,0,-8,-0.3256,
1,134,266,0,0,-8,-0.3256,
1,135,349,0,0,-8,-0.3256,
1,131,-890,0,0,2,0.0616,
1,132,-791,0,0,2,0.0664,
1,133,-820,0,0,2,0.0661,
1,134,-866,0,0,2,0.0731,
1,135,-896,0,0,2,0.0731,
1,131,-615,0,0,-25,-0.4139,
1,132,-624,0,0,-25,-0.407,
1,133,-641,0,0,-25,-0.407,
1,134,-544,0,0,-25,-0.407,
1,135,-554,0,0,-25,-0.407,
1,131,-875,0,0,-13,-0.329,
1,132,-891,0,0,-13,-0.329,
1,133,-991,0,0,-13,-0.3412,
1,134,-975,0,0,-13,-0.3412,
1,135,-959,0,0,-13,-0.3412,
1,131,-13,0,0,-5,0.0879,
1,132,-43,0,0,-7,0.0779,
1,133,-83,0,0,-7,0.0682,
1,134,-107,0,0,-7,0.0588,
1,135,-134,0,0,-5,0.0596,
0,131,1094,0,0,30,0.3673,
0,132,1120,0,0,30,0.3673,
0,133,741,0,0,30,0.3673,
0,134,762,0,0,30,0.3673,
0,135,767,0,0,30,0.3673,
1,131,-571,0,0,-19,-0.3065,
1,132,-557,0,0,-19,-0.3065,
1,133,-549,0,0,-19,-0.3065,
1,134,-550,0,0,-19,-0.3065,
1,135,-544,0,0,-19,-0.3065,
0,131,152,0,0,-16,-0.2069,
0,132,172,0,0,-17,-0.214,
0,133,202,0,0,-18,-0.2277,
0,134,223,0,0,-19,-0.2272,
0,135,252,0,0,-20,-0.2272,
0,131,640,0,0,-17,-0.2082,
0,132,647,0,0,-16,-0.1937,
0,133,670,0,0,-16,-0.1937,
0,134,577,0,0,-14,-0.1896,
0,135,560,0,0,-14,-0.1892,
1,131,-126,0,0,4,0.0989,
1,132,-134,0,0,4,0.1027,
1,133,-33,0,0,4,0.1032,
1,134,-56,0,0,4,0.1002,
1,135,-82,0,0,4,0.0975,
0,131,-172,0,0,7,0.1521,
0,132,-196,0,0,7,0.1517,
0,133,-104,0,0,7,0.1517,
0,134,-104,0,0,7,0.1517,
0,135,-68,0,0,8,0.149,
1,131,-63,0,0,-8,-0.2543,
1,132,69,0,0,-7,-0.2522,
1,133,52,0,0,-7,-0.2522,
1,134,-9,0,0,-7,-0.2522,
1,135,-154,0,0,-7,-0.2522,
0,131,211,0,0,6,0.2408,
0,132,315,0,0,6,0.2408,
0,133,203,0,0,5,0.2419,
0,134,186,0,0,4,0.2321,
0,135,187,0,0,4,0.2253,
1,131,177,0,0,-15,-0.1798,
1,132,139,0,0,-15,-0.1798,
1,133,123,0,0,-13,-0.1788,
1,134,131,0,0,-13,-0.1778,
1,135,163,0,0,-13,-0.1778,
1,131,-595,0,0,-9,-0.178,
1,132,-587,0,0,-9,-0.178,
1,133,-579,0,0,-9,-0.178,
1,134,-571,0,0,-9,-0.1816,
1,135,-665,0,0,-7,-0.1872,
1,131,-298,0,0,-34,-0.4609,
1,132,-803,0,0,-34,-0.4628,
1,133,-804,0,0,-34,-0.4628,
1,134,-710,0,0,-34,-0.4628,
1,135,-726,0,0,-34,-0.4628,
1,131,-306,0,0,-18,-0.1906,
1,132,-296,0,0,-18,-0.2016,
1,133,-180,0,0,-21,-0.2106,
1,134,-57,0,0,-22,-0.2254,
1,135,-176,0,0,-23,-0.2369,
0,131,557,0,0,9,0.2789,
0,132,546,0,0,10,0.2824,
0,133,521,0,0,10,0.2816,
0,134,498,0,0,9,0.2781,
0,135,501,0,0,9,0.2781,
1,131,-893,0,0,-29,-0.3297,
1,132,-891,0,0,-29,-0.3275,
1,133,-891,0,0,-29,-0.3275,
1,134,-891,0,0,-29,-0.3275,
1,135,-1007,0,0,-29,-0.3208,
0,131,-489,0,0,-4,-0.0966,
0,132,-577,0,0,-5,-0.0835,
0,133,-549,0,0,-6,-0.0704,
0,134,-413,0,0,-5,-0.0573,
0,135,-260,0,0,-3,-0.0433,
1,131,194,0,0,17,0.3508,
1,132,146,0,0,17,0.3524,
1,133,119,0,0,17,0.354,
1,134,230,0,0,17,0.3668,
1,135,441,0,0,17,0.3793,
0,131,165,0,0,10,-0.0924,
0,132,393,0,0,10,-0.0908,
0,133,409,0,0,10,-0.0888,
0,134,422,0,0,8,-0.0871,
0,135,949,0,0,8,-0.0851,
0,131,314,0,0,15,0.2497,
0,132,317,0,0,15,0.2495,
0,133,321,0,0,15,0.2495,
0,134,309,0,0,15,0.2495,
0,135,318,0,0,13,0.2505,
0,131,1895,0,0,52,0.7604,
0,132,1895,0,0,52,0.7604,
0,133,1773,0,0,52,0.7604,
0,134,1767,0,0,52,0.7604,
0,135,1869,0,0,52,0.7604,
0,131,-69,0,0,9,0.1935,
0,132,-56,0,0,8,0.202,
0,133,-67,0,0,9,0.2102,
0,134,-141,0,0,9,0.2102,
0,135,-108,0,0,9,0.2115,
0,131,797,0,0,14,0.2474,
0,132,797,0,0,15,0.2606,
0,133,689,0,0,15,0.2606,
0,134,681,0,0,14,0.2726,
0,135,674,0,0,15,0.2834,
0,131,412,0,-1.800000,26,0.2502,
0,132,431,0,-4.200000,26,0.2483,
0,133,443,0,-6.600000,26,0.2483,
0,134,455,0,-9.000000,26,0.2483,
0,135,459,0,-11.400000,28,0.26,
1,131,-81,0,0,-2,0.0792,
1,132,-82,0,0,-2,0.0806,
1,133,313,0,0,-2,0.0782,
1,134,293,0,0,-2,0.0766,
1,135,181,0,0,-2,0.0766,
0,131,930,0,0,30,0.6788,
0,132,822,0,0,30,0.6788,
0,133,814,0,0,30,0.6788,
0,134,823,0,0,30,0.6788,
0,135,847,0,0,30,0.6788,
0,131,364,0,0,11,0.2118,
0,132,364,0,0,11,0.2118,
0,133,372,0,0,11,0.2118,
0,134,278,0,0,12,0.2115,
0,135,303,0,0,10,0.2079,
1,131,-749,0,0,-19,-0.1297,
1,132,-756,0,0,-19,-0.1297,
1,133,-763,0,0,-19,-0.1297,
1,134,-864,0,0,-19,-0.1297,
1,135,-865,0,0,-19,-0.1279,
1,131,-663,0,0,-24,-0.3167,
1,132,-663,0,0,-21,-0.3088,
1,133,-659,0,0,-21,-0.3036,
1,134,-665,0,0,-21,-0.3036,
1,135,-671,0,0,-21,-0.3036,
0,131,945,0,0,9,0.168,
0,132,927,0,0,9,0.168,
0,133,935,0,0,9,0.168,
0,134,857,0,0,9,0.168,
0,135,897,0,0,9,0.1647,
1,131,68,0,0,-31,-0.3303,
1,132,84,0,0,-31,-0.3303,
1,133,88,0,0,-33,-0.358,
1,134,80,0,0,-33,-0.358,
1,135,69,0,0,-33,-0.358,
0,131,-218,0,0,18,0.4146,
0,132,-232,0,0,18,0.4109,
0,133,-246,0,0,18,0.4109,
0,134,-352,0,0,17,0.4109,
0,135,-358,0,0,17,0.4109,
0,131,448,0,0,12,0.3478,
0,132,464,0,0,12,0.3478,
0,133,568,0,0,14,0.3357,
0,134,676,0,0,14,0.3231,
0,135,675,0,0,13,0.3167,
1,131,-905,0,0,-15,-0.2784,
1,132,-899,0,0,-16,-0.2824,
1,133,-1010,0,0,-17,-0.2851,
1,134,-1029,0,0,-17,-0.2886,
1,135,-1056,0,0,-17,-0.2886,
1,131,-828,0,0,-24,-0.3033,
1,132,-970,0,0,-25,-0.3067,
1,133,-1095,0,0,-25,-0.3058,
1,134,-1109,0,0,-26,-0.3054,
1,135,-1111,0,0,-26,-0.3099,
0,131,1847,0,0,40,0.7706,
0,132,1351,0,0,40,0.7706,
0,133,1370,0,0,40,0.7706,
0,134,1463,0,0,40,0.7706,
0,135,1475,0,0,39,0.7697,
1,131,-112,0,0,-18,-0.3732,
1,132,3,0,0,-19,-0.3763,
1,133,-95,0,0,-19,-0.3808,
1,134,-101,0,0,-19,-0.3808,
1,135,-227,0,0,-19,-0.3808,
0,131,12,0,0,-6,0.1537,
0,132,28,0,0,-6,0.1571,
0,133,-179,0,0,-7,0.1606,
0,134,-178,0,0,-7,0.1579,
0,135,-158,0,0,-7,0.1553,
0,131,620,0,0,24,0.3152,
0,132,512,0,0,23,0.3212,
0,133,525,0,0,23,0.326,
0,134,533,0,0,23,0.323,
0,135,542,0,0,23,0.323,
1,131,-248,0,0,7,-0.0842,
1,132,-230,0,0,7,-0.0842,
1,133,-207,0,0,7,-0.0842,
1,134,-185,0,0,7,-0.0842,
1,135,-58,0,0,7,-0.0842,
1,131,382,0,0,-2,0.0245,
1,132,378,0,0,-2,0.0245,
1,133,379,0,0,-1,0.0095,
1,134,280,0,0,-2,-0.0125,
1,135,367,0,0,-4,-0.0344,
1,131,-316,0,0,-2,0.007,
1,132,-313,0,0,-2,-0.0072,
1,133,-320,0,0,-3,-0.0218,
1,134,-307,0,0,-2,-0.0308,
1,135,-285,0,0,-4,-0.042,
0,131,594,0,0,22,0.1998,
0,132,602,0,0,25,0.2065,
0,133,610,0,0,26,0.2112,
0,134,621,0,0,27,0.2166,
0,135,632,0,0,26,0.2252,
1,131,-110,0,0,-14,-0.1782,
1,132,-630,0,0,-14,-0.1809,
1,133,-746,0,0,-14,-0.182,
1,134,-762,0,0,-14,-0.182,
1,135,-778,0,0,-14,-0.1855,
0,131,32,0,0,8,0.1475,
0,132,148,0,0,9,0.1551,
0,133,151,0,0,10,0.1658,
0,134,155,0,0,12,0.1768,
0,135,159,0,0,14,0.1859,
1,131,-1687,0,0,-31,-0.4961,
1,132,-1691,0,0,-31,-0.4961,
1,133,-1695,0,0,-31,-0.4961,
1,134,-1691,0,0,-31,-0.4961,
1,135,-1699,0,0,-31,-0.4961,
0,131,866,0,0,24,0.3754,
0,132,992,0,0,23,0.3859,
0,133,1008,0,0,23,0.3912,
0,134,1021,0,0,25,0.4002,
0,135,1030,0,0,25,0.4002,
0,131,913,0,0,29,0.3369,
0,132,929,0,0,29,0.3369,
0,133,949,0,0,29,0.3369,
0,134,961,0,0,30,0.3369,
0,135,1073,0,0,29,0.32,
1,131,-353,0,0,-15,-0.2937,
1,132,-273,0,0,-16,-0.2932,
1,133,-387,0,0,-16,-0.2913,
1,134,-381,0,0,-16,-0.2913,
1,135,-391,0,0,-16,-0.2913,
1,131,411,0,0,-13,-0.2446,
1,132,328,0,0,-14,-0.2514,
1,133,-152,0,0,-14,-0.2514,
1,134,-132,0,0,-14,-0.2514,
1,135,-124,0,0,-14,-0.2514,
1,131,-1090,0,0,12,0.2542,
1,132,-1098,0,0,12,0.2542,
1,133,-1094,0,0,12,0.2572,
1,134,-1088,0,0,13,0.2602,
1,135,-1082,0,0,13,0.2602,
1,131,-729,0,0,-17,-0.2631,
1,132,-726,0,0,-17,-0.2635,
1,133,-833,0,0,-17,-0.2607,
1,134,-834,0,0,-17,-0.2607,
1,135,-843,0,0,-20,-0.2641,
1,131,-1128,0,0,-3,-0.0497,
1,132,-1160,0,0,-3,-0.0497,
1,133,-1156,0,0,-6,-0.0552,
1,134,-1153,0,0,-6,-0.0562,
1,135,-1146,0,0,-5,-0.055,
0,131,176,0,0,9,0.2317,
0,132,74,0,0,9,0.2317,
0,133,82,0,0,9,0.2317,
0,134,-28,0,0,9,0.2293,
0,135,77,0,0,9,0.2293,
1,131,-715,0,0,-20,-0.1913,
1,132,-857,0,0,-17,-0.1728,
1,133,-886,0,0,-17,-0.1726,
1,134,-908,0,0,-17,-0.1718,
1,135,-808,0,0,-17,-0.1718,
1,131,-880,0,0,-9,-0.2862,
1,132,-872,0,0,-9,-0.2862,
1,133,-856,0,0,-9,-0.2862,
1,134,-748,0,0,-9,-0.2856,
1,135,-724,0,0,-9,-0.2856,
0,131,-176,0,0,2,0.0587,
0,132,-126,0,0,2,0.0617,
0,133,-83,0,0,4,0.0642,
0,134,-56,0,0,4,0.0595,
0,135,-30,0,0,4,0.0595,
0,131,346,0,0,10,0.0826,
0,132,331,0,0,14,0.0924,
0,133,317,0,0,15,0.1007,
0,134,212,0,0,15,0.0965,
0,135,204,0,0,14,0.0855,
1,131,-288,0,0,-22,-0.1898,
1,132,-300,0,0,-22,-0.1898,
1,133,-312,0,0,-22,-0.1934,
1,134,-329,0,0,-22,-0.1961,
1,135,-811,0,0,-23,-0.1963,
1,131,-821,0,0,-23,-0.3532,
1,132,-823,0,0,-23,-0.3602,
1,133,-626,0,0,-23,-0.3592,
1,134,-625,0,0,-23,-0.3592,
1,135,-633,0,0,-23,-0.3608,
0,131,-257,0,0,1,0.1094,
0,132,-226,0,0,2,0.108,
0,133,-232,0,0,3,0.104,
0,134,-231,0,0,3,0.102,
0,135,-194,0,0,3,0.0988,
0,131,1767,0,0,29,0.3401,
0,132,1783,0,0,29,0.3401,
0,133,1783,0,0,29,0.3401,
0,134,1791,0,0,29,0.3401,
0,135,1799,0,0,29,0.3401,
0,131,693,0,0,19,0.254,
0,132,795,0,0,19,0.2542,
0,133,794,0,0,19,0.2542,
0,134,789,0,0,19,0.2542,
0,135,777,0,0,19,0.2542,
0,131,204,0,0,4,0.0719,
0,132,290,0,0,6,0.0735,
0,133,251,0,0,6,0.0725,
0,134,155,0,0,6,0.0725,
0,135,163,0,0,6,0.0698,
1,131,4,0,0,-7,-0.1041,
1,132,6,0,0,-7,-0.1041,
1,133,-12,0,0,-7,-0.1041,
1,134,-8,0,0,-7,-0.1059,
1,135,-16,0,0,-7,-0.1059,
0,131,589,0,0,16,0.3565,
0,132,602,0,0,16,0.3534,
0,133,628,0,0,16,0.361,
0,134,645,0,0,19,0.3666,
0,135,1051,0,0,20,0.373,
1,131,-685,0,0,5,-0.2217,
1,132,-677,0,0,5,-0.2217,
1,133,-658,0,0,4,-0.2227,
1,134,-650,0,0,4,-0.2227,
1,135,-650,0,0,4,-0.2227,
0,131,619,0,0,24,0.3137,
0,132,725,0,0,25,0.3137,
0,133,721,0,0,24,0.3071,
0,134,704,0,0,22,0.3001,
0,135,705,0,0,22,0.3001,
0,131,184,0,0,4,0.062,
0,132,177,0,0,5,0.0678,
0,133,187,0,0,5,0.0713,
0,134,195,0,0,5,0.0713,
0,135,203,0,0,5,0.0713,
0,131,191,0,0,21,0.5226,
0,132,308,0,0,22,0.5288,
0,133,323,0,0,22,0.5318,
0,134,249,0,0,22,0.5318,
0,135,378,0,0,22,0.5318,
0,131,614,0,0,-1,0.2583,
0,132,612,0,0,-1,0.2583,
0,133,622,0,0,-1,0.2583,
0,134,625,0,0,-1,0.2593,
0,135,514,0,0,-1,0.261,
1,131,161,0,0,-13,-0.2144,
1,132,143,0,0,-12,-0.2081,
1,133,18,0,0,-11,-0.2032,
1,134,21,0,0,-10,-0.1984,
1,135,-102,0,0,-8,-0.2124,
0,131,375,0,0,13,0.2846,
0,132,376,0,0,15,0.2867,
0,133,283,0,0,13,0.2789,
0,134,278,0,0,12,0.2742,
0,135,275,0,0,11,0.2657,
0,131,498,0,0,8,0.0543,
0,132,506,0,0,8,0.0563,
0,133,526,0,0,8,0.0583,
0,134,446,0,0,9,0.0655,
0,135,467,0,0,9,0.0759,
0,131,778,0,0,20,0.3653,
0,132,898,0,0,20,0.3653,
0,133,890,0,0,20,0.3653,
0,134,989,0,0,20,0.3653,
0,135,1004,0,0,20,0.3653,
0,131,122,0,0,7,-0.0169,
0,132,19,0,0,9,-0.0088,
0,133,17,0,0,9,-0.01,
0,134,123,0,0,9,-0.0101,
0,135,120,0,0,8,-0.0074,
1,131,-1119,0,0,-11,-0.2013,
1,132,-1169,0,0,-12,-0.2009,
1,133,-1176,0,0,-12,-0.1899,
1,134,-1165,0,0,-12,-0.1893,
1,135,-1225,0,0,-12,-0.1871,
1,131,-1468,0,0,-48,-0.8107,
1,132,-1460,0,0,-48,-0.8107,
1,133,-1464,0,0,-48,-0.8107,
1,134,-1468,0,0,-48,-0.8107,
1,135,-1468,0,0,-48,-0.8107,
0,131,786,0,0,13,0.1786,
0,132,802,0,0,13,0.1786,
0,133,812,0,0,13,0.1774,
0,134,824,0,0,13,0.1774,
0,135,718,0,0,13,0.1777,
0,131,-299,0,0,-7,-0.0166,
0,132,-191,0,0,-7,-0.0166,
0,133,-199,0,0,-7,-0.0166,
0,134,-191,0,0,-7,-0.0166,
0,135,-167,0,0,-7,-0.0166,
0,131,-601,0,0,-12,-0.2467,
0,132,-613,0,0,-12,-0.2426,
0,133,-645,0,0,-12,-0.238,
0,134,-677,0,0,-12,-0.2334,
0,135,-585,0,0,-12,-0.2287,
1,131,-785,0,0,-38,-0.479,
1,132,-801,0,0,-38,-0.479,
1,133,-795,0,0,-38,-0.48,
1,134,-803,0,0,-38,-0.48,
1,135,-827,0,0,-38,-0.4953,
1,131,-482,0,0,-21,-0.3066,
1,132,-480,0,0,-21,-0.3183,
1,133,-397,0,0,-21,-0.3299,
1,134,-397,0,0,-22,-0.3416,
1,135,-388,0,0,-23,-0.3482,
0,131,554,0,0,13,0.2981,
0,132,599,0,0,11,0.2949,
0,133,614,0,0,11,0.291,
0,134,627,0,0,11,0.3068,
0,135,627,0,0,11,0.3072,
1,131,-1311,0,0,-7,-0.078,
1,132,-1423,0,0,-7,-0.078,
1,133,-1507,0,0,-7,-0.078,
1,134,-1471,0,0,-7,-0.078,
1,135,-938,0,0,-7,-0.0792,
1,131,-1238,0,0,-18,-0.2512,
1,132,-1253,0,0,-18,-0.2508,
1,133,-1150,0,0,-18,-0.2508,
1,134,-755,0,0,-18,-0.2508,
1,135,-752,0,0,-18,-0.2508,
0,131,566,0,0,15,0.1011,
0,132,582,0,0,15,0.1011,
0,133,606,0,0,15,0.1011,
0,134,632,0,0,15,0.1011,
0,135,738,0,0,15,0.1006,
1,131,26,0,0,12,-0.0662,
1,132,-82,0,0,12,-0.0662,
1,133,-82,0,0,12,-0.0662,
1,134,-82,0,0,12,-0.0662,
1,135,-82,0,0,12,-0.0662,
0,131,364,0,0,13,0.0779,
0,132,392,0,0,13,0.0981,
0,133,404,0,0,13,0.1019,
0,134,300,0,0,12,0.0999,
0,135,702,0,0,13,0.0863,
0,131,994,0,0,27,0.5999,
0,132,1007,0,0,30,0.6053,
0,133,1044,0,0,26,0.6108,
0,134,951,0,0,24,0.6119,
0,135,954,0,0,23,0.617,
1,131,-60,0,0,-4,-0.214,
1,132,-62,0,0,-3,-0.2084,
1,133,49,0,0,-4,-0.2059,
1,134,7,0,0,-4,-0.2083,
1,135,-20,0,0,-4,-0.2083,
1,131,3,0,0,-4,-0.155,
1,132,-10,0,0,-4,-0.1579,
1,133,-123,0,0,-4,-0.1558,
1,134,-113,0,0,-4,-0.1588,
1,135,-618,0,0,-4,-0.1617,
1,131,85,0,0,-5,-0.0252,
1,132,57,0,0,-5,-0.0192,
1,133,49,0,0,-5,-0.0192,
1,134,41,0,0,-5,-0.0192,
1,135,48,0,0,-5,-0.0192,
0,131,62,0,0,32,0.4746,
0,132,174,0,0,32,0.4762,
0,133,181,0,0,33,0.4792,
0,134,168,0,0,33,0.4822,
0,135,177,0,0,31,0.4849,
1,131,-110,0,0,-7,0.0257,
1,132,-92,0,0,-8,0.0283,
1,133,-592,0,0,-8,0.0258,
1,134,-478,0,0,-10,0.0229,
1,135,-474,0,0,-10,0.0229,
0,131,563,0,0,11,0.0135,
0,132,701,0,0,11,0.0135,
0,133,731,0,0,10,0.0162,
0,134,751,0,0,8,0.0189,
0,135,787,0,0,7,0.0215,
0,131,604,0,0,-5,-0.1886,
0,132,619,0,0,-5,-0.1886,
0,133,513,0,0,-5,-0.1886,
0,134,523,0,0,-5,-0.1886,
0,135,533,0,0,-6,-0.1955,
1,131,-1305,0,0,-13,-0.2055,
1,132,-1319,0,0,-13,-0.212,
1,133,-1355,0,0,-11,-0.218,
1,134,-1381,0,0,-11,-0.218,
1,135,-1393,0,0,-11,-0.218,
1,131,344,0,0,-12,-0.1033,
1,132,354,0,0,-12,-0.1033,
1,133,373,0,0,-12,-0.1136,
1,134,374,0,0,-12,-0.1159,
1,135,356,0,0,-12,-0.1159,
1,131,-122,0,0,-14,-0.1579,
1,132,-118,0,0,-14,-0.1579,
1,133,-114,0,0,-14,-0.1579,
1,134,-110,0,0,-14,-0.1579,
1,135,-6,0,0,-15,-0.1458,
0,131,479,0,0,-3,0.1087,
0,132,493,0,0,-3,0.1087,
0,133,493,0,0,-3,0.1087,
0,134,493,0,0,-3,0.1087,
0,135,493,0,0,-3,0.1087,
0,131,390,0,0,24,0.4355,
0,132,533,0,0,23,0.4301,
0,133,558,0,0,21,0.4312,
0,134,463,0,0,20,0.4299,
0,135,369,0,0,19,0.4286,
0,131,-19,0,0,1,0.0285,
0,132,-27,0,0,1,0.0285,
0,133,-53,0,0,1,0.0285,
0,134,-69,0,0,1,0.0285,
0,135,-192,0,0,1,0.0285,
1,131,-1152,0,0,-3,-0.2075,
1,132,-1173,0,0,-3,-0.2094,
1,133,-1175,0,0,-4,-0.2083,
1,134,-1175,0,0,-6,-0.2036,
1,135,-1176,0,0,-8,-0.1971,
1,131,-346,0,0,-21,-0.4759,
1,132,-348,0,0,-21,-0.4657,
1,133,-351,0,0,-21,-0.4688,
1,134,-357,0,0,-20,-0.4695,
1,135,-261,0,0,-21,-0.4695,
0,131,201,0,0,16,0.2078,
0,132,219,0,0,15,0.2144,
0,133,245,0,0,14,0.2115,
0,134,389,0,0,14,0.2089,
0,135,409,0,0,14,0.2062,
0,131,184,0,0,5,0.153,
0,132,177,0,0,5,0.1571,
0,133,186,0,0,1,0.1677,
0,134,179,0,0,-1,0.1746,
0,135,168,0,0,-1,0.1936,
0,131,693,0,0,9,0.101,
0,132,685,0,0,9,0.1073,
0,133,685,0,0,8,0.1048,
0,134,685,0,0,8,0.1092,
0,135,685,0,0,8,0.1136,
0,131,826,0,0,21,0.3589,
0,132,830,0,0,21,0.3589,
0,133,858,0,0,21,0.3589,
0,134,878,0,0,21,0.3589,
0,135,898,0,0,21,0.3589,
0,131,353,0,0,-10,-0.2976,
0,132,364,0,0,-12,-0.2982,
0,133,375,0,0,-12,-0.2987,
0,134,386,0,0,-12,-0.2987,
0,135,404,0,0,-12,-0.2987,
0,131,530,0,0,18,0.3229,
0,132,528,0,0,19,0.3258,
0,133,522,0,0,19,0.3288,
0,134,530,0,0,19,0.3288,
0,135,564,0,0,19,0.3288,
0,131,611,0,0,21,0.3393,
0,132,634,0,0,22,0.3434,
0,133,658,0,0,22,0.3463,
0,134,683,0,0,22,0.3463,
0,135,700,0,0,22,0.3463,
0,131,214,0,0,3,-0.0064,
0,132,120,0,0,3,-0.0041,
0,133,128,0,0,4,-0.0029,
0,134,153,0,0,3,-0.007,
0,135,273,0,0,3,-0.0121,
0,131,112,0,0,13,0.2376,
0,132,110,0,0,14,0.2414,
0,133,108,0,0,11,0.2442,
0,134,107,0,0,13,0.2469,
0,135,108,0,0,13,0.2517,
1,131,-503,0,0,-14,-0.3104,
1,132,-505,0,0,-15,-0.3127,
1,133,-489,0,0,-16,-0.3332,
1,134,-374,0,0,-17,-0.337,
1,135,-361,0,0,-17,-0.337,
1,131,-7,0,0,1,0.2481,
1,132,9,0,0,1,0.2481,
1,133,21,0,0,1,0.2545,
1,134,26,0,0,1,0.256,
1,135,32,0,0,2,0.2563,
1,131,-10,0,0,-5,-0.2282,
1,132,14,0,0,-5,-0.2282,
1,133,38,0,0,-5,-0.2282,
1,134,46,0,0,-5,-0.2282,
1,135,-452,0,0,-5,-0.2214,
0,131,467,0,0,9,0.1112,
0,132,463,0,0,9,0.1112,
0,133,467,0,0,9,0.1112,
0,134,451,0,0,9,0.1112,
0,135,427,0,0,9,0.1206,
1,131,-696,0,0,-7,-0.03,
1,132,-736,0,0,-5,-0.0186,
1,133,-229,0,0,-6,-0.0163,
1,134,-117,0,0,-4,-0.0157,
1,135,-105,0,0,-4,-0.0157,
0,131,-585,0,0,8,0.0963,
0,132,-477,0,0,8,0.0963,
0,133,-469,0,0,8,0.0963,
0,134,-467,0,0,8,0.0963,
0,135,-450,0,0,8,0.0978,
0,131,134,0,0,7,0.1766,
0,132,659,0,0,8,0.1801,
0,133,683,0,0,8,0.1844,
0,134,699,0,0,11,0.1953,
0,135,804,0,0,11,0.2039,
0,131,798,0,0,-1,-0.0052,
0,132,922,0,0,-1,-0.0029,
0,133,928,0,0,-1,-0.0061,
0,134,920,0,0,-1,-0.0103,
0,135,919,0,0,-1,-0.0104,
0,131,476,0,0,31,0.3567,
0,132,476,0,0,31,0.3567,
0,133,695,0,0,35,0.3777,
0,134,697,0,0,35,0.3879,
0,135,698,0,0,35,0.3879,
0,131,663,0,0,16,0.1009,
0,132,696,0,0,18,0.1166,
0,133,214,0,0,19,0.1249,
0,134,215,0,0,20,0.1345,
0,135,109,0,0,20,0.1419,
1,131,-605,0,0,-5,-0.0678,
1,132,-595,0,0,-5,-0.0665,
1,133,-603,0,0,-6,-0.069,
1,134,-611,0,0,-6,-0.0706,
1,135,-607,0,0,-4,-0.0722,
1,131,-948,0,0,-14,-0.2863,
1,132,-940,0,0,-14,-0.2863,
1,133,-824,0,0,-14,-0.2863,
1,134,-706,0,0,-14,-0.2863,
1,135,-698,0,0,-14,-0.2863,
1,131,-809,0,0,6,0.0946,
1,132,-828,0,0,8,0.0828,
1,133,-839,0,0,8,0.072,
1,134,-864,0,0,8,0.0707,
1,135,-970,0,0,8,0.0707,
1,131,-476,0,0,-12,-0.2052,
1,132,-503,0,0,-12,-0.2052,
1,133,-402,0,0,-11,-0.2042,
1,134,-402,0,0,-10,-0.2032,
1,135,-406,0,0,-10,-0.2022,
0,131,-332,0,0,-11,-0.1563,
0,132,-312,0,0,-11,-0.1523,
0,133,-316,0,0,-11,-0.1523,
0,134,-302,0,0,-11,-0.1512,
0,135,-415,0,0,-11,-0.1542,
0,131,1020,0,0,35,0.5154,
0,132,1036,0,0,35,0.5154,
0,133,947,0,0,35,0.5194,
0,134,1461,0,0,35,0.5234,
0,135,1483,0,0,35,0.5274,
0,131,731,0,0,25,0.5386,
0,132,739,0,0,25,0.5386,
0,133,767,0,0,25,0.5386,
0,134,1409,0,0,25,0.5386,
0,135,1449,0,0,24,0.5429,
1,131,-876,0,0,-6,-0.1883,
1,132,-952,0,0,-7,-0.1943,
1,133,-924,0,0,-7,-0.1943,
1,134,-788,0,0,-7,-0.1943,
1,135,-748,0,0,-7,-0.1943,
1,131,-537,0,0,-15,-0.3048,
1,132,-536,0,0,-15,-0.3048,
1,133,-536,0,0,-15,-0.3057,
1,134,-559,0,0,-14,-0.3038,
1,135,-577,0,0,-14,-0.3018,
0,131,1059,0,0,38,0.497,
0,132,1070,0,0,39,0.5073,
0,133,1076,0,0,39,0.5145,
0,134,1213,0,0,39,0.5139,
0,135,1233,0,0,39,0.5139,
1,131,-230,0,0,12,0.0065,
1,132,-108,0,0,12,0.0065,
1,133,-200,0,0,12,0.0065,
1,134,-91,0,0,11,0.0108,
1,135,-88,0,0,12,0.0151,
0,131,-443,0,0,-10,-0.2287,
0,132,-448,0,0,-10,-0.2254,
0,133,-458,0,0,-11,-0.2249,
0,134,-469,0,0,-11,-0.2243,
0,135,-287,0,0,-11,-0.2162,
0,131,95,0,0,22,0.1379,
0,132,262,0,0,21,0.1262,
0,133,404,0,0,21,0.1087,
0,134,442,0,0,21,0.0916,
0,135,452,0,0,21,0.0931,
0,131,948,0,0,4,-0.1072,
0,132,948,0,0,4,-0.1142,
0,133,940,0,0,4,-0.1211,
0,134,940,0,0,2,-0.123,
0,135,940,0,0,2,-0.1249,
0,131,385,0,0,15,0.1031,
0,132,424,0,0,14,0.0965,
0,133,446,0,0,13,0.09,
0,134,553,0,0,13,0.0873,
0,135,540,0,0,13,0.0847,
0,131,124,0,0,11,0.4221,
0,132,111,0,0,11,0.4221,
0,133,98,0,0,11,0.4221,
0,134,91,0,0,11,0.4221,
0,135,84,0,0,11,0.4221,
0,131,510,0,0,25,0.2654,
0,132,517,0,0,25,0.2656,
0,133,520,0,0,25,0.2666,
0,134,626,0,0,25,0.2676,
0,135,618,0,0,26,0.2722,
0,131,-35,0,0,5,-0.0276,
0,132,-44,0,0,5,-0.0348,
0,133,-61,0,0,5,-0.0563,
0,134,10,0,0,4,-0.0555,
0,135,-112,0,0,4,-0.0518,
0,131,-102,0,0,2,0.0201,
0,132,-94,0,0,2,0.0201,
0,133,-80,0,0,2,0.0201,
0,134,-64,0,0,2,0.0201,
0,135,-57,0,0,1,0.0281,
1,131,-482,0,0,14,0.2434,
1,132,-474,0,0,14,0.2434,
1,133,-448,0,0,14,0.2434,
1,134,-422,0,0,14,0.2434,
1,135,-595,0,0,14,0.2461,
1,131,-216,0,0,1,0.1814,
1,132,-235,0,0,2,0.1793,
1,133,-254,0,0,2,0.1813,
1,134,-275,0,0,2,0.1833,
1,135,-299,0,0,2,0.1793,
0,131,167,0,0,1,0.0447,
0,132,175,0,0,0,0.0467,
0,133,158,0,0,-3,0.037,
0,134,140,0,0,-3,0.0278,
0,135,122,0,0,-4,0.0227,
1,131,-1308,0,0,-26,-0.2928,
1,132,-1351,0,0,-23,-0.2968,
1,133,-1376,0,0,-20,-0.3024,
1,134,-1402,0,-3.000000,-19,-0.3076,
1,135,-1399,0,-3.000000,-19,-0.3096,
1,131,-752,0,0,3,0.136,
1,132,-848,0,0,4,0.1372,
1,133,-917,0,0,3,0.1385,
1,134,-773,0,0,3,0.1482,
1,135,-741,0,0,3,0.1509,
0,131,9,0,0,7,-0.0626,
0,132,9,0,0,7,-0.0626,
0,133,14,0,0,7,-0.0546,
0,134,-210,0,0,11,-0.0532,
0,135,-230,0,0,11,-0.0244,
1,131,-1810,0,0,-33,-0.2609,
1,132,-1826,0,0,-33,-0.2609,
1,133,-1730,0,0,-33,-0.2609,
1,134,-1748,0,0,-33,-0.2609,
1,135,-1758,0,0,-33,-0.2609,
1,131,-774,0,0,-9,-0.2879,
1,132,-782,0,0,-10,-0.2849,
1,133,-781,0,0,-9,-0.2825,
1,134,-693,0,0,-10,-0.2797,
1,135,-699,0,0,-10,-0.2797,
0,131,873,0,0,20,0.4833,
0,132,881,0,0,20,0.4982,
0,133,913,0,0,23,0.5136,
0,134,936,0,0,23,0.5171,
0,135,1024,0,0,25,0.5178,
1,131,-1051,0,0,-37,-0.4716,
1,132,-1060,0,0,-36,-0.4676,
1,133,-1092,0,0,-36,-0.4642,
1,134,-1124,0,0,-36,-0.4645,
1,135,-636,0,0,-36,-0.4648,
1,131,-345,0,0,-1,0.1123,
1,132,-373,0,0,-1,0.1123,
1,133,-365,0,0,-1,0.1123,
1,134,-356,0,0,-1,0.0979,
1,135,-348,0,0,0,0.0893,
0,131,300,0,0,30,0.462,
0,132,-204,0,0,30,0.4772,
0,133,-210,0,0,30,0.4712,
0,134,-232,0,0,30,0.4692,
0,135,-236,0,0,30,0.4672,
1,131,-1000,0,0,-42,-0.5342,
1,132,-1013,0,0,-42,-0.5342,
1,133,-1042,0,0,-42,-0.5371,
1,134,-1075,0,0,-43,-0.5401,
1,135,-1109,0,0,-42,-0.5432,
0,131,589,0,0,2,-0.0399,
0,132,581,0,0,2,-0.0399,
0,133,474,0,0,2,-0.0399,
0,134,475,0,0,2,-0.0399,
0,135,484,0,0,2,-0.0399,
0,131,292,0,0,19,0.329,
0,132,289,0,0,18,0.3241,
0,133,290,0,0,17,0.3225,
0,134,294,0,0,18,0.3211,
0,135,215,0,0,19,0.3259,
0,131,1611,0,0,24,0.2798,
0,132,1622,0,0,23,0.2766,
0,133,1721,0,0,22,0.2736,
0,134,1705,0,0,20,0.2706,
0,135,1584,0,0,20,0.2706,
1,131,-117,0,0,-23,-0.1286,
1,132,-109,0,0,-22,-0.1247,
1,133,-124,0,0,-23,-0.118,
1,134,-141,0,0,-20,-0.115,
1,135,-273,0,0,-16,-0.114,
1,131,-1300,0,0,-12,-0.3208,
1,132,-1291,0,0,-13,-0.3303,
1,133,-1282,0,0,-15,-0.3414,
1,134,-1290,0,0,-17,-0.3494,
1,135,-1302,0,0,-18,-0.3573,
0,131,1540,0,0,14,0.2302,
0,132,1532,0.800000,0,14,0.2322,
0,133,1532,2.400000,0,16,0.2363,
0,134,1557,4.000000,0,16,0.2363,
0,135,1566,0,0,16,0.2375,
1,131,-1292,0,-66.200000,-14,-0.0905,
1,132,-1186,0,-67.800000,-14,-0.0905,
1,133,-1220,0,-69.400000,-14,-0.0905,
1,134,-1246,0,-69.400000,-14,-0.0905,
1,135,-1368,0,-69.400000,-12,-0.0862,
1,131,-1510,0,0,-22,-0.2895,
1,132,-1542,0,0,-22,-0.2895,
1,133,-1567,0,0,-23,-0.2929,
1,134,-1483,0,0,-24,-0.2969,
1,135,-1500,0,-2.400000,-26,-0.3009,
1,131,349,0,0,12,0.1733,
1,132,249,0,0,12,0.1733,
1,133,367,0,0,12,0.1733,
1,134,477,0,0,12,0.1733,
1,135,486,0,0,12,0.1768,
1,131,88,0,0,0,0.0008,
1,132,50,0,0,1,-0.0092,
1,133,528,0,0,0,-0.0149,
1,134,526,0,0,0,-0.0136,
1,135,529,0,0,0,-0.0152,
0,131,108,0,0,13,0.2227,
0,132,87,0,0,14,0.2256,
0,133,175,0,0,14,0.2256,
0,134,175,0,0,14,0.2256,
0,135,168,0,0,14,0.2246,
1,131,-183,0,0,8,0.3217,
1,132,-165,0,0,8,0.3217,
1,133,-253,0,0,8,0.3228,
1,134,-141,0,0,7,0.3217,
1,135,-140,0,0,6,0.3183,
0,131,1014,0,0,32,0.5994,
0,132,901,0,0,33,0.6133,
0,133,901,0,0,36,0.6279,
0,134,900,0,0,36,0.6458,
0,135,1410,0,0,36,0.6646,
1,131,265,0,0,-21,-0.3937,
1,132,248,0,0,-21,-0.3969,
1,133,241,0,0,-23,-0.3969,
1,134,210,0,0,-23,-0.3969,
1,135,201,0,0,-24,-0.3942,
1,131,-173,0,0,-3,0.0466,
1,132,-697,0,0,-3,0.0466,
1,133,-696,0,0,-3,0.0543,
1,134,-587,0,0,-2,0.0614,
1,135,-585,0,0,-2,0.0636,
1,131,-1078,0,0,-11,-0.1243,
1,132,-1197,0,0,-11,-0.1267,
1,133,-1206,0,0,-11,-0.1235,
1,134,-1118,0,0,-10,-0.1178,
1,135,-1133,0,0,-10,-0.1178,
0,131,137,0,0,19,0.1594,
0,132,126,0,0,19,0.1574,
0,133,629,0,0,18,0.1565,
0,134,625,0,0,18,0.1565,
0,135,621,0,0,18,0.1565,
0,131,290,0,0,24,0.321,
0,132,296,0,0,24,0.321,
0,133,304,0,0,24,0.321,
0,134,319,0,0,24,0.321,
0,135,359,0,0,24,0.321,
1,131,33,0,0,10,0.1941,
1,132,58,0,0,11,0.1884,
1,133,76,0,0,11,0.1884,
1,134,-438,0,0,11,0.1884,
1,135,-436,0,0,11,0.1884,
1,131,-107,0,0,-11,-0.019,
1,132,-126,0,0,-11,-0.019,
1,133,-230,0,0,-11,-0.019,
1,134,-235,0,0,-12,-0.022,
1,135,-248,0,0,-12,-0.025,
1,131,-407,0,0,-27,-0.2843,
1,132,-412,0,0,-27,-0.2925,
1,133,-418,0,0,-27,-0.2915,
1,134,-323,0,0,-28,-0.3036,
1,135,-327,0,0,-29,-0.317,
0,131,864,0,0,8,0.4451,
0,132,857,0,0,8,0.4436,
0,133,842,0,0,6,0.4442,
0,134,819,0,0,8,0.4478,
0,135,709,0,0,8,0.4478,
1,131,-351,0,0,-30,-0.4071,
1,132,-358,0,0,-31,-0.4129,
1,133,-371,0,0,-31,-0.4158,
1,134,-497,0,0,-33,-0.4187,
1,135,-500,0,0,-35,-0.4302,
0,131,-82,0,0,3,0.2257,
0,132,-103,0,0,0,0.2169,
0,133,-102,0,0,-1,0.2113,
0,134,-94,0,0,-1,0.2074,
0,135,-185,0,0,0,0.2068,
0,131,594,0,0,-7,-0.1162,
0,132,594,0,0,-9,-0.1213,
0,133,594,0,0,-10,-0.1263,
0,134,593,0,0,-11,-0.1272,
0,135,363,0,0,-11,-0.1302,
0,131,-165,0,0,-16,-0.1528,
0,132,-149,0,0,-16,-0.1528,
0,133,-149,0,0,-16,-0.1528,
0,134,-133,0,0,-16,-0.1528,
0,135,-117,0,0,-16,-0.1528,
1,131,-532,0,0,-10,0.0221,
1,132,-559,0,0,-10,0.0183,
1,133,-581,0,0,-10,0.0179,
1,134,-700,0,0,-11,0.0086,
1,135,-189,0,0,-11,0.0036,
1,131,-359,0,0,-4,-0.0448,
1,132,-1010,0,0,-4,-0.0458,
1,133,-989,0,0,-4,-0.0437,
1,134,-976,0,0,-4,-0.0437,
1,135,-877,0,0,-4,-0.0437,
0,131,97,0,0,-10,-0.5443,
0,132,89,0,0,-10,-0.5443,
0,133,89,0,0,-10,-0.5443,
0,134,120,0,0,-13,-0.5491,
0,135,169,0,0,-13,-0.548,
0,131,-58,0,0,-8,-0.026,
0,132,50,0,0,-8,-0.026,
0,133,42,0,0,-7,-0.019,
0,134,-569,0,0,-7,-0.0121,
0,135,-581,0,0,-5,-0.0053,
1,131,-662,0,0,0,0.1101,
1,132,-670,0,0,0,0.1183,
1,133,-654,0,0,0,0.1212,
1,134,-638,0,0,0,0.1212,
1,135,-633,0,0,0,0.1272,
1,131,23,0,0,-30,-0.4608,
1,132,16,0,0,-29,-0.4594,
1,133,18,0,0,-28,-0.4561,
1,134,18,0,0,-29,-0.4608,
1,135,18,0,0,-28,-0.4647,
0,131,697,0,0,11,0.1905,
0,132,817,0,0,11,0.1907,
0,133,836,0,0,11,0.1907,
0,134,867,0,0,11,0.1907,
0,135,897,0,0,11,0.1907,
1,131,-780,0,0,-10,0.0507,
1,132,-762,0,0,-6,0.052,
1,133,-731,0,0,-5,0.0518,
1,134,-708,0,0,-4,0.0468,
1,135,-681,0,0,-5,0.0432,
0,131,250,0,0,1,-0.0193,
0,132,235,0,0,1,-0.0193,
0,133,336,0,0,1,-0.0193,
0,134,456,0,0,1,-0.0193,
0,135,368,0,0,1,-0.0193,
1,131,-690,0,0,-3,-0.042,
1,132,-701,0,0,-3,-0.0274,
1,133,-700,0,0,-1,-0.0186,
1,134,-709,0,0,-1,-0.0186,
1,135,-722,0,0,-1,-0.0186,
1,131,334,0,0,29,0.3412,
1,132,348,0,0,29,0.3412,
1,133,356,0,0,29,0.3412,
1,134,364,0,0,29,0.3412,
1,135,388,0,0,29,0.3412,
0,131,162,0,0,9,0.1028,
0,132,162,0,0,9,0.1028,
0,133,165,0,0,9,0.1028,
0,134,187,0,0,9,0.1028,
0,135,192,0,0,8,0.1048,
1,131,76,0,0,-20,-0.3735,
1,132,55,0,0,-19,-0.3598,
1,133,39,0,0,-18,-0.3451,
1,134,1,0,0,-17,-0.3382,
1,135,-7,0,0,-16,-0.3233,
0,131,-193,0,0,3,0.2791,
0,132,-177,0,0,3,0.2791,
0,133,-181,0,0,3,0.2791,
0,134,-158,0,0,4,0.277,
0,135,-31,0,0,5,0.2749,
1,131,-1093,0,0,-15,-0.0193,
1,132,-1131,0,0,-15,-0.0193,
1,133,-1146,0,0,-16,-0.0206,
1,134,-1153,0,0,-17,-0.023,
1,135,-1148,0,0,-19,-0.0227,
1,131,-26,0,0,-11,-0.3188,
1,132,97,0,0,-11,-0.3188,
1,133,101,0,0,-11,-0.3188,
1,134,114,0,0,-10,-0.3168,
1,135,119,0,0,-10,-0.3148,
0,131,323,0,0,10,0.2191,
0,132,331,0,0,10,0.2203,
0,133,341,0,0,10,0.2173,
0,134,341,0,0,10,0.2173,
0,135,333,0,0,10,0.2173,
0,131,108,0,0,9,0.2355,
0,132,96,0,0,9,0.2355,
0,133,104,0,0,9,0.2355,
0,134,120,0,0,9,0.2355,
0,135,142,0,0,9,0.2318,
0,131,501,0,0,24,0.2743,
0,132,399,0,0,24,0.2743,
0,133,397,0,0,24,0.2829,
0,134,401,0,0,24,0.2915,
0,135,405,0,0,24,0.2927,
1,131,-268,0,0,-19,-0.1855,
1,132,-190,0,0,-19,-0.1855,
1,133,-352,0,0,-19,-0.1855,
1,134,-398,0,0,-20,-0.1901,
1,135,-445,0,0,-19,-0.1901,
1,131,-268,0,0,-21,-0.4,
1,132,-303,0,0,-21,-0.4209,
1,133,-338,0,0,-21,-0.4254,
1,134,-393,0,0,-21,-0.4298,
1,135,-643,0,0,-21,-0.4298,
0,131,284,0,0,12,0.3208,
0,132,297,0,0,12,0.3281,
0,133,309,0,0,12,0.3314,
0,134,320,0,0,12,0.3333,
0,135,317,0,0,13,0.3373,
0,131,71,0,0,-2,-0.1503,
0,132,66,0,0,-2,-0.1553,
0,133,70,0,0,-2,-0.1613,
0,134,89,0,0,-4,-0.1653,
0,135,104,0,0,-7,-0.1643,
0,131,900,0,0,21,0.3027,
0,132,892,0,0,21,0.3027,
0,133,889,0,0,21,0.3027,
0,134,930,0,0,21,0.3027,
0,135,956,0,0,21,0.3064,
0,131,302,0,0,-2,-0.0343,
0,132,324,0,0,-3,-0.0412,
0,133,324,0,0,-3,-0.0452,
0,134,325,0,0,-5,-0.0461,
0,135,451,0,0,-3,-0.0546,
0,131,1298,0,0,24,0.6354,
0,132,1192,0,0,27,0.6461,
0,133,1195,0,0,28,0.6703,
0,134,1196,0,0,29,0.6847,
0,135,1196,0,0,29,0.6943,
1,131,-492,0,0,-9,-0.1122,
1,132,-576,0,0,-13,-0.1222,
1,133,-679,0,0,-13,-0.1222,
1,134,-687,0,0,-13,-0.1222,
1,135,-679,0,0,-13,-0.1222,
0,131,380,0,0,3,-0.1034,
0,132,386,0,0,2,-0.0969,
0,133,364,0,0,0,-0.0918,
0,134,328,0,0,0,-0.088,
0,135,84,0,0,1,-0.0843,
0,131,475,0,0,6,-0.0674,
0,132,479,0,0,5,-0.0558,
0,133,483,0,0,4,-0.0581,
0,134,488,0,0,3,-0.0623,
0,135,504,0,0,3,-0.0623,
1,131,315,0,0,0,-0.0538,
1,132,323,0,0,0,-0.0538,
1,133,201,0,0,-1,-0.0629,
1,134,183,0,0,0,-0.0667,
1,135,167,0,0,-3,-0.0669,
1,131,-1006,0,0,9,-0.084,
1,132,-1006,0,0,9,-0.0871,
1,133,-1014,0,0,9,-0.0851,
1,134,-1014,0,0,9,-0.0821,
1,135,-990,0,0,9,-0.0708,
1,131,-558,0,0,-26,-0.246,
1,132,-566,0,0,-25,-0.2295,
1,133,-574,0,0,-25,-0.2221,
1,134,-583,0,0,-25,-0.2201,
1,135,-690,0,0,-23,-0.2195,
0,131,685,0,0,2,-0.1219,
0,132,690,0,0,2,-0.1025,
0,133,654,0,0,2,-0.0998,
0,134,662,0,0,2,-0.0971,
0,135,565,0,0,0,-0.0795,
1,131,-420,0,0,-12,-0.2712,
1,132,-408,0,0,-12,-0.2712,
1,133,-910,0,0,-12,-0.2769,
1,134,-930,0,0,-16,-0.2736,
1,135,-625,0,0,-16,-0.2847,
0,131,1039,0,0,19,0.3426,
0,132,1027,0,0,19,0.3426,
0,133,1025,0,0,19,0.3412,
0,134,1028,0,0,19,0.3412,
0,135,1023,0,0,19,0.3412,
0,131,332,0,0,24,0.2532,
0,132,343,0,0,24,0.2532,
0,133,354,0,0,24,0.2532,
0,134,376,0,0,24,0.2532,
0,135,398,0,0,24,0.2532,
