1,116,-1385,0.0,0.0,22,0.6334,
1,117,-1359,0.0,0.0,22,0.6377,
1,118,-1335,0.0,0.0,22,0.6377,
1,119,-1311,0.0,0.0,22,0.6377,
1,120,-1287,0.0,0.0,22,0.6377,
1,116,-1628,0.0,0.0,27,0.8642,
1,117,-1745,0.0,0.0,27,0.8642,
1,118,-1759,0.0,0.0,29,0.8691,
1,119,-1773,0.0,0.0,32,0.8732,
1,120,-1785,0.0,0.0,34,0.8771,
1,116,-1201,0.0,0.0,6,0.2194,
1,117,-1186,0.0,0.0,6,0.2194,
1,118,-1171,0.0,0.0,6,0.2669,
1,119,-772,0.0,0.0,6,0.2669,
1,120,-801,0.0,0.0,6,0.2669,
1,116,-755,0.0,0.0,2,0.3148,
1,117,-755,0.0,0.0,4,0.3111,
1,118,-759,0.0,0.0,6,0.3171,
1,119,-756,0.0,0.0,6,0.3147,
1,120,-760,0.0,0.0,6,0.3147,
1,116,-425,0.0,0.0,12,0.6569,
1,117,-417,0.0,0.0,12,0.6569,
1,118,-409,0.0,0.0,12,0.6569,
1,119,-293,0.0,0.0,12,0.6569,
1,120,-285,0.0,0.0,12,0.6569,
1,116,-716,0.0,0.0,16,0.5778,
1,117,-732,0.0,0.0,16,0.6251,
1,118,-872,0.0,0.0,16,0.6483,
1,119,-912,0.0,0.0,16,0.6483,
1,120,-936,0.0,0.0,16,0.6483,
0,116,26,0.0,0.0,23,0.4058,
0,117,-24,0.0,0.0,23,0.4045,
0,118,-49,0.0,0.0,23,0.4045,
0,119,-60,0.0,0.0,23,0.3978,
0,120,-558,0.0,0.0,23,0.3997,
1,116,-1871,0.0,0.0,-4,0.1534,
1,117,-1888,0.0,0.0,-4,0.161,
1,118,-1860,0.0,0.0,-5,0.1677,
1,119,-1832,0.0,0.0,-5,0.1687,
1,120,-1712,0.0,0.0,-7,0.1581,
1,116,-707,0.0,0.0,16,0.6412,
1,117,-715,0.0,0.0,16,0.6412,
1,118,-715,0.0,0.0,16,0.6412,
1,119,-607,0.0,0.0,16,0.6412,
1,120,-607,0.0,0.0,16,0.6412,
1,116,-761,0.0,0.0,24,0.6896,
1,117,-761,0.0,0.0,24,0.6896,
1,118,-761,0.0,0.0,24,0.6896,
1,119,-873,0.0,0.0,24,0.6896,
1,120,-873,0.0,0.0,24,0.6896,
1,116,-4,0.0,0.0,8,0.5508,
1,117,-128,0.0,0.0,8,0.5508,
1,118,-136,0.0,0.0,8,0.5508,
1,119,-144,0.0,0.0,8,0.5508,
1,120,-644,0.0,0.0,8,0.5611,
1,116,-708,0.0,0.0,32,0.791,
1,117,-708,0.0,0.0,32,0.791,
1,118,-708,0.0,0.0,32,0.791,
1,119,-820,0.0,0.0,32,0.791,
1,120,-855,0.0,0.0,32,0.791,
1,116,-888,0.0,0.0,19,0.6087,
1,117,-885,0.0,0.0,23,0.6578,
1,118,-879,0.0,0.0,28,0.7009,
1,119,-876,0.0,0.0,28,0.705,
1,120,-876,0.0,0.0,28,0.705,
0,116,-68,0.0,0.0,13,0.268,
0,117,-83,0.0,0.0,13,0.268,
0,118,-83,0.0,0.0,13,0.268,
0,119,-67,0.0,0.0,13,0.268,
0,120,-27,0.0,0.0,13,0.268,
1,116,-932,0.0,0.0,42,0.7324,
1,117,-904,0.0,0.0,43,0.7815,
1,118,-504,0.0,0.0,46,0.8049,
1,119,-520,0.0,0.0,46,0.8049,
1,120,-520,0.0,0.0,46,0.8049,
1,116,-261,0.0,0.0,13,0.6565,
1,117,-269,0.0,0.0,18,0.7038,
1,118,-275,0.0,0.0,20,0.7181,
1,119,-287,0.0,0.0,20,0.7181,
1,120,-295,0.0,0.0,20,0.7181,
0,116,-118,0.0,0.0,9,0.3219,
0,117,-118,0.0,0.0,9,0.3151,
0,118,-118,0.0,0.0,9,0.3151,
0,119,-2,0.0,0.0,8,0.3063,
0,120,38,0.0,0.0,9,0.3113,
1,116,-1330,0.0,0.0,-2,0.611,
1,117,-1312,0.0,0.0,0,0.647,
1,118,-802,0.0,0.0,2,0.691,
1,119,-814,0.0,0.0,3,0.708,
1,120,-835,0.0,0.0,3,0.708,
1,116,-811,0.0,0.0,-2,0.1666,
1,117,-807,0.0,0.0,-2,0.161,
1,118,-792,0.0,0.0,-2,0.1612,
1,119,-688,0.0,0.0,-3,0.156,
1,120,-666,0.0,0.0,-3,0.1506,
1,116,-292,0.0,0.0,11,0.4124,
1,117,-292,0.0,0.0,11,0.4111,
1,118,-292,0.0,0.0,11,0.418,
1,119,-292,0.0,0.0,11,0.4113,
1,120,-168,0.0,0.0,11,0.4046,
0,116,-108,0.0,0.0,22,0.6229,
0,117,-124,0.0,0.0,22,0.6229,
0,118,-136,0.0,0.0,22,0.6229,
0,119,-136,0.0,0.0,22,0.6229,
0,120,-128,0.0,0.0,22,0.6229,
0,116,741,0.0,0.0,-4,-0.2945,
0,117,741,0.0,0.0,-4,-0.2945,
0,118,741,0.0,0.0,-4,-0.2945,
0,119,849,0.0,0.0,-4,-0.2945,
0,120,848,0.0,0.0,-5,-0.3028,
0,116,184,0.0,0.0,-20,-0.5652,
0,117,298,0.0,0.0,-21,-0.5587,
0,118,204,0.0,0.0,-22,-0.5637,
0,119,208,0.0,0.0,-24,-0.5687,
0,120,195,0.0,0.0,-24,-0.5717,
1,116,824,0.0,0.0,-11,-0.4776,
1,117,850,0.0,0.0,-11,-0.468,
1,118,1260,0.0,0.0,-11,-0.468,
1,119,1226,0.0,0.0,-11,-0.468,
1,120,1210,0.0,0.0,-11,-0.468,
1,116,231,0.0,0.0,-25,-0.5161,
1,117,248,0.0,0.0,-26,-0.5211,
1,118,249,0.0,0.0,-26,-0.5262,
1,119,258,0.0,0.0,-27,-0.5312,
1,120,258,0.0,0.0,-27,-0.5363,
0,116,835,0.0,0.0,17,0.1278,
0,117,851,0.0,0.0,17,0.1272,
0,118,855,0.0,0.0,17,0.1272,
0,119,859,0.0,0.0,17,0.1272,
0,120,847,0.0,0.0,17,0.1272,
0,116,966,0.0,0.0,-7,-0.339,
0,117,964,0.0,0.0,-10,-0.3358,
0,118,446,0.0,0.0,-10,-0.3327,
0,119,446,0.0,0.0,-11,-0.321,
0,120,322,0.0,0.0,-11,-0.3094,
0,116,1187,0.0,0.0,-9,-0.5927,
0,117,1179,0.0,0.0,-9,-0.5927,
0,118,1393,0.0,0.0,-11,-0.6139,
0,119,1401,0.0,0.0,-11,-0.6139,
0,120,1393,0.0,0.0,-11,-0.6139,
0,116,1156,0.0,0.0,-18,-0.4465,
0,117,1172,0.0,0.0,-18,-0.4465,
0,118,1188,0.0,0.0,-18,-0.4465,
0,119,1188,0.0,0.0,-18,-0.4465,
0,120,1306,0.0,0.0,-18,-0.4465,
0,116,1592,0.0,0.0,-9,-0.4955,
0,117,1608,0.0,0.0,-9,-0.4955,
0,118,1624,0.0,0.0,-9,-0.4955,
0,119,1640,0.0,0.0,-9,-0.4955,
0,120,1224,0.0,0.0,-9,-0.4955,
0,116,1369,0.0,0.0,-13,-0.5055,
0,117,1376,0.0,0.0,-13,-0.5055,
0,118,1388,0.0,0.0,-13,-0.5103,
0,119,1400,0.0,0.0,-13,-0.5144,
0,120,1412,0.0,0.0,-13,-0.5088,
0,116,1313,0.0,0.0,-35,-0.9492,
0,117,1289,0.0,0.0,-35,-0.9492,
0,118,1373,0.0,0.0,-35,-0.9492,
0,119,1373,0.0,0.0,-35,-0.9492,
0,120,1373,0.0,0.0,-35,-0.9596,
0,116,1559,0.0,0.0,-45,-0.993,
0,117,1553,0.0,0.0,-46,-1.0146,
0,118,1554,0.0,0.0,-47,-1.025,
0,119,1551,0.0,0.0,-49,-1.0337,
0,120,1550,0.0,0.0,-51,-1.0454,
0,116,806,0.0,0.0,-25,-0.5649,
0,117,806,0.0,0.0,-25,-0.5649,
0,118,806,0.0,0.0,-25,-0.5649,
0,119,918,0.0,0.0,-25,-0.5649,
0,120,930,0.0,0.0,-25,-0.5649,
1,116,404,0.0,0.0,-19,-0.5325,
1,117,407,0.0,0.0,-19,-0.5355,
1,118,403,0.0,0.0,-19,-0.5355,
1,119,407,0.0,0.0,-19,-0.5339,
1,120,415,0.0,0.0,-19,-0.5322,
0,116,1415,0.0,0.0,-21,-0.5558,
0,117,1396,0.0,0.0,-21,-0.5558,
0,118,911,0.0,0.0,-21,-0.5558,
0,119,1057,0.0,0.0,-21,-0.5558,
0,120,1084,0.0,0.0,-21,-0.5558,
0,116,201,0.0,0.0,-29,-0.3018,
0,117,251,0.0,0.0,-29,-0.3018,
0,118,293,0.0,0.0,-29,-0.3018,
0,119,335,0.0,0.0,-29,-0.2991,
0,120,433,0.0,0.0,-29,-0.2995,
0,116,1417,0.0,0.0,-8,-0.1193,
0,117,1409,0.0,0.0,-8,-0.1193,
0,118,1385,0.0,0.0,-8,-0.1193,
0,119,1361,0.0,0.0,-8,-0.1193,
0,120,1345,0.0,0.0,-8,-0.1193,
0,116,1092,0.0,0.0,-21,-0.4109,
0,117,1102,0.0,0.0,-24,-0.4191,
0,118,1184,0.0,0.0,-25,-0.4264,
0,119,1154,0.0,0.0,-25,-0.4353,
0,120,1101,0.0,0.0,-26,-0.4453,
0,116,1202,0.0,0.0,-31,-0.8339,
0,117,1198,0.0,0.0,-31,-0.8382,
0,118,689,0.0,0.0,-31,-0.8387,
0,119,689,0.0,0.0,-31,-0.8387,
0,120,689,0.0,0.0,-31,-0.8387,
0,116,1612,0.0,0.0,-3,-0.4925,
0,117,1588,0.0,0.0,-3,-0.4925,
0,118,1072,0.0,0.0,-3,-0.4925,
0,119,1072,0.0,0.0,-3,-0.4925,
0,120,1184,0.0,0.0,-3,-0.4925,
1,116,480,0.0,0.0,-17,-0.424,
1,117,499,0.0,0.0,-20,-0.4343,
1,118,503,0.0,0.0,-22,-0.4453,
1,119,461,0.0,0.0,-23,-0.4542,
1,120,421,0.0,0.0,-23,-0.4542,
0,116,1509,0.0,0.0,-23,-0.6255,
0,117,1490,0.0,0.0,-23,-0.6255,
0,118,1487,0.0,0.0,-23,-0.6255,
0,119,1484,0.0,0.0,-23,-0.6255,
0,120,1565,0.0,0.0,-23,-0.6255,
1,116,479,0.0,0.0,-25,-0.6176,
1,117,485,0.0,0.0,-25,-0.6163,
1,118,496,0.0,0.0,-25,-0.6163,
1,119,501,0.0,0.0,-25,-0.608,
1,120,507,0.0,0.0,-26,-0.6088,
0,116,1043,0.0,0.0,-2,-0.3044,
0,117,1048,0.0,0.0,-2,-0.3145,
0,118,1038,0.0,0.0,-4,-0.3246,
0,119,1027,0.0,0.0,-4,-0.3333,
0,120,1010,0.0,0.0,-5,-0.3321,
0,116,1061,0.0,0.0,-14,-0.5617,
0,117,1059,0.0,0.0,-16,-0.5704,
0,118,1056,0.0,0.0,-16,-0.5743,
0,119,1038,0.0,0.0,-17,-0.579,
0,120,1000,0.0,0.0,-16,-0.5837,
0,116,411,0.0,0.0,2,0.1061,
0,117,400,0.0,0.0,2,0.1061,
0,118,388,0.0,0.0,2,0.1061,
0,119,485,0.0,0.0,2,0.1063,
0,120,379,0.0,0.0,2,0.1079,
0,116,1235,0.0,0.0,-29,-0.7909,
0,117,1259,0.0,0.0,-29,-0.7909,
0,118,1383,0.0,0.0,-29,-0.7909,
0,119,1383,0.0,0.0,-29,-0.7909,
0,120,1383,0.0,0.0,-29,-0.7909,
0,116,1800,0.0,0.0,-9,-0.3746,
0,117,1808,0.0,0.0,-9,-0.385,
0,118,1924,0.0,0.0,-9,-0.3955,
0,119,1932,0.0,0.0,-8,-0.406,
0,120,1952,0.0,0.0,-11,-0.4161,
0,116,996,0.0,0.0,-23,-0.704,
0,117,993,0.0,0.0,-24,-0.7151,
0,118,992,0.0,0.0,-24,-0.7194,
0,119,992,0.0,0.0,-24,-0.7298,
0,120,1084,0.0,0.0,-24,-0.7401,
0,116,939,0.0,0.0,-11,-0.33,
0,117,447,0.0,0.0,-11,-0.3848,
0,118,463,0.0,0.0,-11,-0.3848,
0,119,571,0.0,0.0,-11,-0.3848,
0,120,679,0.0,0.0,-11,-0.3848,
1,116,1277,16.8,0.0,2,0.0168,
1,117,1252,16.8,0.0,2,0.0168,
1,118,1295,16.8,0.0,2,0.0168,
1,119,1239,16.8,0.0,2,0.0128,
1,120,1183,16.8,0.0,2,0.013,
1,116,955,0.0,0.0,7,-0.2408,
1,117,915,0.0,0.0,5,-0.2473,
1,118,745,0.0,0.0,1,-0.2536,
1,119,677,0.0,0.0,1,-0.2536,
1,120,609,0.0,0.0,1,-0.2536,
1,116,947,0.0,0.0,7,0.0407,
1,117,913,0.0,0.0,7,0.0407,
1,118,947,0.0,0.0,7,0.0407,
1,119,879,0.0,0.0,7,0.0407,
1,120,811,0.0,0.0,7,0.0407,
0,116,1477,0.0,0.0,-2,-0.2644,
0,117,1471,0.0,0.0,-7,-0.3106,
0,118,1469,0.0,0.0,-8,-0.3212,
0,119,1469,0.0,0.0,-8,-0.3212,
0,120,1469,0.0,0.0,-8,-0.3212,
1,116,1572,0.0,0.0,2,-0.2483,
1,117,1572,0.0,0.0,2,-0.2413,
1,118,993,0.0,0.0,-2,-0.2587,
1,119,917,0.0,0.0,-3,-0.2653,
1,120,849,0.0,0.0,-5,-0.2719,
1,116,1050,0.0,0.0,5,-0.1695,
1,117,1000,0.0,0.0,3,-0.1793,
1,118,923,0.0,0.0,1,-0.1902,
1,119,853,0.0,0.0,1,-0.1927,
1,120,784,0.0,0.0,1,-0.1925,
1,116,-96,0.0,0.0,-10,-0.4919,
1,117,10,0.0,0.0,-10,-0.4959,
1,118,18,0.0,0.0,-11,-0.4975,
1,119,-98,0.0,0.0,-12,-0.4978,
1,120,-192,0.0,0.0,-12,-0.4978,
1,116,353,0.0,0.0,0,-0.1114,
1,117,360,0.0,0.0,0,-0.118,
1,118,367,0.0,0.0,0,-0.1415,
1,119,898,0.0,0.0,0,-0.1685,
1,120,929,0.0,0.0,0,-0.1955,
1,116,1384,0.0,0.0,-7,-0.3684,
1,117,1344,0.0,0.0,-7,-0.3684,
1,118,1276,0.0,0.0,-7,-0.3684,
1,119,1208,0.0,0.0,-7,-0.3684,
1,120,1132,0.0,0.0,-7,-0.3684,
0,116,1219,0.0,0.0,-9,-0.5633,
0,117,1219,0.0,0.0,-9,-0.5633,
0,118,1219,0.0,0.0,-9,-0.5633,
0,119,1219,0.0,0.0,-9,-0.5633,
0,120,1219,0.0,0.0,-9,-0.5633,
1,116,784,0.0,0.0,-9,-0.6103,
1,117,761,0.0,0.0,-9,-0.6193,
1,118,778,0.0,0.0,-9,-0.6279,
1,119,803,0.0,0.0,-10,-0.647,
1,120,836,0.0,0.0,-15,-0.666,
1,116,1941,0.0,0.0,5,-0.1948,
1,117,1956,0.0,0.0,4,-0.2034,
1,118,1946,0.0,0.0,3,-0.2158,
1,119,1945,0.0,0.0,-2,-0.2405,
1,120,2075,0.0,0.0,-4,-0.2576,
0,116,1262,0.0,0.0,-8,-0.6548,
0,117,1270,0.0,0.0,-8,-0.6548,
0,118,1278,0.0,0.0,-8,-0.6548,
0,119,1286,0.0,0.0,-8,-0.6548,
0,120,1294,0.0,0.0,-8,-0.6548,
1,116,860,0.0,0.0,1,-0.0954,
1,117,820,0.0,0.0,1,-0.0954,
1,118,752,0.0,0.0,1,-0.0954,
1,119,684,0.0,0.0,-3,-0.1019,
1,120,615,0.0,0.0,-4,-0.1074,
0,116,1399,0.0,0.0,6,-0.2084,
0,117,1399,0.0,0.0,6,-0.2084,
0,118,1399,0.0,0.0,6,-0.2709,
0,119,1398,0.0,0.0,0,-0.3222,
0,120,1394,0.0,0.0,-2,-0.3651,
1,116,1102,16.8,0.0,-11,-0.5825,
1,117,1054,16.8,0.0,-11,-0.5825,
1,118,978,16.8,0.0,-11,-0.5825,
1,119,902,16.8,0.0,-11,-0.5825,
1,120,834,16.8,0.0,-11,-0.5825,
1,116,1466,0.0,0.0,9,-0.1207,
1,117,939,0.0,0.0,9,-0.1198,
1,118,877,0.0,0.0,9,-0.1198,
1,119,815,0.0,0.0,9,-0.1198,
1,120,761,0.0,0.0,9,-0.1198,
1,116,1515,0.0,0.0,13,0.0093,
1,117,1550,0.0,0.0,13,0.0053,
1,118,1585,0.0,0.0,13,-0.0221,
1,119,1604,0.0,0.0,13,-0.0646,
1,120,1623,0.0,0.0,12,-0.0979,
1,116,380,0.0,0.0,-24,-0.6365,
1,117,315,0.0,-6.4,-25,-0.6235,
1,118,244,0.0,-24.0,-23,-0.6101,
1,119,185,0.0,-41.6,-24,-0.5977,
1,120,127,0.0,-59.2,-22,-0.5852,
1,116,2025,46.4,0.0,2,-0.4059,
1,117,1477,46.4,0.0,2,-0.4059,
1,118,1509,46.4,0.0,2,-0.4139,
1,119,1329,46.4,0.0,2,-0.4219,
1,120,1269,46.4,0.0,2,-0.4219,
1,116,379,0.0,0.0,6,-0.3532,
1,117,309,0.0,0.0,4,-0.3492,
1,118,350,0.0,0.0,4,-0.3492,
1,119,379,0.0,0.0,4,-0.3492,
1,120,500,0.0,0.0,4,-0.3785,
0,116,1395,0.0,0.0,-23,-0.9993,
0,117,1906,0.0,0.0,-27,-1.0161,
0,118,1921,0.0,0.0,-27,-1.0161,
0,119,1940,0.0,0.0,-27,-1.0161,
0,120,1959,0.0,0.0,-27,-1.0161,
1,116,1052,0.0,0.0,0,-0.0271,
1,117,991,0.0,0.0,0,-0.0351,
1,118,819,0.0,0.0,0,-0.0351,
1,119,877,0.0,0.0,0,-0.0351,
1,120,931,0.0,0.0,0,-0.0351,
1,116,513,0.0,0.0,2,0.1048,
1,117,417,0.0,0.0,2,0.1092,
1,118,425,0.0,0.0,2,0.0981,
1,119,432,0.0,0.0,2,0.0773,
1,120,540,0.0,0.0,1,0.0506,
1,116,924,0.0,0.0,6,-0.3099,
1,117,924,0.0,0.0,6,-0.3059,
1,118,924,0.0,0.0,5,-0.3139,
1,119,924,0.0,0.0,4,-0.3159,
1,120,923,0.0,0.0,3,-0.3184,
1,116,888,0.0,0.0,-6,-0.268,
1,117,956,0.0,0.0,-6,-0.268,
1,118,863,0.0,0.0,-8,-0.27,
1,119,771,0.0,0.0,-8,-0.27,
1,120,703,0.0,0.0,-8,-0.27,
1,116,1272,0.0,0.0,0,-0.1502,
1,117,1228,0.0,0.0,1,-0.1498,
1,118,1260,0.0,0.0,1,-0.1498,
1,119,1168,0.0,0.0,1,-0.1498,
1,120,984,0.0,0.0,1,-0.1498,
1,116,1177,0.0,0.0,2,-0.0681,
1,117,1330,0.0,0.0,2,-0.0681,
1,118,1262,0.0,0.0,2,-0.0681,
1,119,1194,0.0,0.0,2,-0.0681,
1,120,1110,0.0,0.0,2,-0.0681,
1,116,-483,0.0,-85.6,-31,-0.8641,
1,117,-2042,0.0,-100.0,-31,-0.8665,
1,116,1012,0.0,0.0,-8,-0.3604,
1,117,872,0.0,0.0,-8,-0.3604,
1,118,796,0.0,0.0,-8,-0.3604,
1,119,720,0.0,0.0,-8,-0.3604,
1,120,644,0.0,0.0,-8,-0.3604,
0,116,1603,0.0,0.0,9,-0.2355,
0,117,1603,0.0,0.0,9,-0.2355,
0,118,1603,0.0,0.0,9,-0.2355,
0,119,1603,0.0,0.0,9,-0.2355,
0,120,1603,0.0,0.0,9,-0.2355,
0,116,246,0.0,0.0,7,-0.1843,
0,117,289,0.0,0.0,7,-0.1843,
0,118,340,0.0,0.0,7,-0.1843,
0,119,372,0.0,0.0,7,-0.1843,
0,120,420,0.0,0.0,8,-0.1834,
1,116,1265,0.0,0.0,7,-0.0004,
1,117,1138,0.0,0.0,7,-0.0004,
1,118,1103,0.0,0.0,7,-0.0004,
1,119,1254,0.0,0.0,7,-0.0004,
1,120,1282,0.0,0.0,7,-0.0011,
0,116,1564,0.0,0.0,9,-0.38,
0,117,1558,0.0,0.0,6,-0.4187,
0,118,1556,0.0,0.0,6,-0.4218,
0,119,1556,0.0,0.0,6,-0.4218,
0,120,1556,0.0,0.0,6,-0.4218,
1,116,1486,0.0,0.0,15,-0.1146,
1,117,1486,0.0,0.0,15,-0.1186,
1,118,926,0.0,0.0,15,-0.1346,
1,119,974,0.0,0.0,15,-0.1346,
1,120,922,0.0,0.0,15,-0.1438,
0,116,94,0.0,0.0,-36,-0.4838,
0,117,98,0.0,0.0,-36,-0.4838,
0,118,114,0.0,0.0,-36,-0.4838,
0,119,114,0.0,0.0,-36,-0.4838,
0,120,114,0.0,0.0,-36,-0.4838,
1,116,-1443,0.0,-100.0,-16,-0.2729,
1,116,1216,0.0,0.0,-5,-0.0889,
1,117,1194,0.0,0.0,-5,-0.0929,
1,118,1172,0.0,0.0,-5,-0.1089,
1,119,1150,0.0,0.0,-5,-0.1399,
1,120,1256,0.0,0.0,-5,-0.1709,
1,116,924,0.0,0.0,-9,-0.4831,
1,117,900,0.0,0.0,-9,-0.4943,
1,118,831,0.0,0.0,-9,-0.5041,
1,119,763,0.0,0.0,-9,-0.5157,
1,120,902,0.0,0.0,-9,-0.5157,
0,116,735,0.0,0.0,-13,-0.5449,
0,117,751,0.0,0.0,-13,-0.5449,
0,118,767,0.0,0.0,-13,-0.5449,
0,119,783,0.0,0.0,-13,-0.5449,
0,120,799,0.0,0.0,-13,-0.5449,
1,116,728,0.0,0.0,2,-0.3789,
1,117,688,0.0,0.0,2,-0.3789,
1,118,620,0.0,0.0,2,-0.3789,
1,119,552,0.0,0.0,2,-0.3789,
1,120,485,0.0,0.0,2,-0.3885,
1,116,243,0.0,0.0,-10,-0.2657,
1,117,213,0.0,0.0,-10,-0.2657,
1,118,231,0.0,0.0,-10,-0.2657,
1,119,237,0.0,0.0,-10,-0.2924,
1,120,241,0.0,0.0,-16,-0.314,
1,116,390,0.0,0.0,-12,-0.6678,
1,117,316,0.0,0.0,-13,-0.6746,
1,118,146,0.0,0.0,-13,-0.6746,
1,119,591,0.0,0.0,-13,-0.6746,
1,120,536,0.0,0.0,-13,-0.6746,
1,116,1201,0.0,0.0,-2,-0.4316,
1,117,1323,0.0,0.0,-2,-0.4342,
1,118,763,0.0,0.0,-2,-0.4476,
1,119,705,0.0,0.0,-2,-0.4476,
1,120,647,0.0,0.0,-2,-0.4476,
0,116,1533,0.0,0.0,-28,-0.8027,
0,117,1533,0.0,0.0,-28,-0.8027,
0,118,1533,0.0,0.0,-28,-0.8027,
0,119,1533,0.0,0.0,-28,-0.8027,
0,120,1533,0.0,0.0,-28,-0.8027,
1,116,1836,0.0,0.0,19,-0.1019,
1,117,1728,0.0,0.0,19,-0.1046,
1,118,1728,0.0,0.0,18,-0.1179,
1,119,1728,0.0,0.0,15,-0.1381,
1,120,1727,0.0,0.0,14,-0.1563,
1,116,647,0.0,0.0,-9,-0.7565,
1,117,623,0.0,0.0,-9,-0.7565,
1,118,555,0.0,0.0,-9,-0.7565,
1,119,485,0.0,0.0,-12,-0.7602,
1,120,408,0.0,0.0,-13,-0.7662,
1,116,603,0.0,0.0,-10,-0.3309,
1,117,603,0.0,0.0,-12,-0.3389,
1,118,603,0.0,0.0,-11,-0.3473,
1,119,602,0.0,0.0,-13,-0.359,
1,120,602,0.0,0.0,-18,-0.3719,
1,116,1466,0.0,0.0,22,0.0449,
1,117,1490,0.0,0.0,22,0.0423,
1,118,1502,0.0,0.0,22,0.0289,
1,119,1514,0.0,0.0,22,0.0023,
1,120,1525,0.0,0.0,17,-0.0236,
1,116,573,0.0,0.0,-8,-0.2313,
1,117,537,0.0,0.0,-8,-0.2313,
1,118,349,0.0,0.0,-8,-0.2393,
1,119,285,0.0,0.0,-8,-0.2393,
1,120,221,0.0,0.0,-8,-0.2505,
1,116,622,0.0,0.0,-29,-0.5158,
1,117,534,0.0,0.0,-29,-0.5158,
1,118,450,0.0,0.0,-29,-0.5158,
1,119,366,0.0,-0.8,-29,-0.5228,
1,120,370,0.0,-0.8,-29,-0.5297,
1,116,1471,0.0,0.0,18,-0.0927,
1,117,1440,0.0,0.0,18,-0.094,
1,118,1379,0.0,0.0,17,-0.0979,
1,119,1326,0.0,0.0,15,-0.0907,
1,120,1275,0.0,0.0,12,-0.0897,
1,116,919,0.0,0.0,19,-0.215,
1,117,871,0.0,0.0,19,-0.215,
1,118,793,0.0,0.0,18,-0.2236,
1,119,717,0.0,0.0,18,-0.2236,
1,120,641,0.0,0.0,18,-0.2236,
1,116,1520,0.0,0.0,1,-0.0855,
1,117,1526,0.0,0.0,1,-0.0921,
1,118,953,0.0,0.0,1,-0.096,
1,119,882,0.0,0.0,1,-0.1011,
1,120,789,0.0,0.0,1,-0.1011,
1,116,496,0.0,0.0,5,-0.2692,
1,117,595,0.0,0.0,5,-0.2692,
1,118,554,0.0,0.0,5,-0.2692,
1,119,513,0.0,0.0,5,-0.2692,
1,120,465,0.0,0.0,5,-0.2807,
1,116,1273,0.0,0.0,5,-0.2116,
1,117,1289,0.0,0.0,5,-0.2143,
1,118,1312,0.0,0.0,3,-0.2262,
1,119,1315,0.0,0.0,0,-0.2418,
1,120,737,0.0,0.0,0,-0.2481,
1,116,416,0.0,0.0,-13,-0.6562,
1,117,399,0.0,0.0,-14,-0.651,
1,118,302,0.0,0.0,-16,-0.6593,
1,119,316,0.0,0.0,-19,-0.6822,
1,120,329,0.0,0.0,-22,-0.7057,
1,116,1245,0.0,0.0,-13,-0.4237,
1,117,1285,0.0,0.0,-13,-0.4269,
1,118,1433,0.0,0.0,-13,-0.438,
1,119,1441,0.0,0.0,-20,-0.448,
1,120,869,0.0,0.0,-23,-0.4656,
0,116,1512,0.0,0.0,-16,-0.6372,
0,117,1520,0.0,0.0,-16,-0.6372,
0,118,1528,0.0,0.0,-16,-0.6372,
0,119,1536,0.0,0.0,-16,-0.6372,
0,120,1536,0.0,0.0,-16,-0.6372,
0,116,1378,0.0,0.0,2,-0.1997,
0,117,1402,0.0,0.0,2,-0.1997,
0,118,1410,0.0,0.0,2,-0.1997,
0,119,1410,0.0,0.0,2,-0.1997,
0,120,1410,0.0,0.0,2,-0.1997,
1,116,1956,0.0,0.0,-14,-0.5467,
1,117,1955,0.0,0.0,-16,-0.524,
1,118,1952,0.0,0.0,-20,-0.52,
1,119,1923,0.0,0.0,-22,-0.5291,
1,120,1894,0.0,0.0,-25,-0.5395,
1,116,847,0.0,0.0,-3,-0.2115,
1,117,803,0.0,0.0,-3,-0.2115,
1,118,739,0.0,0.0,-3,-0.2115,
1,119,695,0.0,0.0,-3,-0.2115,
1,120,627,0.0,0.0,-3,-0.2208,
1,116,-256,0.0,0.0,-30,-0.859,
1,117,-248,0.0,0.0,-30,-0.859,
1,118,-241,0.0,0.0,-32,-0.8712,
1,119,-235,0.0,0.0,-34,-0.8925,
1,120,-239,0.0,0.0,-38,-0.8988,
1,116,1697,0.0,0.0,-22,-0.4592,
1,117,1170,0.0,0.0,-22,-0.4632,
1,118,1115,0.0,0.0,-22,-0.455,
1,119,1059,0.0,0.0,-23,-0.4466,
1,120,988,0.0,0.0,-22,-0.4376,
1,116,1212,0.0,0.0,3,-0.141,
1,117,1212,0.0,0.0,3,-0.1268,
1,118,1220,0.0,0.0,3,-0.1218,
1,119,1220,0.0,0.0,2,-0.13,
1,120,1220,0.0,0.0,-2,-0.1375,
0,116,2152,91.6,0.0,3,0.0639,
0,117,2123,94.8,0.0,2,0.06,
0,118,2063,98.0,0.0,3,0.0583,
0,119,3598,100.0,0.0,3,0.0544,
1,116,349,0.0,0.0,-18,-0.3845,
1,117,345,0.0,0.0,-18,-0.3845,
1,118,397,0.0,0.0,-18,-0.3845,
1,119,347,0.0,0.0,-18,-0.3845,
1,120,305,0.0,0.0,-18,-0.3845,
1,116,1256,0.0,0.0,4,-0.1986,
1,117,1262,0.0,0.0,4,-0.1893,
1,118,1276,0.0,0.0,2,-0.1975,
1,119,712,0.0,0.0,-2,-0.2059,
1,120,728,0.0,0.0,-2,-0.2059,
1,116,1405,0.0,0.0,6,-0.1973,
1,117,1412,0.0,0.0,4,-0.1893,
1,118,1428,0.0,0.0,2,-0.1893,
1,119,1441,0.0,0.0,-2,-0.1963,
1,120,860,0.0,0.0,-2,-0.2023,
0,116,1413,0.0,0.0,1,-0.5571,
0,117,1413,0.0,0.0,1,-0.5571,
0,118,1413,0.0,0.0,1,-0.5571,
0,119,1413,0.0,0.0,1,-0.5571,
0,120,1521,0.0,0.0,1,-0.5571,
1,116,781,0.0,0.0,-5,-0.1875,
1,117,810,0.0,0.0,-5,-0.1955,
1,118,720,0.0,0.0,-5,-0.1955,
1,119,630,0.0,0.0,-5,-0.1955,
1,120,472,0.0,0.0,-5,-0.1955,
1,116,1331,0.0,0.0,-10,-0.4577,
1,117,1351,0.0,0.0,-9,-0.4693,
1,118,1387,0.0,0.0,-12,-0.4928,
1,119,1406,0.0,0.0,-16,-0.5316,
1,120,1423,0.0,0.0,-19,-0.5488,
1,116,1420,0.0,0.0,11,-0.2878,
1,117,1428,0.0,0.0,11,-0.2638,
1,118,1536,0.0,0.0,11,-0.2478,
1,119,1545,0.0,0.0,9,-0.2435,
1,120,1557,0.0,0.0,2,-0.2375,
1,116,1200,0.0,0.0,3,-0.1406,
1,117,1172,0.0,0.0,2,-0.1347,
1,118,1113,0.0,0.0,2,-0.1275,
1,119,1057,0.0,0.0,2,-0.1252,
1,120,874,0.0,0.0,2,-0.1256,
1,116,528,0.0,0.0,-6,-0.4452,
1,117,568,0.0,0.0,-6,-0.4372,
1,118,584,0.0,0.0,-8,-0.4372,
1,119,599,0.0,0.0,-13,-0.4461,
1,120,611,0.0,0.0,-14,-0.4502,
1,116,-1450,0.0,-100.0,-2,-0.249,
1,116,1358,0.0,0.0,9,-0.323,
1,117,1358,0.0,0.0,9,-0.323,
1,118,1358,0.0,0.0,9,-0.3264,
1,119,1358,0.0,0.0,8,-0.3534,
1,120,1355,0.0,0.0,7,-0.3814,
1,116,1531,0.0,0.0,6,-0.256,
1,117,1515,0.0,0.0,6,-0.256,
1,118,1499,0.0,0.0,6,-0.268,
1,119,1483,0.0,0.0,5,-0.295,
1,120,1466,0.0,0.0,5,-0.3205,
1,116,1670,32.0,0.0,-4,-0.1268,
1,117,1638,35.2,0.0,-4,-0.1268,
1,118,1486,38.4,0.0,-4,-0.1268,
1,119,1467,41.6,0.0,-4,-0.1268,
1,120,1545,43.2,0.0,-4,-0.1268,
0,116,1401,0.0,0.0,-6,-0.3929,
0,117,1401,0.0,0.0,-6,-0.3929,
0,118,1401,0.0,0.0,-6,-0.3929,
0,119,1397,0.0,0.0,-8,-0.4146,
0,120,1397,0.0,0.0,-8,-0.4146,
1,116,938,0.0,0.0,-13,-0.4847,
1,117,781,0.0,0.0,-13,-0.4846,
1,118,721,0.0,0.0,-13,-0.4846,
1,119,661,0.0,0.0,-13,-0.4846,
1,120,601,0.0,0.0,-13,-0.4846,
1,116,974,0.0,0.0,-13,-0.2425,
1,117,946,0.0,0.0,-13,-0.2425,
1,118,882,0.0,0.0,-13,-0.2425,
1,119,818,0.0,0.0,-13,-0.2425,
1,120,754,0.0,0.0,-13,-0.2425,
1,116,1453,0.0,0.0,0,-0.0036,
1,117,944,0.0,0.0,0,-0.0154,
1,118,892,0.0,0.0,0,-0.0154,
1,119,824,0.0,0.0,0,-0.0246,
1,120,756,0.0,0.0,0,-0.0293,
0,116,1619,0.0,0.0,2,-0.7198,
0,117,1627,0.0,0.0,2,-0.7198,
0,118,1635,0.0,0.0,2,-0.7198,
0,119,1643,0.0,0.0,2,-0.7198,
0,120,1651,0.0,0.0,2,-0.7198,
1,116,439,0.0,0.0,-24,-0.5936,
1,117,345,0.0,0.0,-24,-0.5936,
1,118,359,0.0,0.0,-24,-0.6096,
1,119,359,0.0,0.0,-26,-0.6406,
1,120,873,0.0,0.0,-26,-0.671,
1,116,-138,0.0,0.0,-21,-0.3581,
1,117,-238,0.0,0.0,-20,-0.3541,
1,118,-230,0.0,0.0,-20,-0.3541,
1,119,-322,0.0,0.0,-20,-0.3541,
1,120,-414,0.0,-9.6,-20,-0.3541,
1,116,661,0.0,0.0,-24,-0.7433,
1,117,605,0.0,-14.8,-25,-0.7422,
1,118,547,0.0,-32.4,-25,-0.7396,
1,119,491,0.0,-50.0,-25,-0.7405,
1,120,529,0.0,-67.6,-25,-0.7393,
0,116,1585,0.0,0.0,11,-0.1729,
0,117,1596,0.0,0.0,11,-0.1729,
0,118,1631,0.0,0.0,11,-0.1729,
0,119,1658,0.0,0.0,11,-0.1729,
0,120,1685,0.0,0.0,11,-0.1729,
1,116,1431,0.0,0.0,-13,-0.4869,
1,117,1533,0.0,0.0,-12,-0.4726,
1,118,1531,0.0,0.0,-15,-0.4584,
1,119,1530,0.0,0.0,-19,-0.4669,
1,120,951,0.0,0.0,-20,-0.473,
1,116,1171,0.0,0.0,-14,-0.4366,
1,117,1187,0.0,0.0,-14,-0.4286,
1,118,1203,0.0,0.0,-16,-0.4286,
1,119,1213,0.0,0.0,-16,-0.425,
1,120,651,0.0,0.0,-16,-0.427,
1,116,1040,0.0,0.0,-10,-0.5433,
1,117,1051,0.0,0.0,-12,-0.5487,
1,118,1050,0.0,0.0,-12,-0.555,
1,119,1049,0.0,0.0,-14,-0.5726,
1,120,1047,0.0,0.0,-20,-0.5868,
0,116,100,0.0,0.0,-23,-0.3455,
0,117,104,0.0,0.0,-23,-0.3455,
0,118,246,0.0,0.0,-23,-0.3455,
0,119,264,0.0,0.0,-23,-0.3455,
0,120,242,0.0,0.0,-23,-0.3455,
0,116,1199,0.0,0.0,-27,-0.8932,
0,117,1199,0.0,0.0,-27,-0.8932,
0,118,1199,0.0,0.0,-27,-0.8932,
0,119,1199,0.0,0.0,-27,-0.8932,
0,120,1199,0.0,0.0,-27,-0.8932,
1,116,957,0.0,0.0,-4,-0.5989,
1,117,972,0.0,0.0,-4,-0.5989,
1,118,872,0.0,0.0,-4,-0.5989,
1,119,784,0.0,-0.8,-4,-0.5989,
1,120,696,0.0,-18.4,-7,-0.5949,
1,116,1090,0.0,0.0,-1,-0.2729,
1,117,1078,0.0,0.0,-1,-0.2756,
1,118,1066,0.0,0.0,-1,-0.2889,
1,119,1054,0.0,0.0,0,-0.2949,
1,120,1038,0.0,0.0,-3,-0.3022,
1,116,969,0.0,0.0,-11,-0.3963,
1,117,1003,0.0,0.0,-11,-0.398,
1,118,462,0.0,0.0,-11,-0.398,
1,119,522,0.0,0.0,-11,-0.398,
1,120,458,0.0,0.0,-11,-0.398,
1,116,1120,0.0,0.0,5,-0.3177,
1,117,1039,0.0,0.0,5,-0.3177,
1,118,1158,0.0,0.0,5,-0.3177,
1,119,1177,0.0,0.0,5,-0.3497,
1,120,1196,0.0,0.0,4,-0.3817,
1,116,90,0.0,0.0,2,-0.1711,
1,117,42,0.0,0.0,2,-0.1825,
1,118,-26,0.0,0.0,2,-0.1939,
1,119,-94,0.0,0.0,2,-0.2052,
1,120,-150,0.0,0.0,-1,-0.2166,
1,116,1126,0.0,0.0,-19,-0.4753,
1,117,1126,0.0,0.0,-20,-0.4913,
1,118,535,0.0,0.0,-20,-0.4923,
1,119,464,0.0,0.0,-20,-0.4923,
1,120,393,0.0,0.0,-20,-0.4923,
0,116,1339,0.0,0.0,4,-0.5324,
0,117,1347,0.0,0.0,4,-0.5324,
0,118,1355,0.0,0.0,4,-0.5324,
0,119,1363,0.0,0.0,4,-0.5324,
0,120,1371,0.0,0.0,4,-0.5324,
1,116,406,0.0,-66.6,-21,-0.7946,
1,117,322,0.0,-84.2,-21,-0.7946,
1,118,-1253,0.0,-100.0,-21,-0.7946,
0,116,1562,0.0,0.0,-7,-0.4647,
0,117,1562,0.0,0.0,-7,-0.4647,
0,118,1562,0.0,0.0,-7,-0.4647,
0,119,1562,0.0,0.0,-7,-0.4647,
0,120,1562,0.0,0.0,-7,-0.4647,
0,116,1215,0.0,0.0,-8,-0.3994,
0,117,1223,0.0,0.0,-8,-0.3994,
0,118,1223,0.0,0.0,-8,-0.3994,
0,119,1235,0.0,0.0,-8,-0.3994,
0,120,1247,0.0,0.0,-8,-0.3994,
1,116,-40,0.0,0.0,-6,-0.5176,
1,117,0,0.0,0.0,-6,-0.5176,
1,118,-72,0.0,0.0,-6,-0.5216,
1,119,-144,0.0,-0.8,-6,-0.5256,
1,120,-232,0.0,-18.4,-6,-0.5256,
0,116,1556,40.8,0.0,11,-0.0168,
0,117,1528,43.2,0.0,11,-0.0168,
0,118,1472,45.6,0.0,11,-0.0168,
0,119,1424,48.0,0.0,11,-0.0168,
0,120,1376,50.4,0.0,11,-0.0168,
1,116,984,0.0,0.0,-2,-0.1481,
1,117,952,0.0,0.0,-2,-0.1593,
1,118,892,0.0,0.0,-2,-0.1707,
1,119,844,0.0,0.0,-2,-0.1821,
1,120,860,3.2,0.0,-2,-0.1933,
1,116,1451,0.0,0.0,11,-0.2043,
1,117,1421,0.0,0.0,11,-0.2043,
1,118,1473,0.0,0.0,11,-0.2043,
1,119,1493,0.0,0.0,6,-0.2134,
1,120,1605,0.0,0.0,7,-0.2093,
1,116,1255,0.0,0.0,4,-0.3402,
1,117,1279,0.0,0.0,4,-0.3402,
1,118,1308,0.0,0.0,2,-0.3487,
1,119,761,0.0,0.0,-1,-0.3876,
1,120,715,0.0,0.0,-1,-0.3876,
0,116,1384,0.0,0.0,-19,-0.5285,
0,117,1384,0.0,0.0,-19,-0.5285,
0,118,1384,0.0,0.0,-19,-0.5285,
0,119,1384,0.0,0.0,-19,-0.5285,
0,120,1384,0.0,0.0,-19,-0.5285,
1,116,1498,0.0,0.0,5,-0.1423,
1,117,1503,0.0,0.0,5,-0.1524,
1,118,1508,0.0,0.0,4,-0.1589,
1,119,1514,0.0,0.0,0,-0.1872,
1,120,957,0.0,0.0,-4,-0.2183,
1,116,1608,0.0,0.0,-12,-0.6502,
1,117,1584,0.0,0.0,-12,-0.6568,
1,118,1560,0.0,0.0,-12,-0.6702,
1,119,1436,0.0,0.0,-12,-0.6968,
1,120,1436,0.0,0.0,-12,-0.7235,
0,116,690,0.0,0.0,-25,-0.7794,
0,117,690,0.0,0.0,-25,-0.7794,
0,118,690,0.0,0.0,-25,-0.7794,
0,119,690,0.0,0.0,-25,-0.7794,
0,120,690,0.0,0.0,-25,-0.7794,
1,116,808,0.0,0.0,1,-0.1979,
1,117,668,0.0,0.0,1,-0.1979,
1,118,616,0.0,0.0,1,-0.1979,
1,119,632,0.0,0.0,1,-0.1979,
1,120,631,0.0,0.0,1,-0.2213,
1,116,804,0.0,0.0,1,-0.1954,
1,117,815,0.0,0.0,-2,-0.187,
1,118,822,0.0,0.0,-2,-0.1882,
1,119,237,0.0,0.0,-2,-0.1946,
1,120,161,0.0,0.0,-2,-0.1946,
0,116,1276,0.0,0.0,-27,-0.6726,
0,117,1288,0.0,0.0,-27,-0.6726,
0,118,1300,0.0,0.0,-27,-0.6726,
0,119,1300,0.0,0.0,-27,-0.6726,
0,120,1300,0.0,0.0,-27,-0.6726,
1,116,1533,0.0,0.0,11,-0.0029,
1,117,1538,0.0,0.0,11,-0.0047,
1,118,1553,0.0,0.0,8,-0.018,
1,119,1089,0.0,0.0,4,-0.0407,
1,120,1021,0.0,0.0,4,-0.0407,
1,116,1487,35.6,0.0,4,-0.1315,
1,117,1531,35.6,0.0,4,-0.1395,
1,118,1463,35.6,0.0,4,-0.1395,
1,119,1411,35.6,0.0,4,-0.1395,
1,120,1335,35.6,0.0,4,-0.1395,
1,116,470,0.0,0.0,-35,-0.8373,
1,117,280,0.0,0.0,-36,-0.849,
1,118,190,0.0,0.0,-36,-0.849,
1,119,100,0.0,-15.4,-36,-0.849,
1,120,100,0.0,-15.4,-36,-0.849,
1,116,492,0.0,0.0,-15,-0.4572,
1,117,444,0.0,0.0,-15,-0.4572,
1,118,384,0.0,0.0,-15,-0.4572,
1,119,324,0.0,0.0,-15,-0.4572,
1,120,264,0.0,0.0,-15,-0.4572,
1,116,756,0.0,0.0,7,0.0573,
1,117,641,0.0,0.0,7,0.0573,
1,118,584,0.0,0.0,7,0.0573,
1,119,527,0.0,0.0,7,0.0573,
1,120,470,0.0,0.0,7,0.0573,
0,116,1260,0.0,0.0,-16,-0.63,
0,117,1260,0.0,0.0,-16,-0.63,
0,118,1260,0.0,0.0,-16,-0.63,
0,119,1260,0.0,0.0,-16,-0.63,
0,120,1260,0.0,0.0,-16,-0.63,
1,116,1572,80.8,0.0,-10,-0.4553,
1,117,1644,82.4,0.0,-10,-0.4553,
1,118,1620,84.0,0.0,-10,-0.4553,
1,119,1584,85.6,0.0,-10,-0.4553,
1,120,1532,87.2,0.0,-10,-0.4553,
1,116,1200,0.0,0.0,-2,-0.2828,
1,117,1102,0.0,0.0,-2,-0.2709,
1,118,1119,0.0,0.0,-3,-0.2709,
1,119,1144,0.0,0.0,-5,-0.2932,
1,120,1166,0.0,0.0,-6,-0.303,
0,116,1510,0.0,0.0,-7,-0.6713,
0,117,1510,0.0,0.0,-7,-0.6713,
0,118,1510,0.0,0.0,-7,-0.6713,
0,119,1510,0.0,0.0,-7,-0.6713,
0,120,1510,0.0,0.0,-7,-0.6713,
1,116,1096,0.0,0.0,-26,-0.5281,
1,117,1008,0.0,0.0,-26,-0.5281,
1,118,808,0.0,0.0,-27,-0.5321,
1,119,726,0.0,0.0,-27,-0.5321,
1,120,644,0.0,0.0,-27,-0.5321,
1,116,1030,0.0,0.0,8,-0.0869,
1,117,1122,0.0,0.0,8,-0.0949,
1,118,1054,0.0,0.0,8,-0.1029,
1,119,1038,0.0,0.0,8,-0.1109,
1,120,1034,0.0,0.0,6,-0.1376,
1,116,1364,0.0,0.0,-4,-0.4414,
1,117,816,0.0,0.0,-6,-0.4446,
1,118,740,0.0,0.0,-6,-0.4558,
1,119,664,0.0,0.0,-6,-0.4626,
1,120,588,0.0,0.0,-7,-0.4693,
0,116,1388,0.0,0.0,-14,-0.6582,
0,117,1388,0.0,0.0,-14,-0.6582,
0,118,1388,0.0,0.0,-14,-0.6582,
0,119,1388,0.0,0.0,-14,-0.6582,
0,120,1388,0.0,0.0,-14,-0.6582,
1,116,1889,0.0,0.0,12,0.1473,
1,117,1887,0.0,0.0,14,0.1661,
1,118,1903,0.0,0.0,13,0.1669,
1,119,1814,0.0,0.0,14,0.1518,
1,120,1822,0.0,0.0,14,0.1331,
0,116,1380,0.0,0.0,-20,-0.7243,
0,117,1380,0.0,0.0,-20,-0.7243,
0,118,1380,0.0,0.0,-20,-0.7243,
0,119,1380,0.0,0.0,-20,-0.7243,
0,120,1380,0.0,0.0,-20,-0.7243,
1,116,950,0.0,0.0,-18,-0.4526,
1,117,908,0.0,0.0,-18,-0.4526,
1,118,838,0.0,0.0,-18,-0.4526,
1,119,768,0.0,0.0,-18,-0.4526,
1,120,698,0.0,0.0,-20,-0.4638,
1,116,931,0.0,0.0,9,-0.103,
1,117,899,0.0,0.0,9,-0.103,
1,118,839,0.0,0.0,9,-0.103,
1,119,779,0.0,0.0,9,-0.103,
1,120,719,0.0,0.0,9,-0.103,
0,116,1402,0.0,0.0,-2,-0.5132,
0,117,1399,0.0,0.0,-7,-0.5676,
0,118,1394,0.0,0.0,-10,-0.5961,
0,119,1394,0.0,0.0,-10,-0.5961,
0,120,1394,0.0,0.0,-10,-0.5961,
1,116,1359,0.0,0.0,-3,-0.4231,
1,117,1310,0.0,0.0,-3,-0.4231,
1,118,1137,0.0,0.0,-3,-0.4231,
1,119,1080,0.8,0.0,-3,-0.4231,
1,120,1123,3.2,0.0,-3,-0.4231,
1,116,1128,0.0,0.0,5,-0.2251,
1,117,1096,0.0,0.0,4,-0.2261,
1,118,1034,0.0,0.0,4,-0.2234,
1,119,990,0.0,0.0,4,-0.2274,
1,120,925,0.0,0.0,4,-0.226,
0,116,1394,0.0,0.0,-14,-0.8836,
0,117,1392,0.0,0.0,-14,-0.8852,
0,118,1392,0.0,0.0,-14,-0.8852,
0,119,1392,0.0,0.0,-14,-0.8852,
0,120,1392,0.0,0.0,-14,-0.8852,
1,116,-611,0.0,-79.8,-10,-0.409,
1,117,-711,0.0,-97.4,-11,-0.4078,
1,118,-2224,0.0,-100.0,-11,-0.4078,
0,116,1388,0.0,0.0,-17,-0.6462,
0,117,1388,0.0,0.0,-17,-0.6462,
0,118,1388,0.0,0.0,-17,-0.6462,
0,119,1388,0.0,0.0,-17,-0.6462,
0,120,1388,0.0,0.0,-17,-0.6462,
1,116,1533,0.0,0.0,10,-0.072,
1,117,984,0.0,0.0,10,-0.0728,
1,118,908,0.0,0.0,10,-0.0645,
1,119,848,0.0,0.0,12,-0.0501,
1,120,881,0.0,0.0,13,-0.0442,
1,116,1470,0.0,0.0,0,-0.3486,
1,117,1486,0.0,0.0,0,-0.3526,
1,118,1494,0.0,0.0,0,-0.3686,
1,119,1600,0.0,0.0,0,-0.3996,
1,120,1607,0.0,0.0,0,-0.4306,
1,116,301,0.0,0.0,-23,-0.4853,
1,117,206,0.0,0.0,-23,-0.4853,
1,118,111,0.0,0.0,-23,-0.4853,
1,119,16,0.0,0.0,-23,-0.4853,
1,120,-79,0.0,-5.6,-23,-0.4853,
1,116,568,0.0,0.0,-1,-0.1512,
1,117,536,0.0,0.0,-1,-0.1512,
1,118,476,0.0,0.0,-1,-0.1623,
1,119,416,0.0,0.0,-1,-0.1623,
1,120,357,0.0,0.0,-1,-0.1623,
1,116,1731,0.0,0.0,10,-0.086,
1,117,1181,0.0,0.0,10,-0.09,
1,118,1117,0.0,0.0,9,-0.09,
1,119,1033,0.0,0.0,9,-0.09,
1,120,949,0.0,0.0,9,-0.09,
1,116,1381,0.0,0.0,-4,-0.1969,
1,117,863,0.0,0.0,-4,-0.1968,
1,118,802,0.0,0.0,-8,-0.2047,
1,119,741,0.0,0.0,-9,-0.2139,
1,120,685,0.0,0.0,-9,-0.2172,
1,116,1019,0.0,0.0,11,-0.308,
1,117,987,0.0,0.0,11,-0.308,
1,118,927,0.0,0.0,11,-0.308,
1,119,867,0.0,0.0,11,-0.308,
1,120,807,0.0,0.0,11,-0.308,
1,116,910,0.0,0.0,20,0.0207,
1,117,882,0.0,0.0,20,0.0207,
1,118,914,0.0,0.0,20,0.0207,
1,119,834,0.0,0.0,20,0.0207,
1,120,746,0.0,0.0,20,0.0207,
1,116,1446,0.0,0.0,-9,-0.6838,
1,117,1458,0.0,0.0,-12,-0.6758,
1,118,1470,0.0,0.0,-14,-0.6758,
1,119,1477,0.0,0.0,-16,-0.6789,
1,120,910,0.0,0.0,-16,-0.681,
0,116,1165,0.0,0.0,-7,-0.5856,
0,117,1165,0.0,0.0,-7,-0.5856,
0,118,1170,0.0,0.0,-7,-0.5856,
0,119,1170,0.0,0.0,-7,-0.5856,
0,120,1170,0.0,0.0,-7,-0.5856,
0,116,676,0.0,0.0,-34,-0.8811,
0,117,683,0.0,0.0,-34,-0.8811,
0,118,690,0.0,0.0,-34,-0.8811,
0,119,1304,0.0,0.0,-34,-0.8811,
0,120,1316,0.0,0.0,-34,-0.8811,
0,116,935,0.0,0.0,-8,-0.4517,
0,117,935,0.0,0.0,-8,-0.4517,
0,118,943,0.0,0.0,-8,-0.4517,
0,119,951,0.0,0.0,-8,-0.4517,
0,120,959,0.0,0.0,-8,-0.4517,
1,116,1785,0.0,0.0,-8,-0.3146,
1,117,1282,0.0,0.0,-7,-0.2892,
1,118,1240,0.0,0.0,-5,-0.2713,
1,119,1200,0.0,0.0,-4,-0.2573,
1,120,1146,0.0,0.0,-4,-0.2531,
1,116,840,0.0,0.0,-15,-0.2952,
1,117,948,0.0,0.0,-15,-0.2992,
1,118,980,0.0,0.0,-15,-0.3152,
1,119,1024,0.0,0.0,-15,-0.3468,
1,120,1053,0.0,0.0,-14,-0.3783,
1,116,885,0.0,0.0,3,-0.3779,
1,117,845,0.0,0.0,3,-0.3779,
1,118,777,0.0,0.0,3,-0.3779,
1,119,709,0.0,0.0,3,-0.3779,
1,120,633,0.0,0.0,3,-0.3779,
1,116,872,0.0,0.0,-3,-0.2446,
1,117,832,0.0,0.0,-3,-0.2446,
1,118,764,0.0,0.0,-3,-0.2446,
1,119,772,0.0,0.0,-3,-0.2446,
1,120,702,0.0,0.0,-3,-0.2479,
1,116,1353,0.0,0.0,-13,-0.6821,
1,117,1369,0.0,0.0,-13,-0.6741,
1,118,1385,0.0,0.0,-13,-0.6741,
1,119,1401,0.0,0.0,-20,-0.6841,
1,120,1414,0.0,0.0,-21,-0.6911,
1,116,72,0.0,0.0,-37,-0.7561,
1,117,-6,0.0,0.0,-37,-0.7561,
1,118,-84,0.0,0.0,-37,-0.7561,
1,119,-162,0.0,0.0,-37,-0.7561,
1,120,-240,0.0,-0.6,-37,-0.7561,
1,116,1568,0.0,0.0,15,-0.0838,
1,117,1529,0.0,0.0,16,-0.0598,
1,118,1537,0.0,0.0,18,-0.0347,
1,119,1535,0.0,0.0,19,-0.0494,
1,120,1534,0.0,0.0,19,-0.076,
0,116,1318,0.0,0.0,-20,-0.788,
0,117,1338,0.0,0.0,-20,-0.788,
0,118,1350,0.0,0.0,-20,-0.788,
0,119,1350,0.0,0.0,-20,-0.788,
0,120,1350,0.0,0.0,-20,-0.788,
0,116,1541,0.0,0.0,3,-0.4513,
0,117,1541,0.0,0.0,3,-0.4513,
0,118,1541,0.0,0.0,3,-0.4513,
0,119,1541,0.0,0.0,3,-0.4513,
0,120,1541,0.0,0.0,3,-0.4513,
1,116,985,0.0,0.0,-14,-0.4209,
1,117,937,0.0,0.0,-15,-0.4303,
1,118,861,0.0,0.0,-16,-0.4399,
1,119,785,0.0,0.0,-17,-0.4496,
1,120,785,0.0,0.0,-19,-0.459,
1,116,-17,0.0,0.0,-19,-0.5642,
1,117,23,0.0,0.0,-19,-0.5642,
1,118,-65,0.0,0.0,-19,-0.5642,
1,119,-153,0.0,0.0,-19,-0.5642,
1,120,-249,0.0,0.0,-19,-0.5642,
0,116,1554,0.0,0.0,-12,-0.5586,
0,117,1554,0.0,0.0,-12,-0.5586,
0,118,1554,0.0,0.0,-12,-0.5586,
0,119,1554,0.0,0.0,-12,-0.5586,
0,120,1554,0.0,0.0,-12,-0.5586,
0,116,1525,0.0,0.0,-7,-0.4449,
0,117,1541,0.0,0.0,-7,-0.4449,
0,118,1565,0.0,0.0,-7,-0.4449,
0,119,1681,0.0,0.0,-7,-0.4449,
0,120,1689,0.0,0.0,-7,-0.4449,
0,116,1566,0.0,0.0,-11,-0.4217,
0,117,1574,0.0,0.0,-11,-0.4217,
0,118,1582,0.0,0.0,-11,-0.4217,
0,119,1590,0.0,0.0,-11,-0.4217,
0,120,1598,0.0,0.0,-11,-0.4217,
1,116,572,0.0,0.0,-19,-0.3593,
1,117,530,0.0,0.0,-19,-0.3593,
1,118,454,0.0,0.0,-19,-0.3593,
1,119,378,0.0,0.0,-19,-0.3593,
1,120,318,0.0,0.0,-19,-0.3593,
1,116,958,0.0,0.0,-10,-0.5522,
1,117,966,0.0,0.0,-12,-0.5633,
1,118,1079,0.0,0.0,-13,-0.5802,
1,119,1033,0.0,0.0,-15,-0.5909,
1,120,981,0.0,0.0,-17,-0.5983,
1,116,1755,0.0,0.0,-4,-0.1242,
1,117,1762,0.0,0.0,-4,-0.1266,
1,118,1185,0.0,0.0,-4,-0.1331,
1,119,1101,0.0,0.0,-4,-0.1331,
1,120,1017,0.0,0.0,-4,-0.1331,
1,116,914,0.0,0.0,-10,-0.4268,
1,117,920,0.0,0.0,-11,-0.4363,
1,118,758,0.0,0.0,-11,-0.4355,
1,119,800,0.0,0.0,-11,-0.4355,
1,120,732,0.0,0.0,-11,-0.4355,
1,116,308,0.0,0.0,0,-0.4203,
1,117,206,0.0,0.0,-1,-0.4065,
1,118,216,0.0,0.0,-2,-0.4025,
1,119,324,0.0,0.0,-5,-0.4105,
1,120,-232,0.0,0.0,-5,-0.408,
1,116,868,0.0,0.0,4,-0.1231,
1,117,885,0.0,0.0,-2,-0.1471,
1,118,908,0.0,0.0,-2,-0.1547,
1,119,935,0.0,0.0,-7,-0.1661,
1,120,957,0.0,0.0,-8,-0.1659,
1,116,1096,0.0,0.0,-9,-0.4694,
1,117,1136,0.0,0.0,-9,-0.4694,
1,118,1044,0.0,0.0,-9,-0.4694,
1,119,952,0.0,0.0,-9,-0.4694,
1,120,768,0.0,0.0,-9,-0.4694,
0,116,847,0.0,0.0,-16,-0.7183,
0,117,847,0.0,0.0,-16,-0.7183,
0,118,847,0.0,0.0,-16,-0.7183,
0,119,847,0.0,0.0,-16,-0.7183,
0,120,847,0.0,0.0,-16,-0.7183,
0,116,1549,0.0,0.0,0,-0.4439,
0,117,1549,0.0,0.0,0,-0.4439,
0,118,1543,0.0,0.0,-2,-0.4619,
0,119,1542,0.0,0.0,-2,-0.4621,
0,120,1542,0.0,0.0,-2,-0.4621,
1,116,842,0.0,0.0,-23,-0.6311,
1,117,770,0.0,0.0,-23,-0.6305,
1,118,697,0.0,0.0,-24,-0.6254,
1,119,625,0.0,0.0,-24,-0.6217,
1,120,552,0.0,0.0,-26,-0.6254,
1,116,1250,0.0,0.0,-23,-0.4713,
1,117,1282,0.0,0.0,-23,-0.4917,
1,118,1312,0.0,0.0,-23,-0.5092,
1,119,1422,0.0,0.0,-25,-0.548,
1,120,1435,0.0,0.0,-27,-0.578,
1,116,1787,56.0,0.0,19,-0.1637,
1,117,1755,59.2,0.0,19,-0.1637,
1,118,1695,62.4,0.0,19,-0.1637,
1,119,1635,65.6,0.0,19,-0.1637,
1,120,1583,70.4,0.0,19,-0.1637,
1,116,1450,0.0,0.0,0,-0.279,
1,117,1458,0.0,0.0,0,-0.279,
1,118,1466,0.0,0.0,0,-0.291,
1,119,1474,0.0,0.0,0,-0.318,
1,120,1482,0.0,0.0,0,-0.345,
1,116,951,0.0,0.0,-2,-0.3554,
1,117,888,0.0,0.0,-2,-0.3554,
1,118,797,0.0,0.0,-2,-0.3554,
1,119,706,0.0,0.0,-2,-0.3554,
1,120,616,0.0,0.0,-2,-0.3554,
1,116,154,0.0,0.0,-43,-0.8731,
1,117,80,0.0,0.0,-43,-0.8758,
1,118,8,0.0,0.0,-43,-0.8758,
1,119,-64,0.0,0.0,-43,-0.8758,
1,120,-136,0.0,0.0,-43,-0.8758,
0,116,824,0.0,0.0,2,-0.2011,
0,117,1327,0.0,0.0,2,-0.2011,
0,118,1327,0.0,0.0,2,-0.2011,
0,119,1327,0.0,0.0,2,-0.2011,
0,120,1327,0.0,0.0,2,-0.2011,
1,116,1269,0.0,0.0,13,-0.1024,
1,117,1245,0.0,0.0,13,-0.1024,
1,118,1277,0.0,0.0,15,-0.1044,
1,119,1187,0.0,0.0,14,-0.1064,
1,120,1097,0.0,0.0,14,-0.1064,
1,116,420,0.0,0.0,13,-0.1007,
1,117,404,0.0,0.0,13,-0.1007,
1,118,452,0.0,0.0,13,-0.1007,
1,119,392,0.0,0.0,13,-0.1007,
1,120,332,0.0,0.0,13,-0.1007,
1,116,1724,0.0,0.0,8,-0.2383,
1,117,1820,0.0,0.0,8,-0.249,
1,118,1920,0.0,0.0,8,-0.2623,
1,119,1920,0.0,0.0,2,-0.2687,
1,120,1920,0.0,0.0,-2,-0.2752,
0,116,990,0.0,0.0,0,-0.5828,
0,117,1002,0.0,0.0,0,-0.5828,
0,118,1508,0.0,0.0,0,-0.5828,
0,119,1508,0.0,0.0,0,-0.5828,
0,120,1508,0.0,0.0,0,-0.5828,
1,116,1119,0.0,0.0,-3,-0.4688,
1,117,1111,0.0,0.0,-4,-0.4846,
1,118,517,0.0,0.0,-5,-0.4892,
1,119,425,0.0,0.0,-5,-0.4892,
1,120,333,0.0,0.0,-5,-0.4892,
0,116,1934,0.0,0.0,-3,-0.4462,
0,117,1410,0.0,0.0,-3,-0.4462,
0,118,1410,0.0,0.0,-3,-0.4462,
0,119,1410,0.0,0.0,-3,-0.4462,
0,120,1410,0.0,0.0,-3,-0.4462,
1,116,1915,12.8,0.0,10,-0.1437,
1,117,1922,14.0,0.0,9,-0.1463,
1,118,1928,15.2,0.0,9,-0.1597,
1,119,1927,15.2,0.0,7,-0.1837,
1,120,1935,16.8,0.0,6,-0.2033,
1,116,456,0.0,0.0,-23,-0.541,
1,117,429,0.0,0.0,-23,-0.5524,
1,118,374,0.0,0.0,-23,-0.5524,
1,119,331,0.0,0.0,-23,-0.5524,
1,120,271,0.0,0.0,-23,-0.5524,
1,116,247,0.0,-67.2,-19,-0.6519,
1,117,255,0.0,-85.6,-19,-0.6519,
1,118,-1317,0.0,-100.0,-19,-0.6519,
1,116,1242,0.0,0.0,-2,-0.1608,
1,117,1259,0.0,0.0,-1,-0.1426,
1,118,1264,0.0,0.0,-6,-0.1325,
1,119,1262,0.0,0.0,-8,-0.1279,
1,120,681,0.0,0.0,-8,-0.1081,
1,116,860,0.0,0.0,-16,-0.3926,
1,117,828,0.0,0.0,-16,-0.3926,
1,118,766,0.0,0.0,-16,-0.3918,
1,119,690,0.0,0.0,-16,-0.3998,
1,120,614,0.0,0.0,-16,-0.4078,
1,116,1559,0.0,0.0,4,-0.1164,
1,117,1527,0.0,0.0,4,-0.1164,
1,118,1467,0.0,0.0,4,-0.1164,
1,119,1415,0.0,0.0,5,-0.1278,
1,120,1347,0.0,0.0,5,-0.1392,
0,116,1329,0.0,0.0,-28,-0.785,
0,117,1329,0.0,0.0,-28,-0.785,
0,118,1329,0.0,0.0,-28,-0.785,
0,119,1329,0.0,0.0,-28,-0.785,
0,120,1329,0.0,0.0,-28,-0.785,
0,116,1307,0.0,0.0,-20,-1.014,
0,117,1307,0.0,0.0,-20,-1.014,
0,118,1307,0.0,0.0,-20,-1.014,
0,119,1307,0.0,0.0,-20,-1.014,
0,120,1307,0.0,0.0,-20,-1.014,
1,116,1092,0.0,0.0,-8,-0.2607,
1,117,1076,0.0,0.0,-8,-0.2607,
1,118,1128,0.0,0.0,-8,-0.2607,
1,119,1052,0.0,0.0,-8,-0.2721,
1,120,976,0.0,0.0,-8,-0.2835,
0,116,1524,0.0,0.0,9,-0.2639,
0,117,1524,0.0,0.0,9,-0.2639,
0,118,1524,0.0,0.0,9,-0.2639,
0,119,1524,0.0,0.0,9,-0.2639,
0,120,1524,0.0,0.0,9,-0.2639,
0,116,1604,0.0,0.0,0,-0.6582,
0,117,1612,0.0,0.0,0,-0.6582,
0,118,1620,0.0,0.0,0,-0.6582,
0,119,1628,0.0,0.0,0,-0.6582,
0,120,1652,0.0,0.0,0,-0.6582,
0,116,1563,0.0,0.0,-25,-0.6762,
0,117,1571,0.0,0.0,-25,-0.6762,
0,118,1579,0.0,0.0,-25,-0.6762,
0,119,1591,0.0,0.0,-25,-0.6762,
0,120,1603,0.0,0.0,-25,-0.6762,
0,116,1672,0.0,0.0,7,-0.2058,
0,117,1672,0.0,0.0,7,-0.2058,
0,118,1688,0.0,0.0,7,-0.2058,
0,119,1704,0.0,0.0,7,-0.2058,
0,120,1812,0.0,0.0,7,-0.2058,
1,116,2090,4.0,0.0,-5,-0.2757,
1,117,2031,12.0,0.0,-6,-0.2814,
1,118,1496,20.0,0.0,-6,-0.2808,
1,119,1462,28.0,0.0,-6,-0.2808,
1,120,1424,32.8,0.0,-6,-0.2808,
1,116,1356,0.0,0.0,15,-0.0223,
1,117,1358,0.0,0.0,15,-0.0076,
1,118,1360,0.0,0.0,14,-0.0024,
1,119,1362,0.0,0.0,11,-0.0091,
1,120,1364,0.0,0.0,6,-0.0144,
1,116,1007,0.0,0.0,11,-0.2224,
1,117,1015,0.0,0.0,9,-0.2251,
1,118,1035,0.0,0.0,9,-0.2332,
1,119,1040,0.0,0.0,7,-0.248,
1,120,567,0.0,0.0,7,-0.2529,
1,116,1671,0.0,0.0,-4,-0.3494,
1,117,1685,0.0,0.0,-6,-0.3464,
1,118,1230,0.0,0.0,-6,-0.3496,
1,119,1170,0.0,0.0,-6,-0.3496,
1,120,1110,2.0,0.0,-6,-0.3496,
1,116,962,0.0,0.0,-1,-0.4006,
1,117,846,0.0,0.0,-1,-0.4006,
1,118,857,0.0,0.0,-5,-0.4112,
1,119,858,0.0,0.0,-7,-0.4292,
1,120,857,0.0,0.0,-8,-0.4358,
0,116,1798,0.0,0.0,-12,-0.7008,
0,117,1798,0.0,0.0,-12,-0.7008,
0,118,1798,0.0,0.0,-12,-0.7008,
0,119,1798,0.0,0.0,-12,-0.7008,
0,120,1798,0.0,0.0,-12,-0.7008,
1,116,706,0.0,0.0,-22,-0.5802,
1,117,606,0.0,0.0,-22,-0.5802,
1,118,506,0.0,-1.0,-22,-0.5802,
1,119,506,0.0,-1.0,-22,-0.5802,
1,120,412,0.0,-18.6,-22,-0.5856,
1,116,1170,0.0,0.0,-13,-0.7039,
1,117,633,0.0,0.0,-13,-0.704,
1,118,464,0.0,0.0,-15,-0.7109,
1,119,409,0.0,0.0,-15,-0.7109,
1,120,346,0.0,0.0,-15,-0.7109,
1,116,1347,0.0,0.0,7,-0.2248,
1,117,1314,0.0,0.0,5,-0.2305,
1,118,1260,0.0,0.0,5,-0.2361,
1,119,1206,0.0,0.0,5,-0.2437,
1,120,1128,0.0,0.0,5,-0.2454,
1,116,1039,0.0,0.0,1,-0.2248,
1,117,1010,0.0,0.0,1,-0.2248,
1,118,953,0.0,0.0,1,-0.2248,
1,119,896,0.0,0.0,1,-0.2248,
1,120,839,0.0,0.0,1,-0.2364,
1,116,2019,12.2,0.0,0,-0.3994,
1,117,1448,12.2,0.0,0,-0.3914,
1,118,1349,12.2,0.0,0,-0.3914,
1,119,1290,12.2,0.0,0,-0.3914,
1,120,1245,12.2,0.0,0,-0.3994,
1,116,1864,0.0,0.0,24,-0.0466,
1,117,1328,0.0,0.0,23,-0.0492,
1,118,1263,0.0,0.0,21,-0.0504,
1,119,1195,0.0,0.0,21,-0.0542,
1,120,1124,0.0,0.0,21,-0.0542,
1,116,802,0.0,0.0,-17,-0.4032,
1,117,745,0.0,0.0,-18,-0.4136,
1,118,659,0.0,0.0,-18,-0.4136,
1,119,485,2.0,0.0,-18,-0.4136,
1,120,426,4.4,0.0,-18,-0.4136,
1,116,1140,3.2,0.0,10,-0.0552,
1,117,1115,4.8,0.0,10,-0.0552,
1,118,1062,6.4,0.0,10,-0.0552,
1,119,1025,8.0,0.0,10,-0.0552,
1,120,1075,9.6,0.0,10,-0.0552,
1,116,502,0.0,0.0,-40,-0.9319,
1,117,-86,0.0,0.0,-42,-0.9613,
1,118,-166,0.0,0.0,-42,-0.9613,
1,119,-254,0.0,0.0,-42,-0.9613,
1,120,-344,0.0,0.0,-43,-0.967,
1,116,800,0.0,0.0,-1,-0.5162,
1,117,774,0.0,0.0,-1,-0.5162,
1,118,712,0.0,0.0,-1,-0.5162,
1,119,766,0.8,0.0,-1,-0.5162,
1,120,706,0.8,0.0,-1,-0.5275,
1,116,1802,0.0,0.0,14,-0.0135,
1,117,1758,0.0,0.0,12,-0.0055,
1,118,1685,0.0,0.0,12,-0.0055,
1,119,1612,0.0,0.0,12,-0.0055,
1,120,1539,0.0,0.0,12,-0.0055,
1,116,908,0.0,0.0,5,-0.0502,
1,117,925,0.0,0.0,5,-0.0598,
1,118,925,0.0,0.0,5,-0.0799,
1,119,926,0.0,0.0,5,-0.1053,
1,120,924,0.0,0.0,5,-0.1343,
1,116,796,0.0,0.0,-26,-0.6581,
1,117,756,0.0,0.0,-26,-0.6621,
1,118,664,0.0,0.0,-26,-0.6661,
1,119,572,0.0,0.0,-26,-0.6661,
1,120,480,0.0,0.0,-26,-0.6661,
1,116,1087,0.0,0.0,7,-0.308,
1,117,931,0.0,0.0,7,-0.308,
1,118,971,0.0,0.0,7,-0.308,
1,119,917,0.0,0.0,7,-0.308,
1,120,871,0.0,0.0,7,-0.317,
1,116,1964,0.0,0.0,27,-0.0107,
1,117,2095,0.0,0.0,27,-0.0146,
1,118,2111,0.0,0.0,27,-0.0316,
1,119,2126,0.0,0.0,23,-0.0629,
1,120,2138,0.0,0.0,21,-0.0825,
1,116,1530,0.0,0.0,14,0.1748,
1,117,1516,0.0,0.0,14,0.1875,
1,118,1510,0.0,0.0,14,0.1893,
1,119,1526,0.0,0.0,14,0.1773,
1,120,1423,0.0,0.0,14,0.1581,
0,116,1547,0.0,0.0,-9,-0.532,
0,117,1555,0.0,0.0,-9,-0.532,
0,118,1563,0.0,0.0,-9,-0.532,
0,119,1571,0.0,0.0,-9,-0.532,
0,120,1579,0.0,0.0,-9,-0.532,
1,116,1488,0.0,0.0,-4,-0.1013,
1,117,1488,0.0,0.0,-4,-0.0959,
1,118,1488,0.0,0.0,-4,-0.1093,
1,119,1504,0.0,0.0,-3,-0.1359,
1,120,1518,0.0,0.0,-4,-0.1683,
1,116,891,0.0,0.0,4,0.0141,
1,117,863,0.0,0.0,4,0.0141,
1,118,807,0.0,0.0,4,0.0141,
1,119,783,0.0,0.0,4,0.0141,
1,120,759,0.0,0.0,4,0.0141,
1,116,812,0.0,0.0,-6,-0.2069,
1,117,828,0.0,0.0,-6,-0.1989,
1,118,844,0.0,0.0,-6,-0.2029,
1,119,860,0.0,0.0,-7,-0.2128,
1,120,876,0.0,0.0,-10,-0.2299,
1,116,1159,0.0,0.0,-8,-0.4084,
1,117,1180,0.0,0.0,-9,-0.4087,
1,118,1093,0.0,0.0,-10,-0.4272,
1,119,539,0.0,0.0,-10,-0.4288,
1,120,491,0.0,0.0,-10,-0.4288,
1,116,1519,0.0,0.0,-3,-0.4414,
1,117,1519,0.0,0.0,-3,-0.4277,
1,118,1527,0.0,0.0,-3,-0.4235,
1,119,1537,0.0,0.0,-3,-0.4347,
1,120,1538,0.0,0.0,-4,-0.4484,
1,116,1312,0.0,0.0,-13,-0.199,
1,117,788,0.0,0.0,-13,-0.2012,
1,118,739,0.0,0.0,-13,-0.2049,
1,119,691,0.0,0.0,-14,-0.1943,
1,120,616,0.0,0.0,-14,-0.1937,
1,116,-91,0.0,0.0,-18,-0.3241,
1,117,-179,0.0,0.0,-18,-0.3241,
1,118,-264,0.0,0.0,-18,-0.3241,
1,119,-349,0.0,-1.2,-18,-0.3273,
1,120,-346,0.0,-1.2,-19,-0.3304,
1,116,2052,0.0,0.0,4,0.0496,
1,117,2052,0.0,0.0,4,0.0456,
1,118,2052,0.0,0.0,4,0.0296,
1,119,2044,0.0,0.0,4,-0.0014,
1,120,2036,0.0,0.0,3,-0.0324,
0,116,1329,0.0,0.0,-4,-0.3639,
0,117,1329,0.0,0.0,-4,-0.3639,
0,118,1329,0.0,0.0,-4,-0.3639,
0,119,1329,0.0,0.0,-4,-0.3639,
0,120,1329,0.0,0.0,-4,-0.3639,
1,116,1868,72.0,0.0,6,-0.0446,
1,117,1884,75.2,0.0,6,-0.0552,
1,118,1884,75.2,0.0,6,-0.078,
1,119,1884,75.2,0.0,6,-0.1157,
1,120,1883,75.2,0.0,4,-0.1575,
1,116,952,0.0,0.0,-4,-0.2245,
1,117,920,0.0,0.0,-4,-0.2245,
1,118,860,0.0,0.0,-4,-0.2245,
1,119,904,0.0,0.0,-4,-0.2245,
1,120,844,0.0,0.0,-4,-0.2245,
1,116,665,0.0,0.0,1,-0.1067,
1,117,641,0.0,0.0,1,-0.1067,
1,118,681,0.0,0.0,1,-0.1067,
1,119,613,0.0,0.0,1,-0.118,
1,120,545,0.0,0.0,1,-0.1293,
0,116,1204,0.0,0.0,-14,-0.3955,
0,117,1204,0.0,0.0,-14,-0.3955,
0,118,1204,0.0,0.0,-14,-0.3955,
0,119,1204,0.0,0.0,-14,-0.3955,
0,120,1212,0.0,0.0,-14,-0.3955,
0,116,1437,0.0,0.0,-23,-0.8166,
0,117,1453,0.0,0.0,-23,-0.8166,
0,118,1561,0.0,0.0,-23,-0.8166,
0,119,1561,0.0,0.0,-23,-0.8166,
0,120,2068,0.0,0.0,-23,-0.8166,
1,116,-34,0.0,0.0,-30,-0.5496,
1,117,-24,0.0,0.0,-30,-0.5496,
1,118,-118,0.0,-0.8,-30,-0.5496,
1,119,-212,0.0,-18.4,-30,-0.5496,
1,120,-312,0.0,-36.0,-30,-0.5496,
1,116,666,0.0,-6.0,6,-0.1235,
1,117,590,0.0,-23.6,6,-0.1235,
1,118,538,0.0,-41.2,6,-0.1235,
1,119,462,0.0,-58.8,6,-0.1275,
1,120,478,0.0,-76.4,6,-0.1275,
1,116,-1409,0.0,0.0,12,0.5854,
1,117,-1425,0.0,0.0,12,0.5854,
1,118,-1441,0.0,0.0,12,0.5854,
1,119,-1441,0.0,0.0,12,0.5854,
1,120,-1441,0.0,0.0,12,0.5854,
0,116,-1356,0.0,0.0,-12,0.0953,
0,117,-1416,0.0,0.0,-12,0.0953,
0,118,-1364,0.0,0.0,-12,0.0953,
0,119,-1312,0.0,0.0,-8,0.0975,
0,120,-1259,0.0,0.0,-7,0.1,
0,116,1666,100.0,0.0,17,0.6745,
1,116,-1345,0.0,0.0,-10,0.4459,
1,117,-1353,0.0,0.0,-10,0.4459,
1,118,-1361,0.0,0.0,-10,0.4459,
1,119,-1369,0.0,0.0,-10,0.4459,
1,120,-1369,0.0,0.0,-10,0.4459,
1,116,-1510,0.0,0.0,17,0.5701,
1,117,-1518,0.0,0.0,17,0.5701,
1,118,-1526,0.0,0.0,17,0.5701,
1,119,-1534,0.0,0.0,17,0.5701,
1,120,-1542,0.0,0.0,17,0.5701,
0,116,-805,0.0,0.0,5,0.3156,
0,117,-765,0.0,0.0,5,0.3156,
0,118,-766,0.0,0.0,5,0.3156,
0,119,-742,0.0,0.0,5,0.3156,
0,120,-634,0.0,0.0,5,0.3422,
0,116,-1002,0.0,0.0,-5,0.2145,
0,117,-959,0.0,0.0,-5,0.2171,
0,118,-918,0.0,0.0,-5,0.2171,
0,119,-849,0.0,0.0,-6,0.217,
0,120,-771,0.0,0.0,-6,0.2176,
0,116,-1219,0.0,0.0,0,0.181,
0,117,-1251,0.0,0.0,0,0.173,
0,118,-1307,0.0,0.0,3,0.173,
0,119,-1435,0.0,0.0,6,0.1795,
0,120,-1455,0.0,0.0,6,0.186,
0,116,-1031,0.0,0.0,1,0.1403,
0,117,-1111,0.0,0.0,0,0.1403,
0,118,-1060,0.0,0.0,0,0.1405,
0,119,-992,0.0,0.0,-1,0.14,
0,120,-924,0.0,0.0,-2,0.1394,
0,116,-2320,0.0,0.0,-16,-0.0349,
0,117,-1784,0.0,0.0,-16,-0.0445,
0,118,-1728,0.0,0.0,-17,-0.0525,
0,119,-1669,0.0,0.0,-17,-0.0525,
0,120,-1610,0.0,0.0,-17,-0.0525,
0,116,-522,0.0,0.0,12,0.3521,
0,117,-498,0.0,0.0,12,0.3591,
0,118,-446,0.0,0.0,14,0.3661,
0,119,-377,0.0,0.0,14,0.3674,
0,120,-293,0.0,0.0,14,0.3674,
0,116,-318,0.0,0.0,19,0.6692,
0,117,-342,0.0,0.0,19,0.6692,
0,118,-350,0.0,0.0,19,0.6692,
0,119,-356,0.0,0.0,24,0.682,
0,120,-360,0.0,0.0,27,0.6869,
0,116,-1016,0.0,0.0,8,0.4614,
0,117,-992,0.0,0.0,8,0.4731,
0,118,-940,0.0,0.0,8,0.4844,
0,119,-896,0.0,0.0,8,0.4934,
0,120,-860,0.0,0.0,8,0.5047,
0,116,-81,0.0,0.0,14,0.43,
0,117,-77,0.0,0.0,14,0.43,
0,118,-103,0.0,0.0,14,0.43,
0,119,-116,0.0,0.0,14,0.4467,
0,120,-127,0.0,0.0,14,0.4471,
0,116,-1054,0.0,-10.0,12,0.556,
0,117,-1063,0.0,-10.2,12,0.548,
0,118,-1072,0.0,-10.4,12,0.552,
0,119,-1089,0.0,-12.2,12,0.583,
0,120,-1106,0.0,-14.0,13,0.614,
0,116,-1688,0.0,0.0,-21,0.1224,
0,117,-1711,0.0,0.0,-20,0.1281,
0,118,-1720,0.0,0.0,-20,0.1463,
0,119,-1826,0.0,0.0,-20,0.1733,
0,120,-1252,0.0,0.0,-19,0.2003,
0,116,-1544,0.0,0.0,14,0.4931,
0,117,-939,0.0,0.0,14,0.4944,
0,118,-839,0.0,0.0,14,0.4944,
0,119,-739,0.0,0.0,14,0.4944,
0,120,-639,0.0,0.0,14,0.4944,
0,116,-765,0.0,0.0,21,0.4756,
0,117,-737,0.0,0.0,21,0.4756,
0,118,-851,0.0,0.0,21,0.4756,
0,119,-761,0.0,0.0,21,0.4756,
0,120,-579,0.0,0.0,21,0.4756,
0,116,-802,0.0,0.0,-1,-0.0357,
0,117,-712,0.0,0.0,-1,-0.0362,
0,118,-701,0.0,0.0,-1,-0.0229,
0,119,-785,0.0,0.0,-2,0.0038,
0,120,-767,0.0,0.0,1,0.0305,
0,116,-1036,0.0,0.0,-16,0.1543,
0,117,-988,0.0,0.0,-16,0.1543,
0,118,-912,0.0,0.0,-16,0.1543,
0,119,-836,0.0,0.0,-16,0.1543,
0,120,-760,0.0,0.0,-16,0.1543,
0,116,-1174,0.0,0.0,-7,0.0827,
0,117,-1240,0.0,0.0,-6,0.0881,
0,118,-1170,0.0,0.0,-6,0.0929,
0,119,-1108,0.0,0.0,-7,0.1,
0,120,-1048,0.0,0.0,-7,0.1112,
0,116,-1275,0.0,0.0,1,0.5653,
0,117,-1207,0.0,0.0,1,0.5653,
0,118,-1213,0.0,0.0,1,0.5653,
0,119,-1039,0.0,0.0,1,0.5653,
0,120,-1047,0.0,0.0,1,0.5653,
0,116,285,0.0,0.0,21,0.6507,
0,117,238,0.0,0.0,21,0.6507,
0,118,214,0.0,0.0,21,0.6507,
0,119,191,0.0,0.0,22,0.6509,
0,120,172,0.0,0.0,24,0.6519,
0,116,-453,0.0,0.0,35,0.7875,
0,117,-389,0.0,0.0,35,0.7964,
0,118,-313,0.0,0.0,35,0.7964,
0,119,-139,0.0,0.0,35,0.7964,
0,120,-71,0.0,0.0,35,0.7964,
0,116,-743,0.0,0.0,14,0.3561,
0,117,-697,0.0,0.0,14,0.3561,
0,118,-621,0.0,0.0,14,0.3561,
0,119,-551,0.0,0.0,14,0.3673,
0,120,-481,0.0,0.0,14,0.3785,
0,116,-1568,0.0,0.0,-8,0.0036,
0,117,-1018,0.0,0.0,-8,0.0076,
0,118,-940,0.0,0.0,-8,0.0076,
0,119,-862,0.0,0.0,-8,0.0076,
0,120,-784,0.0,0.0,-8,0.0076,
0,116,-1155,0.0,0.0,-2,0.1014,
0,117,-1120,0.0,0.0,-2,0.1014,
0,118,-1057,0.0,0.0,-2,0.1014,
0,119,-986,0.0,0.0,-2,0.1014,
0,120,-927,0.0,0.0,-2,0.1014,
0,116,-1517,0.0,0.0,25,0.6405,
0,117,-844,0.0,0.0,25,0.651,
0,118,-784,0.0,0.0,25,0.651,
0,119,-724,0.0,0.0,25,0.658,
0,120,-664,0.0,0.0,26,0.6649,
0,116,-826,0.0,0.0,14,0.6123,
0,117,-842,0.0,0.0,14,0.6108,
0,118,-793,0.0,0.0,15,0.6064,
0,119,-841,0.0,0.0,16,0.5908,
0,120,-781,0.0,0.0,15,0.575,
0,116,-1708,0.0,0.0,-14,0.0032,
0,117,-1618,0.0,0.0,-14,0.0072,
0,118,-1726,0.0,0.0,-14,0.0232,
0,119,-1736,0.0,0.0,-13,0.0542,
0,120,-1845,0.0,0.0,-10,0.0833,
1,116,-1374,0.0,0.0,0,0.4554,
1,117,-1398,0.0,0.0,0,0.4554,
1,118,-1406,0.0,0.0,0,0.4554,
1,119,-1414,0.0,0.0,0,0.4554,
1,120,-1414,0.0,0.0,0,0.4554,
0,116,-950,0.0,0.0,5,0.2202,
0,117,-1007,0.0,0.0,5,0.2202,
0,118,-1017,0.0,0.0,5,0.2202,
0,119,-927,0.0,0.0,5,0.2202,
0,120,-837,0.0,0.0,5,0.2202,
0,116,174,0.0,0.0,21,0.6483,
0,117,214,0.0,0.0,21,0.6483,
0,118,282,0.0,0.0,21,0.6483,
0,119,442,0.0,0.0,21,0.6483,
0,120,479,0.0,0.0,21,0.6483,
0,116,-1246,0.0,0.0,-15,-0.1143,
0,117,-1314,0.0,0.0,-16,-0.1217,
0,118,-1322,0.0,0.0,-16,-0.1292,
0,119,-1344,0.0,0.0,-12,-0.1187,
0,120,-1357,0.0,0.0,-11,-0.1101,
0,116,-846,0.0,0.0,-2,0.1179,
0,117,-824,0.0,0.0,-2,0.1179,
0,118,-837,0.0,0.0,0,0.1166,
0,119,-845,0.0,0.0,0,0.1251,
0,120,-782,0.0,0.0,-1,0.1315,
0,116,-1099,0.0,0.0,28,0.5268,
0,117,-1021,0.0,0.0,28,0.5373,
0,118,-965,0.0,0.0,28,0.5373,
0,119,-909,0.0,0.0,28,0.5373,
0,120,-845,0.0,0.0,28,0.5373,
0,116,-1658,0.0,0.0,15,0.4881,
0,117,-1083,0.0,0.0,15,0.4865,
0,118,-993,0.0,0.0,15,0.4865,
0,119,-1001,0.0,0.0,15,0.4865,
0,120,-825,0.0,0.0,15,0.4865,
1,116,-1410,0.0,0.0,-1,0.4415,
1,117,-1410,0.0,0.0,-1,0.4415,
1,118,-1410,0.0,0.0,-1,0.4415,
1,119,-1410,0.0,0.0,-1,0.4415,
1,120,-1410,0.0,0.0,-1,0.4415,
0,116,-1122,0.0,0.0,11,0.4889,
0,117,-1173,0.0,0.0,11,0.4889,
0,118,-1075,0.0,0.0,11,0.4889,
0,119,-977,0.0,0.0,11,0.4889,
0,120,-879,0.0,0.0,11,0.4889,
1,116,-1009,0.0,0.0,3,0.4127,
1,117,-1009,0.0,0.0,3,0.4127,
1,118,-1009,0.0,0.0,3,0.4127,
1,119,-1009,0.0,0.0,3,0.4127,
1,120,-1009,0.0,0.0,3,0.4127,
1,116,-1115,0.0,0.0,29,0.6901,
1,117,-1098,0.0,0.0,30,0.7049,
1,118,-1057,0.0,0.0,30,0.7063,
1,119,-993,0.0,0.0,30,0.7063,
1,120,-905,0.0,0.0,30,0.7063,
0,116,-529,0.0,0.0,6,0.2412,
0,117,-513,0.0,0.0,6,0.2528,
0,118,-469,0.0,0.0,6,0.264,
0,119,-517,0.0,0.0,6,0.264,
0,120,-457,0.0,0.0,6,0.264,
1,116,-1380,0.0,0.0,23,0.8887,
1,117,-1373,0.0,0.0,30,0.9297,
1,118,-1372,0.0,0.0,30,0.9299,
1,119,-1372,0.0,0.0,30,0.9299,
1,120,-1372,0.0,0.0,30,0.9299,
0,116,-682,0.0,0.0,27,0.5997,
0,117,-613,0.0,0.0,27,0.5997,
0,118,-538,0.0,0.0,27,0.5997,
0,119,-456,13.0,0.0,27,0.5997,
0,120,-374,30.6,0.0,27,0.5997,
0,116,-415,0.0,0.0,10,0.2501,
0,117,-382,0.0,0.0,10,0.2501,
0,118,-422,0.0,0.0,10,0.2501,
0,119,-349,0.0,0.0,10,0.2427,
0,120,-275,0.0,0.0,9,0.2314,
1,116,-1415,0.0,0.0,-12,0.1957,
1,117,-1415,0.0,0.0,-12,0.1957,
1,118,-1415,0.0,0.0,-12,0.1957,
1,119,-1415,0.0,0.0,-12,0.1957,
1,120,-1415,0.0,0.0,-12,0.1957,
0,116,-1335,0.0,0.0,-17,-0.0653,
0,117,-1443,0.0,0.0,-17,-0.0626,
0,118,-1451,0.0,0.0,-17,-0.0493,
0,119,-1467,0.0,0.0,-17,-0.0226,
0,120,-923,0.0,0.0,-16,0.0041,
0,116,-826,0.0,0.0,12,0.0335,
0,117,-834,0.0,0.0,12,0.0375,
0,118,-842,0.0,0.0,12,0.0535,
0,119,-850,0.0,0.0,12,0.0845,
0,120,-858,0.0,0.0,12,0.1155,
0,116,-1253,0.0,0.0,-1,0.1788,
0,117,-1305,0.0,0.0,0,0.189,
0,118,-971,0.0,0.0,1,0.2032,
0,119,-907,0.0,0.0,1,0.2032,
0,120,-843,0.0,0.0,1,0.2032,
0,116,-1085,0.0,0.0,-13,0.1275,
0,117,-1189,0.0,0.0,-13,0.1275,
0,118,-1141,0.0,0.0,-13,0.1275,
0,119,-1093,0.0,0.0,-13,0.1275,
0,120,-1037,0.0,0.0,-13,0.1275,
1,116,-611,0.0,0.0,34,0.8764,
1,117,-611,0.0,0.0,34,0.8764,
1,118,-611,0.0,0.0,34,0.8764,
1,119,-712,0.0,0.0,34,0.8764,
1,120,-712,0.0,0.0,34,0.8764,
1,116,-1296,0.0,0.0,41,0.9682,
1,117,-1415,0.0,0.0,41,0.9682,
1,118,-1525,0.0,0.0,41,0.9682,
1,119,-1525,0.0,0.0,41,0.9682,
1,120,-1525,0.0,0.0,41,0.9682,
0,116,-532,0.0,0.0,27,0.6463,
0,117,-521,0.0,0.0,28,0.6448,
0,118,41,0.0,0.0,28,0.6463,
0,119,41,0.0,0.0,28,0.6529,
0,120,118,0.0,0.0,28,0.6643,
1,116,-1520,0.0,0.0,4,0.333,
1,117,-1528,0.0,0.0,4,0.333,
1,118,-1536,0.0,0.0,4,0.333,
1,119,-1544,0.0,0.0,4,0.333,
1,120,-1552,0.0,0.0,4,0.333,
0,116,-902,0.0,0.0,1,0.4326,
0,117,-861,0.0,0.0,1,0.4409,
0,118,-792,0.0,0.0,1,0.4491,
0,119,-724,0.0,0.0,1,0.4491,
0,120,-772,0.0,0.0,3,0.4514,
0,116,-2260,0.0,0.0,-39,-0.2629,
0,117,-2276,0.0,0.0,-38,-0.2804,
0,118,-2300,0.0,0.0,-38,-0.2684,
0,119,-2324,0.0,0.0,-38,-0.2414,
0,120,-1888,0.0,0.0,-37,-0.2144,
0,116,225,81.6,0.0,33,0.817,
0,117,317,99.2,0.0,33,0.817,
0,118,1823,100.0,0.0,33,0.817,
1,116,-1139,0.0,0.0,15,0.5664,
1,117,-1139,0.0,0.0,15,0.5664,
1,118,-1139,0.0,0.0,15,0.5664,
1,119,-1139,0.0,0.0,15,0.5664,
1,120,-1139,0.0,0.0,15,0.5664,
0,116,-1177,0.0,0.0,32,0.6324,
0,117,-1153,0.0,0.0,32,0.6437,
0,118,-1077,0.0,0.0,32,0.6549,
0,119,-921,0.0,0.0,32,0.6549,
0,120,-869,0.0,0.0,32,0.6549,
0,116,-1289,0.0,0.0,15,0.4452,
0,117,-1275,0.0,0.0,15,0.4568,
0,118,-1233,0.0,0.0,15,0.468,
0,119,-1362,0.0,-3.0,15,0.468,
0,120,-1379,0.0,-7.0,20,0.4893,
0,116,-1518,0.0,0.0,-13,0.0365,
0,117,-1546,0.0,0.0,-13,0.0285,
0,118,-1574,0.0,0.0,-12,0.0285,
0,119,-1598,0.0,0.0,-6,0.0385,
0,120,-1711,0.0,0.0,-5,0.0445,
1,116,-1647,0.0,0.0,19,0.7309,
1,117,-1642,0.0,0.0,19,0.7327,
1,118,-2158,0.0,0.0,19,0.7327,
1,119,-2174,0.0,0.0,19,0.7327,
1,120,-2190,0.0,0.0,19,0.7327,
0,116,-1433,0.0,0.0,4,0.2255,
0,117,-1439,0.0,0.0,5,0.2392,
0,118,-1444,0.0,0.0,6,0.2465,
0,119,-1449,0.0,0.0,5,0.2602,
0,120,-1458,0.0,0.0,9,0.2812,
0,116,-605,0.0,0.0,-4,0.1779,
0,117,-465,0.0,0.0,-4,0.1779,
0,118,-437,0.0,0.0,-4,0.1779,
0,119,-489,0.0,0.0,-4,0.1779,
0,120,-529,0.0,0.0,-4,0.1779,
0,116,675,45.4,0.0,18,0.5827,
0,117,875,63.0,0.0,18,0.5827,
0,118,947,80.6,0.0,18,0.5827,
0,119,1019,98.2,0.0,18,0.5827,
0,120,2512,100.0,0.0,18,0.5867,
0,116,-1172,0.0,0.0,5,0.3966,
0,117,-1196,0.0,0.0,5,0.3966,
0,118,-1220,0.0,0.0,5,0.4086,
0,119,-1244,0.0,0.0,5,0.4388,
0,120,-1268,0.0,0.0,5,0.4812,
0,116,-1503,0.0,0.0,-11,-0.0262,
0,117,-1474,0.0,0.0,-13,-0.0281,
0,118,-1414,0.0,0.0,-13,-0.0306,
0,119,-1347,0.0,0.0,-13,-0.0331,
0,120,-1281,0.0,0.0,-13,-0.0361,
0,116,-1310,0.0,0.0,-6,0.0092,
0,117,-1286,0.0,0.0,-6,0.0105,
0,118,-1237,0.0,0.0,-6,0.0149,
0,119,-1174,0.0,0.0,-6,0.0232,
0,120,-1106,0.0,0.0,-6,0.0232,
0,116,-691,6.2,0.0,9,0.6026,
0,117,-701,6.2,0.0,15,0.6476,
0,118,-629,23.8,0.0,17,0.6688,
0,119,-572,41.4,0.0,17,0.6728,
0,120,-598,59.0,0.0,17,0.6768,
1,116,-1287,0.0,0.0,10,0.3221,
1,117,-1287,0.0,0.0,10,0.3221,
1,118,-1287,0.0,0.0,10,0.3221,
1,119,-1282,0.0,0.0,12,0.3423,
1,120,-1281,0.0,0.0,12,0.3417,
0,116,-1480,0.0,-24.0,4,0.2997,
0,117,-1440,0.0,-25.6,4,0.3066,
0,118,-1372,0.0,-27.2,4,0.313,
0,119,-1304,0.0,-28.8,4,0.3244,
0,120,-1236,0.0,-30.4,4,0.3356,
0,116,-960,0.0,0.0,-4,0.1634,
0,117,-1026,0.0,0.0,-4,0.1634,
0,118,-952,0.0,0.0,-4,0.1634,
0,119,-900,0.0,0.0,-4,0.1634,
0,120,-854,0.0,0.0,-5,0.1624,
1,116,-1571,0.0,0.0,39,1.058,
1,117,-1571,0.0,0.0,39,1.058,
1,118,-1571,0.0,0.0,39,1.058,
1,119,-1571,0.0,0.0,39,1.058,
1,120,-1571,0.0,0.0,39,1.058,
0,116,89,0.0,0.0,12,0.3545,
0,117,114,0.0,0.0,12,0.3545,
0,118,167,0.0,0.0,12,0.3545,
0,119,227,0.0,0.0,12,0.3545,
0,120,287,0.0,0.0,12,0.3619,
1,116,-1802,0.0,0.0,0,0.4783,
1,117,-1802,0.0,0.0,0,0.4783,
1,118,-1802,0.0,0.0,0,0.4783,
1,119,-1802,0.0,0.0,0,0.4783,
1,120,-1802,0.0,0.0,0,0.4783,
0,116,325,19.6,0.0,16,0.7739,
0,117,411,39.2,0.0,16,0.7739,
0,118,-15,58.8,0.0,16,0.7739,
0,119,59,78.4,0.0,16,0.7739,
0,120,133,98.0,0.0,16,0.7739,
1,116,-1408,0.0,0.0,3,0.5106,
1,117,-1408,0.0,0.0,3,0.5106,
1,118,-1408,0.0,0.0,3,0.5106,
1,119,-1408,0.0,0.0,3,0.5106,
1,120,-1512,0.0,0.0,3,0.5106,
0,116,-1074,0.0,0.0,23,0.5532,
0,117,-992,0.0,0.0,23,0.5463,
0,118,-904,14.4,0.0,23,0.5459,
0,119,-816,32.0,0.0,23,0.5455,
0,120,-728,49.6,0.0,23,0.5451,
0,116,-1156,0.0,0.0,27,0.6097,
0,117,-1181,0.0,0.0,32,0.6354,
0,118,-1186,0.0,0.0,33,0.6534,
0,119,-1299,0.0,0.0,34,0.6673,
0,120,-1304,0.0,0.0,35,0.6884,
0,116,-341,0.0,0.0,11,0.3515,
0,117,-261,0.0,0.0,11,0.3515,
0,118,-181,0.0,0.0,11,0.3515,
0,119,-101,0.8,0.0,11,0.3515,
0,120,-21,18.4,0.0,11,0.3515,
0,116,-524,42.4,0.0,2,0.5729,
0,117,-518,42.4,0.0,2,0.5729,
0,118,-512,42.4,0.0,4,0.6229,
0,119,-502,42.4,0.0,9,0.6637,
0,120,-403,60.2,0.0,10,0.6757,
0,116,-1273,0.0,0.0,10,0.2883,
0,117,-1209,0.0,0.0,13,0.3006,
0,118,-1117,0.0,0.0,13,0.3006,
0,119,-929,0.0,0.0,13,0.3006,
0,120,-861,0.0,0.0,13,0.3006,
1,116,-1697,0.0,0.0,10,0.6533,
1,117,-1697,0.0,0.0,10,0.6533,
1,118,-2205,0.0,0.0,13,0.6533,
1,119,-2213,0.0,0.0,13,0.6533,
1,120,-2221,0.0,0.0,13,0.6533,
0,116,2444,100.0,0.0,21,0.8383,
1,116,-1188,0.0,0.0,12,0.4599,
1,117,-1188,0.0,0.0,12,0.4599,
1,118,-1188,0.0,0.0,12,0.4599,
1,119,-1188,0.0,0.0,12,0.4599,
1,120,-1188,0.0,0.0,12,0.4599,
0,116,-1448,0.0,0.0,-6,-0.0925,
0,117,-1309,0.0,0.0,-6,-0.095,
0,118,-1240,0.0,0.0,-6,-0.095,
0,119,-1171,0.0,0.0,-6,-0.095,
0,120,-1184,0.0,0.0,-6,-0.095,
0,116,-886,0.0,0.0,4,-0.0284,
0,117,-886,0.0,0.0,4,-0.0166,
0,118,-894,0.0,0.0,4,0.0056,
0,119,-902,0.0,0.0,3,0.0414,
0,120,-908,0.0,0.0,7,0.0688,
0,116,410,0.0,0.0,11,0.2317,
0,117,410,0.0,0.0,11,0.2317,
0,118,198,0.0,0.0,13,0.2421,
0,119,194,0.0,0.0,15,0.2604,
0,120,267,0.0,0.0,15,0.2687,
1,116,-1638,0.0,0.0,15,0.8572,
1,117,-1646,0.0,0.0,15,0.8572,
1,118,-2161,0.0,0.0,15,0.8572,
1,119,-2176,0.0,0.0,15,0.8572,
1,120,-2203,0.0,0.0,15,0.8572,
1,116,-1520,0.0,0.0,9,0.388,
1,117,-1518,0.0,0.0,13,0.4425,
1,118,-1511,0.0,0.0,15,0.4738,
1,119,-1504,0.0,0.0,19,0.5073,
1,120,-1503,0.0,0.0,20,0.5125,
0,116,-1071,0.0,0.0,11,0.3681,
0,117,-1040,0.0,0.0,12,0.3703,
0,118,-984,0.0,0.0,14,0.3823,
0,119,-927,0.0,0.0,15,0.3928,
0,120,-975,0.0,0.0,15,0.4041,
0,116,-873,0.0,0.0,19,0.351,
0,117,-784,0.0,0.0,19,0.355,
0,118,-695,0.0,0.0,19,0.359,
0,119,-614,0.0,0.0,19,0.363,
0,120,-521,0.0,0.0,18,0.367,
1,116,-1689,0.0,0.0,14,0.7792,
1,117,-1793,0.0,0.0,14,0.7792,
1,118,-1793,0.0,0.0,14,0.7792,
1,119,-1793,0.0,0.0,14,0.7792,
1,120,-1793,0.0,0.0,14,0.7792,
0,116,-1448,0.0,-55.2,0,0.1453,
0,117,-1456,0.0,-56.8,0,0.1493,
0,118,-1464,0.0,-58.4,0,0.1653,
0,119,-1488,0.0,-60.0,0,0.1963,
0,120,-1496,0.0,-61.6,0,0.2273,
0,116,-622,0.0,0.0,-1,0.3973,
0,117,-641,0.0,0.0,-1,0.3903,
0,118,-657,0.0,0.0,0,0.3953,
0,119,-660,0.0,0.0,4,0.4148,
0,120,-666,0.0,0.0,4,0.4253,
0,116,-1612,0.0,0.0,-2,0.1141,
0,117,-1720,0.0,0.0,-2,0.1168,
0,118,-1712,0.0,0.0,-2,0.1301,
0,119,-1696,0.0,0.0,-2,0.1568,
0,120,-1696,0.0,0.0,0,0.1835,
0,116,-169,0.0,0.0,31,0.8405,
0,117,-94,0.0,0.0,31,0.8405,
0,118,-19,0.0,0.0,31,0.8405,
0,119,56,0.8,0.0,31,0.8405,
0,120,139,18.4,0.0,31,0.8405,
0,116,-1413,0.0,0.0,-12,0.1405,
0,117,-1483,0.0,0.0,-12,0.1405,
0,118,-1407,0.0,0.0,-12,0.1405,
0,119,-1331,0.0,0.0,-12,0.1405,
0,120,-1255,0.0,0.0,-12,0.1405,
1,116,-742,0.0,0.0,4,0.558,
1,117,-742,0.0,0.0,4,0.558,
1,118,-742,0.0,0.0,4,0.558,
1,119,-744,0.0,0.0,4,0.558,
1,120,-746,0.0,0.0,4,0.558,
0,116,-1272,0.0,-0.8,-11,0.0474,
0,117,-1232,0.0,-0.8,-11,0.0474,
0,118,-1166,0.0,-0.8,-11,0.0474,
0,119,-1100,0.0,-0.8,-11,0.0474,
0,120,-1040,0.0,-2.4,-11,0.0474,
0,116,-1046,0.0,0.0,3,-0.0109,
0,117,-1150,0.0,0.0,3,-0.0109,
0,118,-1108,0.0,-2.4,4,-0.0031,
0,119,-1033,0.0,-8.0,4,0.0018,
0,120,-979,0.0,-13.6,4,0.0018,
1,116,-1547,0.0,0.0,3,0.5056,
1,117,-1556,0.0,0.0,3,0.5056,
1,118,-1565,0.0,0.0,3,0.5056,
1,119,-1574,0.0,0.0,3,0.5056,
1,120,-1583,0.0,0.0,3,0.5056,
0,116,-1900,0.0,0.0,-3,0.0572,
0,117,-2012,0.0,0.0,0,0.0659,
0,118,-1425,0.0,0.0,4,0.0832,
0,119,-1351,0.0,0.0,4,0.0832,
0,120,-1293,0.0,0.0,4,0.0832,
0,116,-175,0.0,0.0,18,0.6131,
0,117,-103,0.0,0.0,18,0.6131,
0,118,-31,0.0,0.0,18,0.6131,
0,119,40,0.0,0.0,18,0.6131,
0,120,39,0.0,0.0,18,0.6131,
0,116,1576,100.0,0.0,21,0.5995,
0,116,-1261,0.0,0.0,10,0.4183,
0,117,-1276,0.0,0.0,12,0.4311,
0,118,-1257,0.0,0.0,12,0.4424,
0,119,-1158,0.0,0.0,14,0.469,
0,120,-1274,0.0,0.0,17,0.4957,
0,116,-1326,0.0,-6.0,3,0.353,
0,117,-1369,0.0,-7.4,3,0.353,
0,118,-1300,0.0,-8.8,3,0.353,
0,119,-1231,0.0,-10.2,4,0.361,
0,120,-1162,0.0,-11.6,5,0.369,
0,116,-853,0.0,0.0,14,0.5706,
0,117,-933,0.0,0.0,14,0.5706,
0,118,-881,0.0,0.0,14,0.5706,
0,119,-829,0.0,0.0,14,0.5706,
0,120,-777,0.0,0.0,14,0.5706,
0,116,-671,0.0,0.0,15,0.2578,
0,117,-631,0.0,0.0,15,0.2578,
0,118,-563,0.0,0.0,15,0.2578,
0,119,-495,0.0,0.0,15,0.2578,
0,120,-427,0.0,0.0,15,0.2668,
0,116,-1599,0.0,0.0,0,0.2484,
0,117,-1623,0.0,0.0,0,0.2524,
0,118,-1755,0.0,0.0,0,0.2684,
0,119,-1187,0.0,0.0,0,0.2994,
0,120,-1135,0.0,0.0,0,0.2994,
0,116,-1681,0.0,-36.0,27,0.743,
0,117,-1707,0.0,-39.2,27,0.7395,
0,118,-1733,0.0,-42.4,27,0.7477,
0,119,-1755,0.0,-45.6,29,0.7631,
0,120,-1202,0.0,-48.8,29,0.7635,
1,116,-776,0.0,0.0,10,0.1492,
1,117,-792,0.0,0.0,10,0.1492,
1,118,-820,0.0,0.0,10,0.1492,
1,119,-860,0.0,0.0,10,0.1492,
1,120,-899,0.0,0.0,10,0.1458,
0,116,-1193,0.0,0.0,8,0.4856,
0,117,-1150,0.0,0.0,8,0.4972,
0,118,-1074,0.0,0.0,8,0.5086,
0,119,-998,0.0,0.0,8,0.5086,
0,120,-922,0.0,0.0,8,0.5086,
0,116,-682,0.0,0.0,11,0.3028,
0,117,-634,0.0,0.0,14,0.3059,
0,118,-557,0.0,0.0,14,0.3096,
0,119,-496,0.0,0.0,13,0.3133,
0,120,-537,0.0,0.0,13,0.3187,
0,116,-1104,0.0,0.0,1,0.3774,
0,117,-1192,0.0,0.0,1,0.3774,
0,118,-1140,0.0,0.0,1,0.3774,
0,119,-1196,0.0,0.0,1,0.3774,
0,120,-1152,0.0,0.0,1,0.3774,
0,116,-1445,0.0,0.0,-5,0.2073,
0,117,-1453,0.0,0.0,-5,0.1968,
0,118,-1476,0.0,0.0,-5,0.197,
0,119,-1498,0.0,0.0,-3,0.2217,
0,120,-1497,0.0,0.0,-3,0.2394,
0,116,-1227,0.0,0.0,-3,0.1668,
0,117,-1155,0.0,0.0,-3,0.1668,
0,118,-1095,0.0,0.0,-3,0.1668,
0,119,-1011,0.0,0.0,-3,0.1748,
0,120,-1041,0.0,0.0,-3,0.1748,
0,116,-1260,0.0,0.0,6,0.198,
0,117,-1260,0.0,0.0,7,0.186,
0,118,-1391,0.0,0.0,10,0.1911,
0,119,-1421,0.0,0.0,13,0.2061,
0,120,-1449,0.0,0.0,13,0.2068,
0,116,-1644,0.0,0.0,0,0.4357,
0,117,-1644,0.0,0.0,0,0.4277,
0,118,-1620,0.0,0.0,2,0.4277,
0,119,-1595,0.0,0.0,7,0.4377,
0,120,-901,0.0,0.0,8,0.4477,
0,116,-936,0.0,0.0,0,0.0274,
0,117,-896,0.0,0.0,0,0.0307,
0,118,-836,0.0,0.0,0,0.0421,
0,119,-852,0.0,0.0,0,0.0534,
0,120,-792,0.0,0.0,0,0.0956,
0,116,-1626,0.0,0.0,26,0.6275,
0,117,-1165,0.0,0.0,27,0.6427,
0,118,-1065,0.0,0.0,27,0.6427,
0,119,-965,0.0,0.0,27,0.6427,
0,120,-865,0.0,0.0,27,0.6427,
0,116,-163,0.0,0.0,17,0.4323,
0,117,-118,0.0,0.0,17,0.4337,
0,118,-138,0.0,0.0,17,0.4337,
0,119,-75,0.0,0.0,17,0.4337,
0,120,-8,0.0,0.0,17,0.4361,
0,116,-1033,0.0,-10.8,-13,0.1914,
0,117,-1064,0.0,-12.2,-13,0.1914,
0,118,-1195,0.0,-13.6,-13,0.2074,
0,119,-1218,0.0,-15.0,-13,0.2384,
0,120,-1327,0.0,-16.4,-11,0.2694,
0,116,-874,0.0,0.0,-1,0.1978,
0,117,-810,0.0,0.0,-1,0.1978,
0,118,-718,0.0,0.0,-1,0.1978,
0,119,-626,0.0,0.0,-1,0.1978,
0,120,-546,0.0,0.0,-1,0.1978,
0,116,-1588,0.0,0.0,-10,0.1439,
0,117,-1536,0.0,0.0,-10,0.1402,
0,118,-1457,0.0,0.0,-10,0.1414,
0,119,-1381,0.0,0.0,-9,0.1483,
0,120,-1281,0.0,0.0,-5,0.1548,
0,116,-149,0.0,0.0,11,0.2548,
0,117,-49,7.0,0.0,11,0.2548,
0,118,51,24.6,0.0,11,0.2548,
0,119,143,42.2,0.0,11,0.2548,
0,120,235,59.8,0.0,11,0.2548,
0,116,-28,0.0,0.0,22,0.415,
0,117,-52,0.0,0.0,22,0.415,
0,118,28,0.0,0.0,22,0.415,
0,119,4,0.8,0.0,22,0.415,
0,120,84,18.4,0.0,22,0.415,
0,116,-1207,0.0,0.0,-10,-0.0658,
0,117,-1354,0.0,0.0,-11,-0.0617,
0,118,-1377,0.0,0.0,-11,-0.0572,
0,119,-1375,0.0,0.0,-10,-0.0482,
0,120,-1373,0.0,0.0,-6,-0.0335,
0,116,-589,0.0,0.0,11,0.303,
0,117,-551,0.0,0.0,11,0.303,
0,118,-479,0.0,0.0,11,0.303,
0,119,-407,0.0,0.0,11,0.303,
0,120,-335,0.0,0.0,11,0.303,
0,116,-1347,0.0,0.0,4,0.4083,
0,117,-1347,0.0,0.0,4,0.4176,
0,118,-1347,0.0,0.0,5,0.4336,
0,119,-1347,0.0,0.0,6,0.4717,
0,120,-1347,0.0,0.0,9,0.5097,
0,116,-1176,0.0,0.0,10,0.2263,
0,117,-1114,0.0,0.0,10,0.2263,
0,118,-1129,0.0,0.0,10,0.2263,
0,119,-1052,0.0,0.0,10,0.2263,
0,120,-975,0.0,0.0,10,0.2263,
0,116,-1729,0.0,0.0,-4,0.0894,
0,117,-1724,0.0,0.0,-3,0.0814,
0,118,-1836,0.0,0.0,-3,0.0754,
0,119,-1243,0.0,0.0,-3,0.0732,
0,120,-1155,0.0,0.0,-3,0.0732,
0,116,-1545,0.0,0.0,-15,0.0731,
0,117,-1506,0.0,0.0,-14,0.0736,
0,118,-1550,0.0,0.0,-12,0.0736,
0,119,-1490,0.0,0.0,-13,0.0736,
0,120,-1430,0.0,0.0,-12,0.0745,
1,116,-1180,0.0,0.0,1,0.3671,
1,117,-1180,0.0,0.0,1,0.3671,
1,118,-1180,0.0,0.0,1,0.3671,
1,119,-1180,0.0,0.0,1,0.3671,
1,120,-1180,0.0,0.0,1,0.3671,
0,116,-1860,0.0,0.0,-7,0.2942,
0,117,-1840,0.0,0.0,-6,0.2754,
0,118,-1924,0.0,0.0,-5,0.2601,
0,119,-1899,0.0,0.0,-3,0.2554,
0,120,-1789,0.0,0.0,1,0.252,
1,116,-1364,0.0,0.0,17,0.4842,
1,117,-1372,0.0,0.0,17,0.4842,
1,118,-1380,0.0,0.0,17,0.4842,
1,119,-1388,0.0,0.0,17,0.4842,
1,120,-1388,0.0,0.0,17,0.4842,
0,116,-432,0.0,0.0,20,0.5801,
0,117,-425,0.0,0.0,20,0.5801,
0,118,-425,0.0,0.0,23,0.6259,
0,119,-424,0.0,0.0,27,0.6587,
0,120,-336,14.0,0.0,27,0.6627,
0,116,-944,0.0,0.0,13,0.3796,
0,117,-832,0.0,0.0,13,0.4039,
0,118,-832,0.0,0.0,13,0.4332,
0,119,-832,0.0,0.0,17,0.4625,
0,120,-827,0.0,0.0,21,0.4868,
1,116,-1392,0.0,0.0,10,0.7889,
1,117,-1392,0.0,0.0,10,0.7889,
1,118,-1392,0.0,0.0,10,0.7889,
1,119,-1392,0.0,0.0,10,0.7889,
1,120,-1392,0.0,0.0,10,0.7889,
1,116,-1569,0.0,0.0,27,0.9336,
1,117,-1572,0.0,0.0,27,0.9336,
1,118,-1575,0.0,0.0,27,0.9336,
1,119,-1575,0.0,0.0,27,0.9336,
1,120,-1575,0.0,0.0,27,0.9336,
0,116,-369,0.0,0.0,26,0.6495,
0,117,-289,0.0,0.0,26,0.6495,
0,118,-201,0.0,0.0,26,0.6495,
0,119,-113,10.2,0.0,26,0.6495,
0,120,-17,27.8,0.0,26,0.6495,
0,116,-1007,0.0,0.0,19,0.4657,
0,117,-939,0.0,0.0,19,0.4657,
0,118,-843,0.0,0.0,19,0.4657,
0,119,-747,0.0,0.0,19,0.4657,
0,120,-675,0.0,0.0,19,0.4657,
0,116,-1185,0.0,0.0,-19,-0.0033,
0,117,-1101,0.0,0.0,-19,-0.0218,
0,118,-1155,0.0,0.0,-19,-0.0286,
0,119,-1195,0.0,0.0,-19,-0.0226,
0,120,-1218,0.0,0.0,-19,0.0042,
0,116,-913,0.0,0.0,-7,0.0524,
0,117,-780,0.0,0.0,-7,0.0524,
0,118,-712,0.0,0.0,-7,0.0524,
0,119,-644,0.0,0.0,-7,0.0635,
0,120,-673,0.0,0.0,-7,0.0748,
0,116,-1400,0.0,0.0,15,0.3168,
0,117,-1415,0.0,0.0,15,0.3108,
0,118,-1509,0.0,0.0,15,0.3074,
0,119,-916,0.0,0.0,15,0.3077,
0,120,-744,0.0,0.0,15,0.3077,
0,116,-720,0.0,0.0,2,0.0337,
0,117,-672,0.0,0.0,2,0.0337,
0,118,-596,0.0,0.0,2,0.0337,
0,119,-520,0.0,0.0,2,0.0337,
0,120,-444,0.0,0.0,2,0.0337,
0,116,-993,0.0,0.0,1,0.0451,
0,117,-922,0.0,0.0,1,0.0451,
0,118,-823,0.0,0.0,1,0.0451,
0,119,-724,0.0,0.0,1,0.0451,
0,120,-533,0.0,0.0,1,0.0451,
0,116,-487,0.0,0.0,8,0.4024,
0,117,-477,0.0,0.0,8,0.4024,
0,118,-439,0.0,0.0,8,0.4024,
0,119,-401,0.0,0.0,8,0.4024,
0,120,-453,0.0,0.0,8,0.4024,
0,116,-1280,0.0,0.0,-9,0.1525,
0,117,-1244,0.0,0.0,-9,0.1638,
0,118,-1180,0.0,0.0,-9,0.1704,
0,119,-1116,0.0,0.0,-7,0.1772,
0,120,-1048,0.0,0.0,-6,0.1884,
0,116,-1610,0.0,0.0,17,0.2726,
0,117,-1583,0.0,0.0,16,0.2752,
0,118,-1559,0.0,0.0,16,0.2792,
0,119,-1441,0.0,0.0,16,0.2982,
0,120,-1455,0.0,0.0,16,0.3172,
0,116,-1148,0.0,0.0,-19,0.0604,
0,117,-1180,0.0,0.0,-19,0.0631,
0,118,-668,0.0,0.0,-19,0.0764,
0,119,-652,0.0,0.0,-19,0.0764,
0,120,-616,0.0,0.0,-19,0.0764,
0,116,-950,0.0,0.0,-8,0.2648,
0,117,-894,0.0,0.0,-8,0.2648,
0,118,-810,0.0,0.0,-8,0.2648,
0,119,-802,0.0,0.0,-8,0.2648,
0,120,-821,0.0,0.0,-6,0.2673,
1,116,-170,0.0,0.0,13,0.5234,
1,117,-73,0.0,0.0,13,0.5234,
1,118,-591,0.0,0.0,13,0.5234,
1,119,-598,0.0,0.0,13,0.5234,
1,120,-613,0.0,0.0,13,0.5234,
0,116,-244,0.0,0.0,6,0.3682,
0,117,-156,0.0,0.0,6,0.3751,
0,118,-68,0.0,0.0,7,0.382,
0,119,20,2.0,0.0,8,0.3814,
0,120,98,19.6,0.0,9,0.3808,
0,116,-142,0.0,0.0,24,0.4823,
0,117,-368,0.0,0.0,24,0.485,
0,118,-384,0.0,0.0,24,0.5096,
0,119,-412,0.0,0.0,24,0.5477,
0,120,-424,0.0,0.0,25,0.5859,
1,116,-1533,0.0,0.0,-15,0.0341,
1,117,-1541,0.0,0.0,-15,0.0341,
1,118,-1549,0.0,0.0,-15,0.0341,
1,119,-1557,0.0,0.0,-15,0.0341,
1,120,-1557,0.0,0.0,-15,0.0341,
0,116,-873,0.0,0.0,-29,-0.1687,
0,117,-982,0.0,0.0,-30,-0.1597,
0,118,-1499,0.0,0.0,-28,-0.1581,
0,119,-1516,0.0,0.0,-25,-0.1482,
0,120,-1517,0.0,0.0,-22,-0.1391,
1,116,-1284,0.0,0.0,8,0.5281,
1,117,-1284,0.0,0.0,8,0.5281,
1,118,-1284,0.0,0.0,8,0.5281,
1,119,-1284,0.0,0.0,8,0.5281,
1,120,-1284,0.0,0.0,8,0.5281,
0,116,-594,0.0,0.0,7,0.173,
0,117,-20,0.0,0.0,8,0.1778,
0,118,51,0.0,0.0,8,0.176,
0,119,123,0.0,0.0,9,0.1729,
0,120,195,0.0,0.0,9,0.1698,
0,116,-1168,0.0,0.0,-1,0.3095,
0,117,-1079,0.0,0.0,2,0.3189,
0,118,-1087,0.0,0.0,6,0.3322,
0,119,-1099,0.0,0.0,8,0.3504,
0,120,-756,0.0,0.0,9,0.357,
0,116,-1140,0.0,0.0,-4,0.1971,
0,117,-1084,0.0,0.0,-4,0.2087,
0,118,-908,0.0,0.0,-4,0.2087,
0,119,-848,0.0,0.0,-4,0.2087,
0,120,-788,0.0,0.0,-4,0.2087,
0,116,-1555,0.0,0.0,9,0.3201,
0,117,-1589,0.0,0.0,11,0.3056,
0,118,-1623,0.0,0.0,12,0.3011,
0,119,-1657,0.0,0.0,15,0.3066,
0,120,-1688,0.0,0.0,17,0.3097,
1,116,-1558,0.0,0.0,0,0.3263,
1,117,-1566,0.0,0.0,0,0.3263,
1,118,-1574,0.0,0.0,0,0.3263,
1,119,-1579,0.0,0.0,1,0.3381,
1,120,-1582,0.0,0.0,2,0.3658,
1,116,-1451,0.0,0.0,12,0.6003,
1,117,-1467,0.0,0.0,12,0.6003,
1,118,-1483,0.0,0.0,12,0.6003,
1,119,-1499,0.0,0.0,12,0.6003,
1,120,-1531,0.0,0.0,12,0.6003,
1,116,-1547,0.0,0.0,11,0.5575,
1,117,-1577,0.0,0.0,11,0.5575,
1,118,-1607,0.0,0.0,11,0.5575,
1,119,-1637,0.0,0.0,11,0.5575,
1,120,-1667,0.0,0.0,11,0.5575,
0,116,-1297,0.0,0.0,-1,0.1489,
0,117,-1405,0.0,0.0,-1,0.1516,
0,118,-829,0.0,0.0,-1,0.1649,
0,119,-757,0.0,0.0,2,0.1733,
0,120,-685,0.0,0.0,2,0.1828,
0,116,-362,0.0,0.0,7,0.305,
0,117,-262,0.0,0.0,7,0.305,
0,118,-162,0.0,0.0,7,0.305,
0,119,-150,0.0,0.0,7,0.305,
0,120,-252,0.0,0.0,7,0.339,
0,116,-1781,0.0,-44.2,6,0.2893,
0,117,-1252,0.0,-46.2,6,0.2933,
0,118,-1203,0.0,-46.2,6,0.2933,
0,119,-1154,0.0,-46.2,6,0.3048,
0,120,-1105,0.0,-49.4,6,0.3048,
0,116,-1383,0.0,0.0,1,0.3091,
0,117,-1375,0.0,0.0,1,0.3118,
0,118,-1366,0.0,0.0,3,0.3247,
0,119,-1360,0.0,0.0,6,0.3458,
0,120,-693,0.0,0.0,7,0.3504,
1,116,-137,0.0,0.0,23,0.6064,
1,117,-241,0.0,0.0,23,0.6064,
1,118,-257,0.0,0.0,23,0.625,
1,119,-149,0.0,0.0,23,0.6435,
1,120,-117,0.0,0.0,23,0.6619,
0,116,-2013,0.0,-58.4,-1,0.0676,
0,117,-1986,0.0,-61.6,-1,0.0676,
0,118,-1926,0.0,-64.8,-1,0.0676,
0,119,-1866,0.0,-68.0,-1,0.0676,
0,120,-1790,0.0,-68.0,-1,0.0676,
1,116,-1418,0.0,0.0,-12,0.1077,
1,117,-1418,0.0,0.0,-12,0.1077,
1,118,-1418,0.0,0.0,-12,0.1077,
1,119,-1418,0.0,0.0,-12,0.1077,
1,120,-1522,0.0,0.0,-12,0.1077,
0,116,-1558,0.0,0.0,1,0.1502,
0,117,-1569,0.0,0.0,1,0.1671,
0,118,-992,0.0,0.0,1,0.178,
0,119,-1008,0.0,0.0,1,0.1891,
0,120,-1024,0.0,0.0,1,0.2272,
1,116,-1495,0.0,0.0,17,0.7974,
1,117,-1495,0.0,0.0,17,0.7974,
1,118,-1495,0.0,0.0,17,0.7974,
1,119,-1495,0.0,0.0,17,0.7974,
1,120,-1511,0.0,0.0,17,0.8597,
1,116,-1552,0.0,0.0,24,0.7261,
1,117,-1552,0.0,0.0,24,0.7261,
1,118,-1552,0.0,0.0,24,0.7261,
1,119,-1552,0.0,0.0,24,0.7261,
1,120,-1552,0.0,0.0,24,0.7261,
0,116,-1432,0.0,0.0,-18,0.2212,
0,117,-1432,0.0,0.0,-19,0.2227,
0,118,-1433,0.0,0.0,-19,0.2359,
0,119,-1642,0.0,0.0,-18,0.2604,
0,120,-1647,0.0,0.0,-13,0.2871,
0,116,-1819,0.0,0.0,-23,0.0794,
0,117,-1829,0.0,0.0,-23,0.0895,
0,118,-1823,0.0,0.0,-23,0.1055,
0,119,-1721,0.0,0.0,-22,0.1365,
0,120,-1728,0.0,0.0,-22,0.1665,
0,116,-133,13.8,0.0,29,0.6601,
0,117,-147,13.8,0.0,34,0.7005,
0,118,-155,13.8,0.0,36,0.7192,
0,119,7,31.4,0.0,36,0.7202,
0,120,63,49.0,0.0,36,0.7202,
1,116,-1347,0.0,0.0,1,0.4081,
1,117,-1377,0.0,0.0,1,0.4081,
1,118,-1401,0.0,0.0,1,0.4081,
1,119,-1937,0.0,0.0,1,0.4081,
1,120,-1973,0.0,0.0,1,0.4081,
1,116,-1588,0.0,0.0,2,0.6476,
1,117,-1596,0.0,0.0,2,0.6476,
1,118,-1604,0.0,0.0,2,0.6476,
1,119,-1612,0.0,0.0,2,0.6476,
1,120,-1620,0.0,0.0,2,0.6476,
0,116,-2017,0.0,0.0,-13,0.2892,
0,117,-2121,0.0,0.0,-13,0.2918,
0,118,-2121,0.0,0.0,-13,0.3052,
0,119,-2121,0.0,0.0,-12,0.3318,
0,120,-2120,0.0,0.0,-10,0.3573,
0,116,-1722,0.0,0.0,-3,0.1189,
0,117,-1725,0.0,0.0,-2,0.1149,
0,118,-1817,0.0,0.0,-2,0.1309,
0,119,-1793,0.0,0.0,-2,0.1619,
0,120,-1689,0.0,0.0,-1,0.1929,
1,116,-1404,0.0,0.0,1,0.5871,
1,117,-1404,0.0,0.0,1,0.5871,
1,118,-1404,0.0,0.0,1,0.5871,
1,119,-1404,0.0,0.0,1,0.5871,
1,120,-1404,0.0,0.0,1,0.5871,
0,116,-519,0.0,0.0,7,0.3286,
0,117,-479,0.0,0.0,7,0.3286,
0,118,-425,0.0,0.0,7,0.3286,
0,119,-379,0.0,0.0,7,0.3286,
0,120,-425,0.0,0.0,7,0.3286,
0,116,-1327,0.0,0.0,-11,0.3853,
0,117,-1263,0.0,0.0,-11,0.3853,
0,118,-1171,0.0,0.0,-11,0.3853,
0,119,-987,0.0,0.0,-11,0.3853,
0,120,-919,0.0,0.0,-11,0.3853,
0,116,-1030,0.0,0.0,3,0.145,
0,117,-990,0.0,0.0,3,0.145,
0,118,-914,0.0,0.0,3,0.145,
0,119,-838,0.0,0.0,3,0.145,
0,120,-762,0.0,0.0,3,0.145,
0,116,-1195,0.0,0.0,-2,0.335,
0,117,-1195,0.0,0.0,-2,0.339,
0,118,-1211,0.0,0.0,-2,0.355,
0,119,-1235,0.0,0.0,-2,0.386,
0,120,-1259,0.0,0.0,-2,0.417,
1,116,-940,0.0,0.0,6,0.3826,
1,117,-828,0.0,0.0,6,0.3826,
1,118,-940,0.0,0.0,7,0.4011,
1,119,-940,0.0,0.0,12,0.4195,
1,120,-937,0.0,0.0,14,0.4336,
1,116,-1564,0.0,0.0,13,0.7355,
1,117,-1564,0.0,0.0,13,0.7355,
1,118,-1564,0.0,0.0,13,0.7355,
1,119,-1564,0.0,0.0,13,0.7355,
1,120,-1564,0.0,0.0,13,0.7355,
0,116,-606,0.0,0.0,10,0.5024,
0,117,-627,0.0,0.0,11,0.5139,
0,118,-741,0.0,0.0,12,0.5415,
0,119,-749,0.0,0.0,16,0.5825,
0,120,-695,0.0,0.0,19,0.6198,
0,116,-448,0.0,0.0,14,0.6235,
0,117,-426,0.0,0.0,14,0.6235,
0,118,-476,0.0,0.0,14,0.6235,
0,119,-408,0.0,0.0,14,0.6235,
0,120,-340,0.0,0.0,14,0.6235,
0,116,-970,0.0,0.0,6,0.5772,
0,117,-922,0.0,0.0,6,0.5772,
0,118,-934,0.0,0.0,6,0.5852,
0,119,-870,0.0,0.0,6,0.5852,
0,120,-806,0.0,0.0,9,0.5852,
1,116,-1478,0.0,0.0,21,0.9184,
1,117,-1478,0.0,0.0,21,0.9184,
1,118,-1478,0.0,0.0,21,0.9184,
1,119,-1478,0.0,0.0,21,0.9184,
1,120,-1478,0.0,0.0,21,0.9184,
0,116,-591,0.0,0.0,3,0.3966,
0,117,-499,0.0,0.0,3,0.3966,
0,118,-407,0.0,0.0,3,0.3966,
0,119,-315,0.0,0.0,3,0.3966,
0,120,-315,0.0,0.0,3,0.3966,
0,116,-1059,0.0,0.0,-8,0.1669,
0,117,-1026,0.0,0.0,-9,0.1739,
0,118,-943,0.0,0.0,-7,0.1809,
0,119,-860,0.0,0.0,-7,0.1809,
0,120,-793,0.0,0.0,-7,0.1809,
0,116,-1232,0.0,0.0,5,0.314,
0,117,-1203,0.0,0.0,4,0.3132,
0,118,-1133,0.0,0.0,3,0.3132,
0,119,-1039,0.0,0.0,2,0.3142,
0,120,-947,0.0,0.0,2,0.3142,
0,116,-269,0.0,0.0,7,0.0801,
0,117,-431,0.0,0.0,7,0.0801,
0,118,-359,0.0,0.0,7,0.0801,
0,119,-295,0.0,0.0,7,0.0801,
0,120,-231,0.0,0.0,7,0.0881,
0,116,-1500,0.0,0.0,0,0.3766,
0,117,-1498,0.0,0.0,0,0.3793,
0,118,-1514,0.0,0.0,0,0.3926,
0,119,-1532,0.0,0.0,0,0.4273,
0,120,-1052,0.0,0.0,4,0.447,
0,116,-798,0.0,0.0,-1,0.0909,
0,117,-750,0.0,0.0,-1,0.0909,
0,118,-795,0.0,0.0,-1,0.0909,
0,119,-735,0.0,0.0,-1,0.0909,
0,120,-675,0.0,0.0,-1,0.0909,
1,116,-885,0.0,0.0,9,0.6924,
1,117,-893,0.0,0.0,9,0.6924,
1,118,-906,0.0,0.0,9,0.6924,
1,119,-1030,0.0,0.0,9,0.6924,
1,120,-1043,0.0,0.0,9,0.6924,
1,116,-1823,0.0,0.0,-15,0.4781,
1,117,-1823,0.0,0.0,-15,0.4781,
1,118,-1823,0.0,0.0,-15,0.4781,
1,119,-1823,0.0,0.0,-15,0.4781,
1,120,-1823,0.0,0.0,-15,0.4781,
0,116,-206,0.0,0.0,15,0.4272,
0,117,-120,0.0,0.0,15,0.4272,
0,118,-34,0.0,0.0,15,0.4272,
0,119,52,0.8,0.0,15,0.4272,
0,120,-378,18.4,0.0,15,0.4272,
0,116,-749,0.0,0.0,-3,0.0423,
0,117,-729,0.0,0.0,-3,0.0423,
0,118,-697,0.0,0.0,-3,0.0423,
0,119,-753,0.0,0.0,-3,0.0423,
0,120,-705,0.0,0.0,-3,0.0423,
1,116,-1395,0.0,0.0,12,0.6215,
1,117,-1395,0.0,0.0,12,0.6215,
1,118,-1395,0.0,0.0,12,0.6215,
1,119,-1395,0.0,0.0,12,0.6215,
1,120,-1395,0.0,0.0,12,0.6215,
0,116,-425,0.0,0.0,14,0.5788,
0,117,-385,0.0,0.0,14,0.5788,
0,118,-317,0.0,0.0,14,0.5788,
0,119,-343,0.0,0.0,14,0.5788,
0,120,-267,0.0,0.0,14,0.5788,
0,116,-188,29.4,0.0,46,0.9547,
0,117,-124,47.0,0.0,46,0.9547,
0,118,-60,64.6,0.0,46,0.9547,
0,119,104,82.2,0.0,46,0.9547,
0,120,164,99.8,0.0,46,0.9547,
0,116,-625,0.0,0.0,3,0.3446,
0,117,-713,0.0,0.0,3,0.3371,
0,118,-125,0.0,0.0,3,0.3504,
0,119,-45,0.0,0.0,3,0.3504,
0,120,27,0.0,0.0,3,0.3504,
1,116,-1542,0.0,0.0,25,0.9498,
1,117,-1549,0.0,0.0,29,0.9833,
1,118,-1558,0.0,0.0,29,0.9879,
1,119,-1566,0.0,0.0,29,0.9879,
1,120,-1574,0.0,0.0,29,0.9879,
1,116,-1268,0.0,0.0,20,0.7852,
1,117,-1276,0.0,0.0,20,0.7852,
1,118,-1284,0.0,0.0,20,0.7852,
1,119,-1292,0.0,0.0,20,0.7852,
1,120,-1300,0.0,0.0,20,0.7852,
0,116,-842,0.0,0.0,13,0.035,
0,117,-850,0.0,0.0,16,0.0417,
0,118,-381,0.0,0.0,16,0.041,
0,119,-306,0.0,0.0,16,0.041,
0,120,-230,0.0,0.0,16,0.041,
0,116,-384,0.0,0.0,9,0.3084,
0,117,-361,0.0,0.0,9,0.3177,
0,118,-389,0.0,0.0,9,0.3258,
0,119,-313,0.0,0.0,9,0.3338,
0,120,-245,0.0,0.0,9,0.3417,
1,116,-1384,0.0,0.0,21,0.8446,
1,117,-1384,0.0,0.0,21,0.8446,
1,118,-1384,0.0,0.0,21,0.8446,
1,119,-1384,0.0,0.0,21,0.8446,
1,120,-1384,0.0,0.0,21,0.8446,
0,116,-505,0.0,0.0,-12,0.2121,
0,117,-541,0.0,0.0,-12,0.2121,
0,118,-477,0.0,0.0,-12,0.2121,
0,119,-429,0.0,0.0,-12,0.2121,
0,120,-365,0.0,0.0,-12,0.2121,
0,116,-1571,0.0,0.0,16,0.6482,
0,117,-1490,0.0,0.0,16,0.6492,
0,118,-1497,0.0,0.0,15,0.6622,
0,119,-1498,0.0,0.0,15,0.6828,
0,120,-1496,0.0,0.0,16,0.703,
0,116,-420,0.0,0.0,2,0.2624,
0,117,-380,0.0,0.0,2,0.2738,
0,118,-304,0.0,0.0,2,0.2854,
0,119,-228,0.0,0.0,5,0.2967,
0,120,-260,0.0,0.0,6,0.308,
0,116,66,0.0,0.0,10,0.4526,
0,117,54,0.0,0.0,13,0.475,
0,118,51,0.0,0.0,15,0.4875,
0,119,146,0.0,0.0,15,0.4839,
0,120,238,0.0,0.0,15,0.4839,
0,116,-578,0.0,0.0,-3,0.2759,
0,117,-582,0.0,0.0,-1,0.2786,
0,118,-20,0.0,0.0,1,0.2896,
0,119,64,0.0,0.0,1,0.2794,
0,120,132,0.0,0.0,1,0.2794,
1,116,-1204,0.0,0.0,-12,0.1518,
1,117,-1204,0.0,0.0,-12,0.1518,
1,118,-1204,0.0,0.0,-12,0.1518,
1,119,-1204,0.0,0.0,-12,0.1518,
1,120,-1204,0.0,0.0,-12,0.1518,
1,116,-1507,0.0,0.0,7,0.6319,
1,117,-1507,0.0,0.0,7,0.6319,
1,118,-1507,0.0,0.0,7,0.6319,
1,119,-1507,0.0,0.0,7,0.6319,
1,120,-1507,0.0,0.0,7,0.6319,
0,116,-704,0.0,0.0,-7,0.1151,
0,117,-720,0.0,0.0,-7,0.1151,
0,118,-760,0.0,0.0,-7,0.1271,
0,119,-800,0.0,0.0,-4,0.1604,
0,120,-847,0.0,0.0,1,0.1934,
0,116,-15,58.8,0.0,27,0.8139,
0,117,72,77.6,0.0,29,0.8153,
0,118,159,96.4,0.0,29,0.8153,
0,119,1670,100.0,0.0,29,0.8153,
0,116,-1414,0.0,0.0,-1,0.2214,
0,117,-1371,0.0,0.0,-1,0.2277,
0,118,-1293,0.0,0.0,0,0.2323,
0,119,-1192,0.0,0.0,0,0.234,
0,120,-1008,0.0,0.0,0,0.234,
1,116,-1384,0.0,0.0,30,0.8195,
1,117,-1384,0.0,0.0,30,0.8195,
1,118,-1384,0.0,0.0,30,0.8195,
1,119,-1384,0.0,0.0,30,0.8195,
1,120,-1384,0.0,0.0,30,0.8195,
0,116,-1140,0.0,0.0,-14,-0.0448,
0,117,-1144,0.0,0.0,-14,-0.0448,
0,118,-1120,0.0,0.0,-14,-0.0448,
0,119,-1096,0.0,0.0,-14,-0.0448,
0,120,-1080,0.0,0.0,-14,-0.0448,
0,116,-1410,0.0,0.0,10,0.3983,
0,117,-1421,0.0,0.0,14,0.4007,
0,118,-1430,0.0,0.0,16,0.4186,
0,119,-1531,0.0,0.0,22,0.4469,
0,120,-949,0.0,0.0,24,0.4712,
1,116,-1413,0.0,0.0,-1,0.5109,
1,117,-1413,0.0,0.0,-1,0.5109,
1,118,-1413,0.0,0.0,-1,0.5109,
1,119,-1413,0.0,0.0,-1,0.5109,
1,120,-1413,0.0,0.0,-1,0.5732,
0,116,-1573,0.0,0.0,-9,0.0252,
0,117,-1573,0.0,0.0,-7,0.0292,
0,118,-1569,0.0,0.0,-5,0.0456,
0,119,-1568,0.0,0.0,-2,0.0732,
0,120,-1576,0.0,0.0,-1,0.0934,
0,116,-889,0.0,0.0,-3,0.029,
0,117,-881,0.0,0.0,-2,0.0138,
0,118,-870,0.0,0.0,-2,-0.0034,
0,119,-859,0.0,0.0,-2,-0.0001,
0,120,-873,0.0,0.0,-2,0.0092,
0,116,-165,27.0,0.0,5,0.5181,
0,117,-79,44.6,0.0,5,0.5181,
0,118,7,62.2,0.0,7,0.5237,
0,119,85,79.8,0.0,9,0.5294,
0,120,76,79.8,0.0,9,0.5343,
1,116,-1217,0.0,0.0,16,0.6294,
1,117,-1217,0.0,0.0,16,0.6294,
1,118,-1217,0.0,0.0,16,0.6294,
1,119,-1217,0.0,0.0,16,0.6294,
1,120,-1217,0.0,0.0,16,0.6294,
0,116,-758,0.0,0.0,-4,0.2368,
0,117,-711,0.0,0.0,-4,0.2368,
0,118,-648,0.0,0.0,-4,0.2368,
0,119,-797,0.0,0.0,-4,0.2368,
0,120,-738,0.0,0.0,-4,0.2368,
0,116,-1322,0.0,0.0,10,-0.0476,
0,117,-1340,0.0,0.0,10,-0.0436,
0,118,-1358,0.0,0.0,10,-0.0276,
0,119,-1384,0.0,0.0,10,0.0034,
0,120,-1417,0.0,0.0,11,0.0344,
0,116,40,0.0,0.0,17,0.5425,
0,117,103,0.0,0.0,17,0.5454,
0,118,196,0.0,0.0,17,0.5458,
0,119,188,0.0,0.0,17,0.5458,
0,120,288,0.0,0.0,17,0.5458,
1,116,-1588,0.0,0.0,-8,0.2395,
1,117,-1604,0.0,0.0,-8,0.2395,
1,118,-1612,0.0,0.0,-8,0.2395,
1,119,-1620,0.0,0.0,-8,0.2395,
1,120,-1628,0.0,0.0,-8,0.2395,
0,116,129,82.0,0.0,24,0.6662,
0,117,1675,100.0,0.0,24,0.6662,
0,116,-1178,0.0,0.0,5,0.4805,
0,117,-1241,0.0,0.0,5,0.4803,
0,118,-1177,0.0,0.0,5,0.4803,
0,119,-1113,0.0,0.0,5,0.4803,
0,120,-1057,0.0,0.0,5,0.4803,
0,116,-1138,0.0,0.0,-3,0.2321,
0,117,-1090,0.0,0.0,-3,0.2321,
0,118,-1014,0.0,0.0,-3,0.2321,
0,119,-938,0.0,0.0,-3,0.2321,
0,120,-862,0.0,0.0,-3,0.2321,
1,116,-749,0.0,0.0,11,0.3293,
1,117,-763,0.0,0.0,11,0.3766,
1,118,-762,0.0,0.0,12,0.4209,
1,119,-869,0.0,0.0,16,0.4446,
1,120,-869,0.0,0.0,16,0.4446,
1,116,-803,0.0,0.0,34,0.7804,
1,117,-819,0.0,0.0,34,0.7804,
1,118,-835,0.0,0.0,34,0.7804,
1,119,-851,0.0,0.0,34,0.7804,
1,120,-867,0.0,0.0,34,0.7804,
0,116,-133,0.0,0.0,-5,0.0616,
0,117,-149,0.0,0.0,-1,0.0591,
0,118,-51,0.0,0.0,2,0.0694,
0,119,-35,0.0,0.0,4,0.0843,
0,120,-521,0.0,0.0,5,0.088,
1,116,-1295,0.0,0.0,31,0.8226,
1,117,-1293,0.0,0.0,32,0.8331,
1,118,-1266,0.0,0.0,32,0.8339,
1,119,-1242,0.0,0.0,32,0.8339,
1,120,-1330,0.0,0.0,32,0.8339,
1,116,-439,0.0,0.0,26,0.4474,
1,117,-439,0.0,0.0,26,0.4578,
1,118,-423,0.0,0.0,27,0.4682,
1,119,-515,0.0,0.0,27,0.4786,
1,120,-397,0.0,0.0,27,0.484,
1,116,-787,0.0,0.0,6,0.1967,
1,117,-764,0.0,0.0,7,0.1847,
1,118,-764,0.0,0.0,8,0.1866,
1,119,-762,0.0,0.0,9,0.1837,
1,120,-769,0.0,0.0,10,0.195,
1,116,-309,0.0,0.0,-2,0.1441,
1,117,-344,0.0,0.0,3,0.1469,
1,118,-342,0.0,0.0,4,0.1508,
1,119,-339,0.0,0.0,5,0.1472,
1,120,-296,0.0,0.0,3,0.14,
1,116,-720,0.0,0.0,23,0.5706,
1,117,-728,0.0,0.0,23,0.5807,
1,118,-736,0.0,0.0,23,0.5807,
1,119,-744,0.0,0.0,23,0.5807,
1,120,-752,0.0,0.0,23,0.5807,
1,116,-1388,0.0,0.0,23,0.4418,
1,117,-1383,0.0,0.0,23,0.4418,
1,118,-1490,0.0,0.0,23,0.4418,
1,119,-1490,0.0,0.0,23,0.4418,
1,120,-1490,0.0,0.0,23,0.4418,
1,116,-840,0.0,0.0,14,0.522,
1,117,-946,0.0,0.0,13,0.5231,
1,118,-936,0.0,0.0,13,0.5215,
1,119,-910,0.0,0.0,13,0.5199,
1,120,-883,0.0,0.0,14,0.518,
1,116,-1563,0.0,0.0,15,0.5151,
1,117,-1555,0.0,0.0,15,0.5151,
1,118,-1539,0.0,0.0,15,0.5151,
1,119,-1031,0.0,0.0,15,0.5151,
1,120,-1047,0.0,0.0,15,0.5151,
1,116,-987,0.0,0.0,28,0.6824,
1,117,-987,0.0,0.0,28,0.6824,
1,118,-987,0.0,0.0,28,0.6824,
1,119,-1089,0.0,0.0,28,0.6824,
1,120,-1199,0.0,0.0,28,0.6824,
1,116,-1625,0.0,0.0,17,0.5573,
1,117,-1487,0.0,0.0,17,0.5676,
1,118,-1493,0.0,0.0,17,0.5779,
1,119,-1499,0.0,0.0,17,0.588,
1,120,-1505,0.0,0.0,17,0.5983,
0,116,1560,0.0,0.0,-10,-0.5751,
0,117,1536,0.0,0.0,-14,-0.6202,
0,118,1621,0.0,0.0,-18,-0.6611,
0,119,1237,0.0,0.0,-20,-0.6789,
0,120,1270,0.0,0.0,-20,-0.6789,
1,116,616,0.0,0.0,-12,-0.5326,
1,117,632,0.0,0.0,-12,-0.5337,
1,118,648,0.0,0.0,-12,-0.5337,
1,119,664,0.0,0.0,-11,-0.5303,
1,120,527,0.0,0.0,-10,-0.5284,
0,116,748,0.0,0.0,-15,-0.3428,
0,117,764,0.0,0.0,-15,-0.3903,
0,118,780,0.0,0.0,-15,-0.4137,
0,119,796,0.0,0.0,-15,-0.4137,
0,120,812,0.0,0.0,-15,-0.4137,
0,116,910,0.0,0.0,-15,-0.79,
0,117,925,0.0,0.0,-15,-0.7902,
0,118,947,0.0,0.0,-15,-0.7902,
0,119,969,0.0,0.0,-15,-0.7902,
0,120,1099,0.0,0.0,-15,-0.7902,
1,116,1389,0.0,0.0,-17,-0.5167,
1,117,1419,0.0,0.0,-17,-0.5258,
1,118,1417,0.0,0.0,-17,-0.5361,
1,119,1415,0.0,0.0,-18,-0.5466,
1,120,1395,0.0,0.0,-18,-0.5567,
0,116,1288,0.0,0.0,-26,-0.6667,
0,117,1264,0.0,0.0,-26,-0.6667,
0,118,1240,0.0,0.0,-26,-0.6667,
0,119,1238,0.0,0.0,-29,-0.6866,
0,120,1238,0.0,0.0,-29,-0.6939,
0,116,1100,0.0,0.0,-17,-0.7251,
0,117,1116,0.0,0.0,-17,-0.7251,
0,118,1132,0.0,0.0,-17,-0.7251,
0,119,1148,0.0,0.0,-17,-0.7251,
0,120,1148,0.0,0.0,-17,-0.7251,
0,116,1235,0.0,0.0,-7,-0.3559,
0,117,1159,0.0,0.0,-7,-0.3559,
0,118,1159,0.0,0.0,-7,-0.3559,
0,119,1163,0.0,0.0,-11,-0.3646,
0,120,1281,0.0,0.0,-11,-0.3646,
0,116,1398,0.0,0.0,-27,-0.8258,
0,117,1414,0.0,0.0,-28,-0.83,
0,118,1429,0.0,0.0,-30,-0.8346,
0,119,1442,0.0,0.0,-31,-0.8351,
0,120,1455,0.0,0.0,-30,-0.8366,
1,116,891,0.0,0.0,-12,-0.3968,
1,117,891,0.0,0.0,-15,-0.4084,
1,118,851,0.0,0.0,-17,-0.4189,
1,119,811,0.0,0.0,-17,-0.4189,
1,120,771,0.0,0.0,-17,-0.4189,
0,116,1732,0.0,0.0,3,-0.5095,
0,117,1755,0.0,0.0,2,-0.5115,
0,118,1779,0.0,0.0,1,-0.5219,
0,119,1803,0.0,0.0,0,-0.5323,
0,120,1826,0.0,0.0,-1,-0.5419,
0,116,-22,0.0,0.0,-23,-0.4884,
0,117,-1,0.0,0.0,-23,-0.4884,
0,118,4,0.0,0.0,-23,-0.4884,
0,119,9,0.0,0.0,-23,-0.4884,
0,120,-7,0.0,0.0,-23,-0.4884,
0,116,751,0.0,0.0,-40,-0.8096,
0,117,751,0.0,0.0,-40,-0.8096,
0,118,751,0.0,0.0,-40,-0.8096,
0,119,851,0.0,0.0,-41,-0.8262,
0,120,959,0.0,0.0,-41,-0.8262,
0,116,750,0.0,0.0,-10,-0.4649,
0,117,750,0.0,0.0,-10,-0.512,
0,118,750,0.0,0.0,-10,-0.5596,
0,119,858,0.0,0.0,-10,-0.5779,
0,120,858,0.0,0.0,-10,-0.5779,
0,116,651,0.0,0.0,-29,-0.6577,
0,117,651,0.0,0.0,-29,-0.6577,
0,118,651,0.0,0.0,-29,-0.6577,
0,119,767,0.0,0.0,-29,-0.6577,
0,120,767,0.0,0.0,-29,-0.6577,
0,116,1472,0.0,0.0,-8,-0.4119,
0,117,1448,0.0,0.0,-8,-0.4125,
0,118,1424,0.0,0.0,-8,-0.4125,
0,119,1400,0.0,0.0,-9,-0.409,
0,120,1293,0.0,0.0,-8,-0.4056,
0,116,719,0.0,0.0,-18,-0.3467,
0,117,719,0.0,0.0,-18,-0.3467,
0,118,703,0.0,0.0,-18,-0.3467,
0,119,687,0.0,0.0,-18,-0.3537,
0,120,671,0.0,0.0,-18,-0.3606,
0,116,1515,0.0,0.0,-33,-0.8366,
0,117,1484,0.0,0.0,-34,-0.8533,
0,118,1459,0.0,0.0,-34,-0.854,
0,119,1435,0.0,0.0,-34,-0.854,
0,120,1423,0.0,0.0,-34,-0.854,
1,116,756,0.0,0.0,-16,-0.4101,
1,117,748,0.0,0.0,-17,-0.417,
1,118,742,0.0,0.0,-17,-0.4156,
1,119,736,0.0,0.0,-17,-0.4173,
1,120,615,0.0,0.0,-17,-0.4173,
0,116,1728,0.0,0.0,-9,-0.5918,
0,117,1720,0.0,0.0,-9,-0.602,
0,118,1225,0.0,0.0,-9,-0.602,
0,119,1253,0.0,0.0,-9,-0.602,
0,120,1281,0.0,0.0,-9,-0.602,
0,116,592,0.0,0.0,-1,-0.2118,
0,117,591,0.0,0.0,-1,-0.2088,
0,118,478,0.0,0.0,-1,-0.2074,
0,119,480,0.0,0.0,0,-0.2067,
0,120,962,0.0,0.0,-1,-0.2022,
0,116,1506,0.0,0.0,-21,-0.3397,
0,117,1506,0.0,0.0,-21,-0.3421,
0,118,1506,0.0,0.0,-21,-0.3498,
0,119,1614,0.0,0.0,-19,-0.357,
0,120,1598,0.0,0.0,-18,-0.3645,
0,116,782,0.0,0.0,-19,-0.6586,
0,117,782,0.0,0.0,-19,-0.6586,
0,118,782,0.0,0.0,-19,-0.6586,
0,119,890,0.0,0.0,-19,-0.6586,
0,120,898,0.0,0.0,-19,-0.6586,
1,116,904,0.0,0.0,-12,-0.4837,
1,117,1014,0.0,0.0,-12,-0.4837,
1,118,1000,0.0,0.0,-13,-0.4881,
1,119,986,0.0,0.0,-13,-0.4925,
1,120,948,0.0,0.0,-14,-0.4969,
0,116,1556,0.0,0.0,-35,-0.859,
0,117,1552,0.0,0.0,-35,-0.8588,
0,118,1527,0.0,0.0,-35,-0.8595,
0,119,1608,0.0,0.0,-35,-0.8595,
0,120,1589,0.0,0.0,-35,-0.8595,
0,116,1321,0.0,0.0,-14,-0.2848,
0,117,1306,0.0,0.0,-14,-0.2664,
0,118,1276,0.0,0.0,-14,-0.266,
0,119,1254,0.0,0.0,-14,-0.2655,
0,120,1222,0.0,0.0,-15,-0.2651,
0,116,757,0.0,0.0,0,-0.2494,
0,117,791,0.0,0.0,0,-0.2521,
0,118,801,0.0,0.0,0,-0.2561,
0,119,910,0.0,0.0,0,-0.2582,
0,120,874,0.0,0.0,0,-0.2622,
0,116,1304,0.0,0.0,-21,-0.6847,
0,117,1426,0.0,0.0,-21,-0.6847,
0,118,1432,0.0,0.0,-24,-0.688,
0,119,1432,0.0,0.0,-27,-0.6913,
0,120,926,0.0,0.0,-28,-0.696,
1,116,249,0.0,0.0,-11,-0.3283,
1,117,253,0.0,0.0,-11,-0.3283,
1,118,253,0.0,0.0,-11,-0.3283,
1,119,161,0.0,0.0,-11,-0.3283,
1,120,685,0.0,0.0,-11,-0.3283,
0,116,433,0.0,0.0,-7,-0.3042,
0,117,429,0.0,0.0,-7,-0.3042,
0,118,409,0.0,0.0,-7,-0.3042,
0,119,397,0.0,0.0,-7,-0.3042,
0,120,369,0.0,0.0,-7,-0.3042,
0,116,1233,0.0,0.0,-15,-0.6536,
0,117,1233,0.0,0.0,-15,-0.6638,
0,118,1335,0.0,0.0,-15,-0.6741,
0,119,1337,0.0,0.0,-17,-0.6844,
0,120,1337,0.0,0.0,-16,-0.6948,
0,116,1329,0.0,0.0,-30,-0.81,
0,117,1354,0.0,0.0,-32,-0.819,
0,118,1363,0.0,0.0,-33,-0.8277,
0,119,1347,0.0,0.0,-33,-0.8359,
0,120,1433,0.0,0.0,-33,-0.8359,
0,116,1390,0.0,0.0,-9,-0.4667,
0,117,1390,0.0,0.0,-9,-0.4667,
0,118,1390,0.0,0.0,-9,-0.4667,
0,119,1389,0.0,0.0,-9,-0.4672,
0,120,1389,0.0,0.0,-9,-0.4672,
0,116,-543,0.0,0.0,25,0.5177,
0,117,-559,0.0,0.0,25,0.5161,
0,118,-577,0.0,0.0,25,0.5145,
0,119,-686,0.0,0.0,25,0.5129,
0,120,-672,0.0,0.0,26,0.5113,
1,116,-1236,0.0,0.0,1,0.4199,
1,117,-1260,0.0,0.0,1,0.4199,
1,118,-1268,0.0,0.0,1,0.4199,
1,119,-1376,0.0,0.0,3,0.4384,
1,120,-1384,0.0,0.0,3,0.4391,
1,116,-624,0.0,0.0,-11,0.0464,
1,117,-612,0.0,0.0,-11,0.0575,
1,118,-508,0.0,0.0,-11,0.0679,
1,119,-516,0.0,0.0,-11,0.0676,
1,120,-516,0.0,0.0,-11,0.0674,
1,116,-584,0.0,0.0,19,0.7527,
1,117,-584,0.0,0.0,19,0.7527,
1,118,-584,0.0,0.0,20,0.7631,
1,119,-584,0.0,0.0,21,0.7734,
1,120,-583,0.0,0.0,21,0.7836,
1,116,-796,0.0,0.0,19,0.6927,
1,117,-900,0.0,0.0,19,0.6993,
1,118,-908,0.0,0.0,19,0.6993,
1,119,-916,0.0,0.0,19,0.6993,
1,120,-1027,0.0,0.0,19,0.6993,
1,116,19,0.0,0.0,22,0.501,
1,117,19,0.0,0.0,22,0.501,
1,118,23,0.0,0.0,22,0.501,
1,119,27,0.0,0.0,22,0.501,
1,120,31,0.0,0.0,22,0.501,
1,116,-1715,0.0,0.0,-6,0.319,
1,117,-1723,0.0,0.0,-6,0.3207,
1,118,-1731,0.0,0.0,-6,0.3312,
1,119,-1731,0.0,0.0,-6,0.3417,
1,120,-1731,0.0,0.0,-6,0.3519,
0,116,-149,0.0,0.0,20,0.4592,
0,117,-264,0.0,0.0,21,0.4561,
0,118,-280,0.0,0.0,21,0.4561,
0,119,-311,0.0,0.0,23,0.4527,
0,120,-302,0.0,0.0,24,0.4509,
1,116,-1697,0.0,0.0,11,0.5924,
1,117,-1713,0.0,0.0,11,0.5924,
1,118,-1729,0.0,0.0,11,0.6028,
1,119,-1737,0.0,0.0,13,0.6131,
1,120,-1723,0.0,0.0,16,0.6225,
1,116,-652,0.0,0.0,0,0.3319,
1,117,-636,0.0,0.0,0,0.3319,
1,118,-112,0.0,0.0,0,0.3319,
1,119,-112,0.0,0.0,0,0.3319,
1,120,-96,0.0,0.0,0,0.3389,
1,116,7,0.0,0.0,17,0.5056,
1,117,0,0.0,0.0,18,0.5098,
1,118,-15,0.0,0.0,19,0.5142,
1,119,-30,0.0,0.0,19,0.5155,
1,120,-4,0.0,0.0,20,0.5179,
1,116,-1850,0.0,-33.8,-12,0.0899,
1,117,-1876,0.0,-39.0,-12,0.0899,
1,118,-1902,0.0,-44.2,-12,0.0833,
1,119,-1820,0.0,-49.4,-12,0.0929,
1,120,-1838,0.0,-54.6,-12,0.0929,
1,116,-523,0.0,0.0,29,0.9699,
1,117,-620,0.0,0.0,30,0.9925,
1,118,-628,0.0,0.0,31,1.0041,
1,119,-632,0.0,0.0,31,1.0041,
1,120,-740,0.0,0.0,31,1.0041,
1,116,-652,0.0,0.0,21,0.7472,
1,117,-652,0.0,0.0,21,0.7472,
1,118,-652,0.0,0.0,21,0.7472,
1,119,-668,0.0,0.0,21,0.7472,
1,120,-792,0.0,0.0,21,0.7472,
1,116,-1376,0.0,0.0,16,0.4511,
1,117,-1376,0.0,0.0,16,0.4614,
1,118,-1500,0.0,0.0,16,0.4948,
1,119,-1516,0.0,0.0,16,0.5052,
1,120,-1532,0.0,0.0,16,0.5154,
1,116,-1139,0.0,0.0,15,0.5951,
1,117,-1147,0.0,0.0,15,0.5951,
1,118,-1155,0.0,0.0,15,0.5951,
1,119,-1163,0.0,0.0,15,0.5951,
1,120,-1171,0.0,0.0,15,0.5951,
0,116,91,0.0,0.0,17,0.4896,
0,117,96,0.0,0.0,17,0.4936,
0,118,123,0.0,0.0,17,0.4936,
0,119,242,0.0,0.0,17,0.4936,
0,120,257,0.0,0.0,17,0.4936,
1,116,-852,0.0,0.0,23,0.5096,
1,117,-835,0.0,0.0,23,0.5096,
1,118,-802,0.0,0.0,23,0.5096,
1,119,-771,0.0,0.0,23,0.5096,
1,120,-555,0.0,0.0,23,0.5096,
