0,96,294,80.0,0.0,15,0.491,
0,97,1894,100.0,0.0,15,0.491,
1,96,-1328,0.0,0.0,9,0.5769,
1,97,-1344,0.0,0.0,9,0.5769,
1,98,-1344,0.0,0.0,9,0.5769,
1,99,-1452,0.0,0.0,9,0.5769,
1,100,-1468,0.0,0.0,9,0.5769,
1,96,-1721,0.0,0.0,23,0.7957,
1,97,-1719,0.0,0.0,23,0.7957,
1,98,-1711,0.0,0.0,23,0.7957,
1,99,-1703,0.0,0.0,23,0.7957,
1,100,-1695,0.0,0.0,23,0.7957,
0,96,-61,76.4,0.0,8,0.1811,
0,97,37,96.0,0.0,8,0.1811,
0,98,1545,100.0,0.0,8,0.1811,
1,96,-844,0.0,0.0,0,0.1882,
1,97,-752,0.0,0.0,0,0.1882,
1,98,-912,0.0,0.0,0,0.1882,
1,99,-980,0.0,0.0,0,0.1882,
1,100,-1040,0.0,0.0,0,0.1882,
1,96,-1080,0.0,0.0,1,0.3078,
1,97,-1067,0.0,0.0,1,0.3158,
1,98,-938,0.0,0.0,1,0.3238,
1,99,-960,0.0,0.0,2,0.3238,
1,100,-982,0.0,0.0,2,0.3238,
1,96,-624,0.0,0.0,8,0.6267,
1,97,-624,0.0,0.0,8,0.6339,
1,98,-624,0.0,0.0,8,0.6435,
1,99,-624,0.0,0.0,8,0.6406,
1,100,-624,0.0,0.0,8,0.6376,
1,96,-939,0.0,0.0,16,0.5778,
1,97,-915,0.0,0.0,16,0.5778,
1,98,-891,0.0,0.0,16,0.5778,
1,99,-979,0.0,0.0,16,0.5778,
1,100,-867,0.0,0.0,16,0.5778,
0,96,-1192,0.0,0.0,19,0.3883,
0,97,-1178,0.0,0.0,19,0.3889,
0,98,-1086,0.0,0.0,19,0.3889,
0,99,-997,0.0,0.0,20,0.3855,
0,100,-989,0.0,0.0,20,0.3855,
0,96,-811,20.0,0.0,26,0.5291,
0,97,-822,20.0,0.0,30,0.5777,
0,98,-829,20.0,0.0,34,0.6217,
0,99,-837,20.0,0.0,40,0.6679,
0,100,-736,40.0,0.0,40,0.6758,
1,96,-1356,0.0,0.0,2,0.0613,
1,97,-1368,0.0,0.0,2,0.0613,
1,98,-1272,0.0,0.0,2,0.0613,
1,99,-1284,0.0,0.0,2,0.0613,
1,100,-1296,0.0,0.0,2,0.0613,
1,96,-1523,0.0,0.0,12,0.6029,
1,97,-1487,0.0,0.0,12,0.6029,
1,98,-1497,0.0,0.0,15,0.6124,
1,99,-1491,0.0,0.0,16,0.6234,
1,100,-1386,0.0,0.0,16,0.6205,
0,96,-873,20.0,0.0,21,0.4812,
0,97,-987,20.0,0.0,25,0.5334,
0,98,-883,40.0,0.0,27,0.5442,
0,99,-783,60.0,0.0,27,0.5442,
0,100,-684,80.0,0.0,27,0.5442,
0,96,298,60.0,0.0,33,0.6838,
0,97,282,60.0,0.0,33,0.6838,
0,98,268,60.0,0.0,38,0.7314,
0,99,261,60.0,0.0,40,0.7491,
0,100,348,80.0,0.0,40,0.7494,
0,96,-667,60.0,0.0,21,0.646,
0,97,-685,80.0,0.0,21,0.646,
0,98,913,100.0,0.0,21,0.646,
1,96,-587,0.0,0.0,20,0.6645,
1,97,-692,0.0,0.0,23,0.6847,
1,98,-700,0.0,0.0,23,0.6847,
1,99,-708,0.0,0.0,23,0.6847,
1,100,-716,0.0,0.0,23,0.6847,
1,96,-502,0.0,0.0,7,0.5287,
1,97,-518,0.0,0.0,7,0.5413,
1,98,-418,0.0,0.0,7,0.5535,
1,99,-538,0.0,0.0,7,0.562,
1,100,-554,0.0,0.0,7,0.562,
1,96,-1273,0.0,0.0,25,0.7047,
1,97,-1273,0.0,0.0,25,0.7047,
1,98,-1285,0.0,0.0,25,0.7047,
1,99,-1405,0.0,0.0,25,0.7157,
1,100,-1413,0.0,0.0,25,0.7267,
1,96,-810,0.0,0.0,23,0.4145,
1,97,-815,0.0,0.0,23,0.4257,
1,98,-820,0.0,0.0,23,0.4367,
1,99,-825,0.0,0.0,22,0.4479,
1,100,-846,0.0,0.0,22,0.4592,
0,96,-979,0.0,0.0,2,0.1993,
0,97,-971,0.0,0.0,2,0.1993,
0,98,-1363,0.0,0.0,2,0.1993,
0,99,-1469,0.0,0.0,3,0.2085,
0,100,-1452,0.0,0.0,3,0.2085,
0,96,-43,60.0,0.0,24,0.5639,
0,97,57,80.0,0.0,24,0.5639,
0,98,1657,100.0,0.0,24,0.5639,
1,96,-456,0.0,0.0,41,0.6743,
1,97,-432,0.0,0.0,41,0.6743,
1,98,-424,0.0,0.0,41,0.6743,
1,99,-932,0.0,0.0,41,0.6743,
1,100,-948,0.0,0.0,41,0.6743,
1,96,-522,0.0,0.0,7,0.3877,
1,97,-537,0.0,0.0,7,0.3862,
1,98,-538,0.0,0.0,7,0.3882,
1,99,-547,0.0,0.0,7,0.3887,
1,100,-523,0.0,0.0,7,0.3887,
0,96,-764,0.0,0.0,6,0.3163,
0,97,-764,0.0,0.0,6,0.3163,
0,98,-648,0.0,0.0,6,0.3163,
0,99,-639,0.0,0.0,6,0.3163,
0,100,-639,0.0,0.0,6,0.3163,
0,96,-671,32.8,0.0,18,0.6941,
0,97,-586,52.8,0.0,18,0.6941,
0,98,-486,72.8,0.0,18,0.6941,
0,99,-386,92.8,0.0,18,0.6941,
0,100,-387,92.8,0.0,18,0.6941,
1,96,-749,0.0,0.0,-12,0.4502,
1,97,-725,0.0,0.0,-12,0.4502,
1,98,-817,0.0,0.0,-12,0.4502,
1,99,-809,0.0,0.0,-12,0.4502,
1,100,-785,0.0,0.0,-12,0.4502,
0,96,-603,40.0,0.0,34,0.7802,
0,97,-508,60.0,0.0,34,0.7802,
0,98,-408,80.0,0.0,34,0.7802,
0,99,-408,80.0,0.0,34,0.7802,
0,100,-403,80.0,0.0,37,0.8028,
1,96,-1167,0.0,0.0,1,0.1736,
1,97,-1147,0.0,0.0,2,0.1816,
1,98,-1037,0.0,0.0,2,0.1816,
1,99,-1049,0.0,0.0,2,0.1886,
1,100,-964,0.0,0.0,2,0.1886,
1,96,-661,0.0,0.0,5,0.3354,
1,97,-685,0.0,0.0,5,0.3354,
1,98,-585,0.0,0.0,5,0.3354,
1,99,-577,0.0,0.0,5,0.3354,
1,100,-581,0.0,0.0,5,0.3354,
0,96,-514,0.0,0.0,16,0.6199,
0,97,-520,0.0,0.0,16,0.6199,
0,98,-526,0.0,0.0,16,0.631,
0,99,-648,0.0,0.0,16,0.6354,
0,100,-678,0.0,0.0,16,0.6288,
0,96,781,100.0,0.0,24,0.6757,
0,96,1553,0.0,0.0,0,-0.2758,
0,97,1639,0.0,0.0,-4,-0.2945,
0,98,1625,0.0,0.0,-4,-0.2945,
0,99,1611,0.0,0.0,-4,-0.2945,
0,100,1595,0.0,0.0,-4,-0.2945,
0,96,953,0.0,0.0,-13,-0.5535,
0,97,950,0.0,0.0,-13,-0.5532,
0,98,949,0.0,0.0,-13,-0.5532,
0,99,948,0.0,0.0,-13,-0.5505,
0,100,939,0.0,0.0,-13,-0.5479,
1,96,692,0.0,0.0,-8,-0.4679,
1,97,730,0.0,0.0,-8,-0.4679,
1,98,652,0.0,0.0,-8,-0.4679,
1,99,1176,0.0,0.0,-10,-0.4742,
1,100,1200,0.0,0.0,-10,-0.4742,
1,96,1134,0.0,0.0,-19,-0.4292,
1,97,1137,0.0,0.0,-19,-0.4292,
1,98,1140,0.0,0.0,-19,-0.4292,
1,99,1035,0.0,0.0,-19,-0.4258,
1,100,1038,0.0,0.0,-19,-0.4258,
1,96,120,0.0,-80.0,-16,-0.349,
1,97,-1368,0.0,-100.0,-16,-0.349,
1,96,1218,0.0,-20.0,-24,-0.4354,
1,97,1118,0.0,-40.0,-24,-0.4354,
1,98,1018,0.0,-60.0,-24,-0.4354,
1,99,918,0.0,-80.0,-24,-0.4354,
1,100,-682,0.0,-100.0,-24,-0.4354,
1,96,-637,0.0,-100.0,-20,-0.7401,
0,96,1358,0.0,0.0,10,0.0755,
0,97,1386,0.0,0.0,10,0.0793,
0,98,1406,0.0,0.0,10,0.083,
0,99,1542,0.0,0.0,11,0.0907,
0,100,1562,0.0,0.0,12,0.0971,
0,96,1608,0.0,0.0,1,-0.3651,
0,97,1624,0.0,0.0,1,-0.3447,
0,98,1526,0.0,0.0,1,-0.3246,
0,99,1642,0.0,0.0,3,-0.3049,
0,100,1642,0.0,0.0,5,-0.2843,
0,96,1020,0.0,0.0,-9,-0.5817,
0,97,1128,0.0,0.0,-9,-0.5817,
0,98,1143,0.0,0.0,-9,-0.5817,
0,99,1158,0.0,0.0,-9,-0.5817,
0,100,1181,0.0,0.0,-9,-0.5817,
0,96,1355,0.0,0.0,-8,-0.3363,
0,97,1363,0.0,0.0,-8,-0.3363,
0,98,1371,0.0,0.0,-8,-0.3363,
0,99,1371,0.0,0.0,-8,-0.3363,
0,100,1368,0.0,0.0,-8,-0.3364,
0,96,1015,0.0,0.0,-3,-0.3542,
0,97,1039,0.0,0.0,-3,-0.3652,
0,98,1063,0.0,0.0,-3,-0.3765,
0,99,1179,0.0,0.0,-3,-0.3877,
0,100,1663,0.0,0.0,-4,-0.3987,
0,96,1251,0.0,0.0,-4,-0.4743,
0,97,1251,0.0,0.0,-4,-0.4723,
0,98,1252,0.0,0.0,-4,-0.471,
0,99,1253,0.0,0.0,-5,-0.4581,
0,100,1253,0.0,0.0,-6,-0.449,
1,96,-1098,0.0,-100.0,-12,-0.5665,
0,96,1433,0.0,0.0,-23,-0.8588,
0,97,1424,0.0,0.0,-23,-0.8591,
0,98,1417,0.0,0.0,-23,-0.8591,
0,99,1410,0.0,0.0,-23,-0.8591,
0,100,1438,0.0,0.0,-23,-0.8591,
0,96,1285,0.0,0.0,-28,-0.8131,
0,97,1278,0.0,0.0,-28,-0.8131,
0,98,1271,0.0,0.0,-28,-0.8131,
0,99,1264,0.0,0.0,-28,-0.8131,
0,100,1173,0.0,0.0,-28,-0.8131,
0,96,1292,0.0,0.0,-10,-0.301,
0,97,1292,0.0,0.0,-10,-0.3022,
0,98,1167,0.0,0.0,-11,-0.3031,
0,99,1143,0.0,0.0,-11,-0.3031,
0,100,1235,0.0,0.0,-11,-0.3031,
1,96,207,0.0,0.0,-6,-0.5341,
1,97,303,0.0,0.0,-6,-0.5341,
1,98,723,0.0,0.0,-6,-0.5459,
1,99,739,0.0,0.0,-6,-0.5432,
1,100,755,0.0,0.0,-6,-0.5325,
0,96,998,0.0,0.0,-17,-0.5165,
0,97,1116,0.0,0.0,-17,-0.5165,
0,98,1134,0.0,0.0,-17,-0.5165,
0,99,1152,0.0,0.0,-17,-0.5165,
0,100,1170,0.0,0.0,-17,-0.5276,
0,96,1516,0.0,0.0,-25,-0.2118,
0,97,1536,0.0,0.0,-25,-0.2118,
0,98,1424,0.0,0.0,-25,-0.2118,
0,99,1420,0.0,0.0,-25,-0.2118,
0,100,1416,0.0,0.0,-25,-0.2118,
0,96,1340,0.0,0.0,-5,-0.1486,
0,97,1437,0.0,0.0,-5,-0.1486,
0,98,1426,0.0,0.0,-5,-0.1486,
0,99,1439,0.0,0.0,-5,-0.1459,
0,100,1464,0.0,0.0,-5,-0.1432,
1,96,802,0.0,-60.0,-22,-0.4366,
1,97,795,0.0,-60.0,-26,-0.4536,
1,98,694,0.0,-80.0,-26,-0.4526,
1,99,-906,0.0,-100.0,-26,-0.4526,
0,96,852,0.0,0.0,-9,-0.3626,
0,97,868,0.0,0.0,-9,-0.3621,
0,98,884,0.0,0.0,-9,-0.3615,
0,99,1000,0.0,0.0,-13,-0.3651,
0,100,1024,0.0,0.0,-13,-0.3585,
0,96,699,0.0,0.0,-28,-0.8346,
0,97,715,0.0,0.0,-28,-0.8346,
0,98,731,0.0,0.0,-28,-0.8346,
0,99,747,0.0,0.0,-28,-0.8346,
0,100,755,0.0,0.0,-28,-0.8346,
0,96,1568,0.0,0.0,6,-0.3335,
0,97,1588,0.0,0.0,4,-0.3415,
0,98,1711,0.0,0.0,3,-0.3495,
0,99,1718,0.0,0.0,1,-0.3562,
0,100,1725,0.0,0.0,1,-0.3662,
1,96,662,0.0,0.0,-16,-0.2858,
1,97,662,0.0,0.0,-16,-0.2858,
1,98,662,0.0,0.0,-16,-0.2858,
1,99,661,0.0,0.0,-16,-0.2907,
1,100,659,0.0,0.0,-16,-0.2873,
0,96,1412,0.0,0.0,-19,-0.5367,
0,97,1535,0.0,0.0,-19,-0.5367,
0,98,1558,0.0,0.0,-19,-0.5367,
0,99,1565,0.0,0.0,-19,-0.5367,
0,100,1565,0.0,0.0,-19,-0.5367,
1,96,-1557,0.0,-100.0,-9,-0.3466,
1,96,1400,0.0,0.0,-14,-0.5936,
1,97,1506,0.0,0.0,-14,-0.6043,
1,98,1390,0.0,0.0,-16,-0.6165,
1,99,1388,0.0,0.0,-19,-0.6289,
1,100,1386,0.0,0.0,-19,-0.6289,
1,96,1366,5.4,-60.0,-17,-0.5663,
1,97,1272,6.6,-80.0,-17,-0.5663,
1,98,-322,7.8,-100.0,-17,-0.5663,
0,96,789,0.0,0.0,7,-0.2899,
0,97,789,0.0,0.0,7,-0.2985,
0,98,673,0.0,0.0,7,-0.3073,
0,99,794,0.0,0.0,6,-0.3109,
0,100,803,0.0,0.0,6,-0.3109,
0,96,883,0.0,0.0,5,-0.4168,
0,97,899,0.0,0.0,1,-0.4286,
0,98,807,0.0,0.0,1,-0.437,
0,99,939,0.0,0.0,-1,-0.4458,
0,100,979,0.0,0.0,-1,-0.4474,
1,96,952,0.0,-80.0,0,-0.1653,
1,97,-648,0.0,-100.0,0,-0.1653,
0,96,1276,0.0,0.0,-1,0.0758,
0,97,1278,0.0,0.0,-1,0.0776,
0,98,1264,0.0,0.0,-1,0.0806,
0,99,1282,0.0,0.0,-1,0.0835,
0,100,1292,0.0,0.0,-1,0.0865,
1,96,970,0.0,0.0,-25,-0.6698,
1,97,893,0.0,0.0,-25,-0.6728,
1,98,817,0.0,-20.0,-25,-0.6728,
1,99,748,0.0,-40.0,-25,-0.6728,
1,100,679,0.0,-60.0,-25,-0.6728,
1,96,-440,0.0,-80.0,-17,-0.5244,
1,97,-2032,0.0,-100.0,-17,-0.5244,
1,96,-379,0.0,-100.0,-11,-0.5153,
1,96,563,0.0,-80.0,-32,-0.6109,
1,97,-1037,0.0,-100.0,-32,-0.6109,
0,96,994,0.0,0.0,-16,-0.6716,
0,97,1101,0.0,0.0,-19,-0.6909,
0,98,1111,0.0,0.0,-19,-0.6909,
0,99,1121,0.0,0.0,-19,-0.6909,
0,100,1129,0.0,0.0,-19,-0.6909,
0,96,1632,0.0,0.0,-8,-0.3598,
0,97,1656,0.0,0.0,-8,-0.3585,
0,98,1672,0.0,0.0,-8,-0.3571,
0,99,1696,0.0,0.0,-8,-0.3558,
0,100,1720,0.0,0.0,-8,-0.3545,
0,96,827,0.0,0.0,-14,-0.6286,
0,97,835,0.0,0.0,-14,-0.6286,
0,98,843,0.0,0.0,-14,-0.6286,
0,99,847,0.0,0.0,-14,-0.6288,
0,100,853,0.0,0.0,-15,-0.632,
0,96,270,0.0,0.0,-9,-0.2998,
0,97,378,0.0,0.0,-9,-0.2998,
0,98,386,0.0,0.0,-9,-0.2998,
0,99,394,0.0,0.0,-9,-0.2998,
0,100,414,0.0,0.0,-9,-0.2998,
1,96,-1496,0.0,-100.0,-23,-0.6794,
1,96,1948,0.0,0.0,7,0.0469,
1,97,1963,0.8,0.0,7,0.0387,
1,98,1962,0.8,0.0,6,0.0355,
1,99,1961,0.8,0.0,4,0.0287,
1,100,1960,0.8,0.0,2,0.0193,
1,96,1316,0.0,0.0,9,-0.2357,
1,97,1441,0.0,0.0,9,-0.2309,
1,98,1457,0.0,0.0,9,-0.2335,
1,99,1575,0.0,0.0,9,-0.2362,
1,100,1591,0.0,0.0,9,-0.2389,
1,96,1545,0.0,0.0,16,0.0375,
1,97,1581,0.0,0.0,14,0.0445,
1,98,1617,0.0,0.0,13,0.0445,
1,99,1629,0.0,0.0,7,0.0445,
1,100,1629,0.0,0.0,7,0.0445,
0,96,1161,0.0,0.0,15,-0.0169,
0,97,1161,0.0,0.0,15,-0.0169,
0,98,1161,0.0,0.0,15,-0.0169,
0,99,1161,0.0,0.0,15,-0.0169,
0,100,1161,0.0,0.0,15,-0.0169,
1,96,1149,0.0,0.0,4,-0.2259,
1,97,1165,0.0,0.0,4,-0.2259,
1,98,1286,0.0,0.0,4,-0.2259,
1,99,1311,0.0,0.0,4,-0.2259,
1,100,1344,0.0,0.0,4,-0.2259,
1,96,1320,0.0,0.0,5,-0.1331,
1,97,1325,0.0,0.0,5,-0.1663,
1,98,1432,0.0,0.0,4,-0.1682,
1,99,1407,0.0,0.0,4,-0.1668,
1,100,1491,0.0,0.0,4,-0.1668,
1,96,-176,0.0,0.0,-7,-0.3137,
1,97,-168,0.0,0.0,-8,-0.3095,
1,98,-160,0.0,0.0,-9,-0.3335,
1,99,-266,0.0,0.0,-10,-0.3479,
1,100,-256,0.0,0.0,-10,-0.3479,
1,96,599,0.0,0.0,1,-0.0954,
1,97,575,0.0,0.0,1,-0.0954,
1,98,667,0.0,0.0,1,-0.1024,
1,99,659,0.0,0.0,1,-0.1024,
1,100,543,0.0,0.0,1,-0.1024,
1,96,1630,0.0,0.0,-7,-0.3612,
1,97,1641,0.0,0.0,-7,-0.3612,
1,98,1763,0.0,0.0,-7,-0.3612,
1,99,1779,0.0,0.0,-7,-0.3638,
1,100,1911,0.0,0.0,-7,-0.3665,
0,96,1749,0.0,0.0,9,-0.373,
0,97,1757,0.0,0.0,9,-0.373,
0,98,1765,0.0,0.0,9,-0.373,
0,99,1759,0.0,0.0,6,-0.4022,
0,100,1759,0.0,0.0,6,-0.4022,
1,96,1088,0.0,0.0,0,-0.5636,
1,97,1088,0.0,0.0,0,-0.595,
1,98,1088,0.0,0.0,0,-0.595,
1,99,1088,0.0,0.0,0,-0.595,
1,100,1088,0.0,0.0,0,-0.6062,
1,96,1583,7.8,0.0,9,-0.1519,
1,97,1590,9.4,0.0,6,-0.1806,
1,98,1596,11.0,0.0,5,-0.1882,
1,99,1618,12.6,0.0,5,-0.1882,
1,100,1648,14.2,0.0,5,-0.1882,
0,96,1805,0.0,0.0,-4,-0.6302,
0,97,1819,0.0,0.0,-4,-0.6302,
0,98,1833,0.0,0.0,-4,-0.6302,
0,99,1847,0.0,0.0,-4,-0.6302,
0,100,1861,0.0,0.0,-4,-0.6302,
1,96,1100,0.0,0.0,6,-0.0694,
1,97,1100,0.0,0.0,6,-0.0804,
1,98,1100,0.0,0.0,6,-0.0804,
1,99,1099,0.0,0.0,4,-0.0926,
1,100,1208,0.0,0.0,3,-0.1002,
0,96,1601,0.0,0.0,9,-0.1947,
0,97,1609,0.0,0.0,9,-0.1947,
0,98,1619,0.0,0.0,9,-0.1947,
0,99,1629,0.0,0.0,9,-0.1947,
0,100,1759,0.0,0.0,9,-0.1947,
1,96,2026,5.6,0.0,-9,-0.5791,
1,97,2004,7.2,0.0,-10,-0.6004,
1,98,2012,8.8,0.0,-10,-0.6004,
1,99,2012,10.4,0.0,-10,-0.6004,
1,100,2012,12.0,0.0,-10,-0.6004,
1,96,1861,0.0,0.0,4,-0.1743,
1,97,1860,0.0,0.0,2,-0.1786,
1,98,1857,0.0,0.0,2,-0.173,
1,99,1857,0.0,0.0,3,-0.1742,
1,100,1741,0.0,0.0,4,-0.1753,
1,96,1478,0.0,0.0,17,-0.0063,
1,97,1461,0.0,0.0,17,-0.0063,
1,98,1460,0.0,0.0,17,-0.0063,
1,99,1475,0.0,0.0,17,-0.0063,
1,100,1498,0.0,0.0,17,-0.0063,
1,96,59,0.0,0.0,-16,-0.6261,
1,97,53,0.0,0.0,-16,-0.6309,
1,98,65,0.0,0.0,-16,-0.6443,
1,99,-37,0.0,0.0,-16,-0.6533,
1,100,-11,0.0,0.0,-16,-0.6533,
1,96,1878,22.4,0.0,4,-0.3676,
1,97,1906,27.2,0.0,4,-0.3785,
1,98,1938,32.0,0.0,4,-0.3896,
1,99,1970,36.8,0.0,4,-0.4006,
1,100,2002,41.6,0.0,4,-0.4117,
1,96,471,0.0,0.0,11,-0.2893,
1,97,351,0.0,0.0,11,-0.2882,
1,98,347,0.0,0.0,11,-0.2882,
1,99,450,0.0,0.0,11,-0.2959,
1,100,478,0.0,0.0,9,-0.3101,
0,96,1744,0.0,0.0,-11,-0.5632,
0,97,1853,0.0,0.0,-12,-0.5698,
0,98,1854,0.0,0.0,-12,-0.5698,
0,99,1854,0.0,0.0,-12,-0.5698,
0,100,1854,0.0,0.0,-12,-0.5698,
1,96,48,0.0,-31.0,-32,-0.7144,
1,97,-129,0.0,-34.4,-32,-0.7072,
1,98,-180,0.0,-36.6,-32,-0.7072,
1,99,-74,0.0,-37.8,-32,-0.7072,
1,100,-53,0.0,-37.8,-32,-0.7072,
1,96,1499,0.0,0.0,7,0.0045,
1,97,1613,0.0,0.0,7,0.0045,
1,98,1613,0.0,0.0,7,0.0045,
1,99,1613,0.0,0.0,7,0.0045,
1,100,1613,0.0,0.0,7,0.0045,
1,96,659,0.0,0.0,2,0.1455,
1,97,643,0.0,0.0,2,0.1455,
1,98,751,0.0,0.0,2,0.1386,
1,99,751,0.0,0.0,2,0.1386,
1,100,751,0.0,0.0,2,0.1386,
1,96,972,0.0,0.0,12,-0.2218,
1,97,972,0.0,0.0,12,-0.2531,
1,98,972,0.0,0.0,12,-0.2627,
1,99,972,0.0,0.0,12,-0.2654,
1,100,972,0.0,0.0,12,-0.268,
1,96,780,0.0,0.0,-4,-0.2465,
1,97,816,0.0,0.0,-4,-0.2491,
1,98,836,0.0,0.0,-4,-0.2558,
1,99,840,0.0,0.0,-4,-0.2558,
1,100,844,0.0,0.0,-4,-0.2558,
1,96,1373,0.0,0.0,1,-0.0972,
1,97,1364,0.0,0.0,0,-0.0934,
1,98,1356,0.0,0.0,0,-0.0934,
1,99,1348,0.0,0.0,0,-0.0934,
1,100,1456,0.0,0.0,0,-0.0934,
1,96,1436,0.0,0.0,12,-0.0819,
1,97,1428,0.0,0.0,4,-0.107,
1,98,1531,0.0,0.0,4,-0.1096,
1,99,1536,0.0,0.0,4,-0.1096,
1,100,1549,0.0,0.0,4,-0.1096,
1,96,14,0.0,-13.0,-20,-0.669,
1,97,-11,0.0,-15.6,-21,-0.6738,
1,98,-19,0.0,-17.2,-22,-0.6809,
1,99,-21,0.0,-17.6,-23,-0.6831,
1,100,-9,0.0,-17.6,-23,-0.6719,
1,96,1556,0.0,0.0,-8,-0.3576,
1,97,1556,0.0,0.0,-8,-0.3587,
1,98,1556,0.0,0.0,-8,-0.3599,
1,99,1680,0.0,0.0,-8,-0.361,
1,100,1696,0.0,0.0,-8,-0.3622,
0,96,1415,0.0,0.0,9,-0.2355,
0,97,1415,0.0,0.0,9,-0.2355,
0,98,1415,0.0,0.0,9,-0.2355,
0,99,1415,0.0,0.0,9,-0.2355,
0,100,1415,0.0,0.0,9,-0.2355,
0,96,328,0.0,0.0,23,-0.0108,
0,97,220,0.0,0.0,22,-0.0199,
0,98,204,0.0,0.0,22,-0.0391,
0,99,236,0.0,0.0,22,-0.0584,
0,100,268,0.0,0.0,22,-0.0673,
1,96,1518,0.0,0.0,4,-0.0028,
1,97,1517,0.0,0.0,5,0.0052,
1,98,1517,0.0,0.0,5,0.0041,
1,99,1735,0.0,0.0,6,0.0029,
1,100,1761,0.0,0.0,7,0.0018,
0,96,1948,0.0,0.0,9,-0.38,
0,97,1956,0.0,0.0,9,-0.38,
0,98,1964,0.0,0.0,9,-0.38,
0,99,1964,0.0,0.0,9,-0.38,
0,100,1964,0.0,0.0,9,-0.38,
1,96,1794,0.0,0.0,17,-0.1568,
1,97,1778,0.0,0.0,17,-0.1568,
1,98,1754,0.0,0.0,17,-0.1568,
1,99,1838,0.0,0.0,17,-0.1568,
1,100,1830,0.0,0.0,17,-0.1568,
0,96,480,0.0,0.0,-16,-0.4208,
0,97,488,0.0,0.0,-18,-0.4136,
0,98,341,0.0,0.0,-21,-0.4206,
0,99,317,0.0,0.0,-21,-0.4206,
0,100,285,0.0,0.0,-21,-0.4206,
1,96,215,0.0,0.0,-7,-0.2045,
1,97,184,0.0,0.0,-8,-0.1885,
1,98,177,0.0,0.0,-8,-0.1753,
1,99,193,0.0,0.0,-8,-0.1753,
1,100,233,0.0,0.0,-8,-0.1753,
1,96,1365,0.0,0.0,-7,-0.0695,
1,97,1341,0.0,0.0,-7,-0.0695,
1,98,1429,0.0,0.0,-7,-0.0739,
1,99,1419,0.0,0.0,-7,-0.0739,
1,100,1425,0.0,0.0,-7,-0.0739,
1,96,1242,0.0,0.0,-6,-0.3973,
1,97,1249,0.0,0.0,-7,-0.4243,
1,98,1367,0.0,0.0,-8,-0.43,
1,99,1377,0.0,0.0,-8,-0.43,
1,100,1395,0.0,0.0,-8,-0.43,
0,96,595,0.0,0.0,-2,-0.3892,
0,97,595,0.0,0.0,-2,-0.4523,
0,98,595,0.0,0.0,-8,-0.5055,
0,99,588,0.0,0.0,-13,-0.5442,
0,100,587,0.0,0.0,-13,-0.5449,
1,96,1333,0.0,0.0,-4,-0.384,
1,97,1336,0.0,0.0,-4,-0.378,
1,98,1339,0.0,0.0,-2,-0.3572,
1,99,1215,0.0,0.0,1,-0.3496,
1,100,1215,0.0,0.0,1,-0.3496,
1,96,661,0.0,0.0,-10,-0.2716,
1,97,643,0.0,0.0,-10,-0.2716,
1,98,625,0.0,0.0,-10,-0.2716,
1,99,523,0.0,0.0,-10,-0.2716,
1,100,529,0.0,0.0,-10,-0.2716,
1,96,401,0.0,0.0,-2,-0.5729,
1,97,409,0.0,0.0,-5,-0.6053,
1,98,533,0.0,0.0,-5,-0.6059,
1,99,655,0.0,0.0,-5,-0.607,
1,100,689,0.0,0.0,-5,-0.6081,
1,96,1339,0.0,0.0,-2,-0.4064,
1,97,1338,0.0,0.0,-2,-0.4314,
1,98,1338,0.0,0.0,-2,-0.4314,
1,99,1338,0.0,0.0,-2,-0.4314,
1,100,1338,0.0,0.0,-2,-0.4314,
0,96,1845,0.0,0.0,-16,-0.498,
0,97,1857,0.0,0.0,-16,-0.498,
0,98,1869,0.0,0.0,-16,-0.498,
0,99,1881,0.0,0.0,-16,-0.498,
0,100,1893,0.0,0.0,-16,-0.498,
1,96,1600,0.0,0.0,19,-0.0451,
1,97,1600,0.0,0.0,19,-0.0451,
1,98,1600,0.0,0.0,19,-0.0451,
1,99,1724,0.0,0.0,19,-0.0451,
1,100,1724,0.0,0.0,19,-0.0451,
1,96,-295,0.0,-47.8,-20,-0.5194,
1,97,-360,0.0,-51.2,-20,-0.5234,
1,98,-397,0.0,-53.8,-20,-0.5274,
1,99,-397,0.0,-55.4,-20,-0.5274,
1,100,-381,0.0,0.0,-20,-0.5274,
1,96,1373,0.0,0.0,-8,-0.7485,
1,97,1381,0.0,0.0,-8,-0.7485,
1,98,1389,0.0,0.0,-8,-0.7485,
1,99,1397,0.0,0.0,-8,-0.7485,
1,100,1397,0.0,0.0,-8,-0.7485,
1,96,994,0.0,0.0,-12,-0.3502,
1,97,1002,0.0,0.0,-11,-0.3422,
1,98,1002,0.0,0.0,-11,-0.338,
1,99,1001,0.0,0.0,-11,-0.3312,
1,100,1000,0.0,0.0,-11,-0.3284,
1,96,1351,0.0,0.0,20,0.0245,
1,97,1365,0.0,0.0,20,0.0234,
1,98,1482,0.0,0.0,17,0.0165,
1,99,1512,0.0,0.0,17,0.0154,
1,100,1530,0.0,0.0,18,0.0303,
1,96,421,0.0,0.0,0,-0.2403,
1,97,413,0.0,0.0,0,-0.2403,
1,98,389,0.0,0.0,0,-0.2403,
1,99,473,0.0,0.0,0,-0.2403,
1,100,449,0.0,0.0,0,-0.2403,
1,96,-275,0.0,-90.8,-6,-0.2659,
1,97,-234,0.0,-93.6,-6,-0.2646,
1,98,-271,0.0,-95.4,-6,-0.2646,
1,99,-280,0.0,-96.4,-6,-0.2646,
1,100,-280,0.0,0.0,-6,-0.2646,
1,96,738,0.0,0.0,-20,-0.5323,
1,97,730,0.0,0.0,-20,-0.5323,
1,98,722,0.0,0.0,-20,-0.5117,
1,99,714,0.0,0.0,-21,-0.4988,
1,100,934,0.0,0.0,-22,-0.4913,
1,96,1520,0.0,0.0,21,-0.0777,
1,97,1504,0.0,0.0,19,-0.0681,
1,98,1628,0.0,0.0,19,-0.0681,
1,99,1652,0.0,0.0,20,-0.0693,
1,100,1676,0.0,0.0,20,-0.0704,
1,96,1420,0.0,0.0,20,-0.224,
1,97,1312,0.0,0.0,20,-0.224,
1,98,1320,0.0,0.0,20,-0.224,
1,99,1328,0.0,0.0,20,-0.224,
1,100,1336,0.0,0.0,20,-0.224,
1,96,1403,0.0,0.0,9,-0.0404,
1,97,1411,0.0,0.0,9,-0.0404,
1,98,1419,0.0,0.0,9,-0.0404,
1,99,1435,0.0,0.0,7,-0.0467,
1,100,1463,0.0,0.0,5,-0.0528,
1,96,1239,0.0,0.0,5,-0.2728,
1,97,1222,0.0,0.0,5,-0.2728,
1,98,1309,0.0,0.0,5,-0.2728,
1,99,1296,0.0,0.0,5,-0.2728,
1,100,1199,0.0,0.0,5,-0.2728,
1,96,1257,0.0,0.0,8,-0.1662,
1,97,1289,0.0,0.0,8,-0.1662,
1,98,1297,0.0,0.0,8,-0.1662,
1,99,1303,0.0,0.0,8,-0.1707,
1,100,1408,0.0,0.0,8,-0.1707,
1,96,628,0.0,0.0,-5,-0.6029,
1,97,500,0.0,0.0,-5,-0.6309,
1,98,508,0.0,0.0,-5,-0.6309,
1,99,532,0.0,0.0,-5,-0.6309,
1,100,540,0.0,0.0,-5,-0.6309,
1,96,1366,0.0,0.0,-3,-0.3886,
1,97,1384,0.0,0.0,-7,-0.4149,
1,98,1395,0.0,0.0,-7,-0.4142,
1,99,1407,0.0,0.0,-7,-0.4165,
1,100,1402,0.0,0.0,-8,-0.4208,
0,96,1286,0.0,0.0,-3,-0.4349,
0,97,1286,0.0,0.0,-3,-0.4429,
0,98,1286,0.0,0.0,-3,-0.4429,
0,99,1286,0.0,0.0,-3,-0.4429,
0,100,1286,0.0,0.0,-3,-0.4429,
0,96,1118,0.0,0.0,2,-0.1997,
0,97,1118,0.0,0.0,2,-0.1997,
0,98,1118,0.0,0.0,2,-0.1997,
0,99,1626,0.0,0.0,2,-0.1997,
0,100,1634,0.0,0.0,2,-0.1997,
1,96,1789,0.0,0.0,-5,-0.5698,
1,97,1773,0.0,0.0,-5,-0.581,
1,98,1681,0.0,0.0,-5,-0.5794,
1,99,1705,0.0,0.0,-5,-0.5794,
1,100,1728,0.0,0.0,-6,-0.5803,
1,96,867,0.0,0.0,-4,-0.2304,
1,97,866,0.0,0.0,-4,-0.2241,
1,98,866,0.0,0.0,-5,-0.2192,
1,99,875,0.0,0.0,-5,-0.2017,
1,100,882,0.0,0.0,-5,-0.1793,
1,96,-42,0.0,0.0,-23,-0.8109,
1,97,-54,0.0,0.0,-23,-0.8109,
1,98,-42,0.0,0.0,-23,-0.8109,
1,99,-244,0.0,0.0,-23,-0.8109,
1,100,-246,0.0,0.0,-23,-0.8109,
1,96,1478,0.0,0.0,-16,-0.4898,
1,97,1593,0.0,0.0,-19,-0.4859,
1,98,1606,0.0,0.0,-19,-0.4762,
1,99,1619,0.0,0.0,-19,-0.4762,
1,100,1624,0.0,0.0,-19,-0.4762,
1,96,1143,0.0,0.0,3,-0.1555,
1,97,1251,0.0,0.0,3,-0.1555,
1,98,1263,0.0,0.0,3,-0.1555,
1,99,1275,0.0,0.0,3,-0.1555,
1,100,1287,0.0,0.0,3,-0.1555,
0,96,2078,14.4,0.0,2,0.0723,
0,97,2095,18.6,0.0,2,0.0711,
0,98,2124,22.8,0.0,1,0.07,
0,99,2141,26.0,0.0,1,0.0782,
0,100,2157,29.2,0.0,1,0.0875,
1,96,425,0.0,0.0,-9,-0.3859,
1,97,425,0.0,0.0,-9,-0.3939,
1,98,425,0.0,0.0,-9,-0.4019,
1,99,425,0.0,0.0,-9,-0.3939,
1,100,425,0.0,0.0,-10,-0.3939,
1,96,823,0.0,0.0,15,-0.1849,
1,97,930,0.0,0.0,10,-0.1958,
1,98,935,0.0,0.0,10,-0.2042,
1,99,940,0.0,0.0,10,-0.2099,
1,100,956,0.0,0.0,10,-0.2099,
1,96,1455,0.0,0.0,10,-0.2017,
1,97,1439,0.0,0.0,10,-0.2017,
1,98,1558,0.0,0.0,9,-0.209,
1,99,1458,0.0,0.0,9,-0.217,
1,100,1466,0.0,0.0,9,-0.217,
0,96,1781,0.0,0.0,1,-0.5571,
0,97,1801,0.0,0.0,1,-0.5571,
0,98,1821,0.0,0.0,1,-0.5571,
0,99,1841,0.0,0.0,1,-0.5571,
0,100,1861,0.0,0.0,1,-0.5571,
1,96,596,0.0,0.0,1,-0.1142,
1,97,597,0.0,0.0,-2,-0.1348,
1,98,718,0.0,0.0,-4,-0.1335,
1,99,739,0.0,0.0,-4,-0.1335,
1,100,757,0.0,0.0,-4,-0.1335,
1,96,1560,0.0,0.0,-9,-0.4209,
1,97,1536,0.0,0.0,-9,-0.422,
1,98,1512,0.0,0.0,-9,-0.422,
1,99,1488,0.0,0.0,-9,-0.422,
1,100,1464,0.0,0.0,-9,-0.422,
1,96,1285,0.0,0.0,11,-0.2216,
1,97,1288,0.0,0.0,11,-0.2227,
1,98,1303,0.0,0.0,11,-0.2238,
1,99,1306,0.0,0.0,11,-0.225,
1,100,1309,0.0,0.0,11,-0.2261,
1,96,1607,0.0,0.0,5,-0.1613,
1,97,1607,0.0,0.0,5,-0.1625,
1,98,1605,0.0,0.0,5,-0.1589,
1,99,1586,0.0,0.0,5,-0.1555,
1,100,1569,0.0,0.0,5,-0.1555,
1,96,522,0.0,0.0,-6,-0.4617,
1,97,528,0.0,0.0,-6,-0.4617,
1,98,534,0.0,0.0,-6,-0.4617,
1,99,540,0.0,0.0,-6,-0.4617,
1,100,546,0.0,0.0,-6,-0.4617,
1,96,440,0.0,0.0,-2,-0.2133,
1,97,362,0.0,0.0,-2,-0.2133,
1,98,246,0.0,0.0,-2,-0.2133,
1,99,249,0.0,0.0,-2,-0.2133,
1,100,265,0.0,0.0,-2,-0.217,
1,96,1172,0.0,0.0,9,-0.3015,
1,97,1649,0.0,0.0,9,-0.3015,
1,98,1650,0.0,0.0,9,-0.3015,
1,99,1651,0.0,0.0,9,-0.3095,
1,100,1628,0.0,0.0,9,-0.3175,
1,96,1403,0.0,0.0,8,-0.204,
1,97,1403,0.0,0.0,8,-0.2126,
1,98,1529,0.0,0.0,8,-0.2213,
1,99,1561,0.0,0.0,8,-0.23,
1,100,1593,0.0,0.0,8,-0.2376,
1,96,1442,0.0,0.0,2,-0.0977,
1,97,1562,0.0,0.0,2,-0.0977,
1,98,1570,0.0,0.0,2,-0.0977,
1,99,1578,1.6,0.0,2,-0.0977,
1,100,1586,3.2,0.0,2,-0.0977,
0,96,1905,0.0,0.0,-6,-0.3929,
0,97,1909,0.0,0.0,-6,-0.3929,
0,98,1913,0.0,0.0,-6,-0.3929,
0,99,1917,0.0,0.0,-6,-0.3929,
0,100,1917,0.0,0.0,-6,-0.3929,
1,96,1411,0.0,0.0,-8,-0.4212,
1,97,1390,0.0,0.0,-8,-0.4378,
1,98,1380,0.0,0.0,-9,-0.445,
1,99,1386,0.0,0.0,-9,-0.445,
1,100,1392,0.0,0.0,-9,-0.445,
1,96,1834,0.0,0.0,-6,-0.195,
1,97,1800,0.0,0.0,-7,-0.1996,
1,98,1780,0.0,0.0,-7,-0.1996,
1,99,1800,0.0,0.0,-7,-0.1996,
1,100,1794,0.0,0.0,-7,-0.1986,
1,96,1567,0.0,0.0,0,-0.0118,
1,97,1542,0.0,0.0,0,-0.0319,
1,98,1631,0.0,0.0,0,-0.0299,
1,99,1613,0.0,0.0,0,-0.0299,
1,100,1511,0.0,0.0,0,-0.0299,
0,96,1995,0.0,0.0,10,-0.5744,
0,97,1995,0.0,0.0,10,-0.5744,
0,98,1995,0.0,0.0,10,-0.5744,
0,99,1995,0.0,0.0,10,-0.5744,
0,100,1995,0.0,0.0,10,-0.5744,
1,96,621,0.0,0.0,-23,-0.5338,
1,97,525,0.0,0.0,-23,-0.5338,
1,98,537,0.0,0.0,-23,-0.5338,
1,99,544,0.0,0.0,-23,-0.545,
1,100,551,0.0,0.0,-23,-0.545,
1,96,128,0.0,0.0,-8,-0.2933,
1,97,80,0.0,0.0,-8,-0.2821,
1,98,68,0.0,0.0,-8,-0.2709,
1,99,-12,0.0,0.0,-8,-0.2709,
1,100,4,0.0,0.0,-8,-0.2709,
1,96,-63,0.0,0.0,-15,-0.6726,
1,97,-127,0.0,0.0,-15,-0.6766,
1,98,-159,0.0,0.0,-15,-0.6806,
1,99,-34,0.0,0.0,-15,-0.6806,
1,100,-18,0.0,0.0,-15,-0.6726,
0,96,1868,0.0,0.0,15,0.0088,
0,97,1876,0.0,0.0,15,0.0088,
0,98,1876,0.0,0.0,15,0.0088,
0,99,1876,0.0,0.0,15,0.0088,
0,100,1876,0.0,0.0,15,0.0088,
1,96,1558,0.0,0.0,0,-0.4986,
1,97,1556,0.0,0.0,-6,-0.5083,
1,98,1680,0.0,0.0,-8,-0.5056,
1,99,1704,0.0,0.0,-9,-0.496,
1,100,1732,0.0,0.0,-10,-0.4864,
1,96,693,0.0,0.0,-12,-0.4253,
1,97,675,0.0,0.0,-12,-0.4253,
1,98,657,0.0,0.0,-12,-0.4253,
1,99,639,0.0,0.0,-12,-0.4253,
1,100,637,0.0,0.0,-12,-0.4253,
1,96,863,0.0,0.0,-2,-0.501,
1,97,870,0.0,0.0,-4,-0.5038,
1,98,886,0.0,0.0,-5,-0.5085,
1,99,996,0.0,0.0,-6,-0.5116,
1,100,995,0.0,0.0,-7,-0.5167,
0,96,242,0.0,0.0,-9,-0.2547,
0,97,242,0.0,0.0,-9,-0.2547,
0,98,94,0.0,0.0,-9,-0.2445,
0,99,82,0.0,0.0,-9,-0.2445,
0,100,94,0.0,0.0,-9,-0.2445,
0,96,1750,0.0,0.0,-17,-0.6768,
0,97,1766,0.0,0.0,-17,-0.6768,
0,98,1774,0.0,0.0,-17,-0.6768,
0,99,1780,0.0,0.0,-17,-0.6768,
0,100,1786,0.0,0.0,-17,-0.6768,
1,96,1586,0.0,0.0,-2,-0.6144,
1,97,1590,0.0,0.0,-2,-0.6144,
1,98,1602,0.0,0.0,-2,-0.6114,
1,99,1466,0.0,0.0,-2,-0.6186,
1,100,1442,0.0,0.0,-2,-0.6186,
1,96,1150,0.0,0.0,0,-0.256,
1,97,1124,0.0,0.0,0,-0.2643,
1,98,1100,0.0,0.0,-2,-0.2488,
1,99,1000,0.0,0.0,-2,-0.2488,
1,100,1008,0.0,0.0,-2,-0.2488,
1,96,240,0.0,0.0,-8,-0.3451,
1,97,256,0.0,0.0,-8,-0.3451,
1,98,256,0.0,0.0,-8,-0.3562,
1,99,256,0.0,0.0,-9,-0.3646,
1,100,255,0.0,0.0,-10,-0.3725,
1,96,1925,0.0,0.0,5,-0.3444,
1,97,1941,0.0,0.0,5,-0.3377,
1,98,1841,0.0,0.0,5,-0.3311,
1,99,1841,0.0,0.0,5,-0.3244,
1,100,1853,0.0,0.0,5,-0.3177,
1,96,761,0.0,0.0,2,-0.1009,
1,97,744,0.0,0.0,2,-0.1009,
1,98,727,0.0,0.0,2,-0.1009,
1,99,710,0.0,0.0,2,-0.1009,
1,100,710,0.0,0.0,2,-0.1009,
1,96,847,0.0,0.0,-14,-0.4688,
1,97,792,0.0,0.0,-14,-0.4688,
1,98,1257,0.0,0.0,-14,-0.4688,
1,99,1258,0.0,0.0,-14,-0.4688,
1,100,1383,0.0,0.0,-14,-0.4688,
0,96,1693,0.0,0.0,4,-0.5319,
0,97,1802,0.0,0.0,4,-0.5319,
0,98,1811,0.0,0.0,4,-0.5319,
0,99,1836,0.0,0.0,4,-0.5319,
0,100,1861,0.0,0.0,4,-0.5319,
1,96,-575,0.0,-49.0,-8,-0.6985,
1,97,-651,0.0,-49.0,-7,-0.7045,
1,98,-680,0.0,-49.0,-8,-0.7125,
1,99,-678,0.0,-47.4,-8,-0.7125,
1,100,-662,0.0,-45.8,-8,-0.7125,
0,96,1981,0.0,0.0,9,-0.3035,
0,97,1981,0.0,0.0,9,-0.3035,
0,98,1981,0.0,0.0,9,-0.3035,
0,99,1981,0.0,0.0,9,-0.3035,
0,100,1978,0.0,0.0,1,-0.3588,
0,96,1215,0.0,0.0,-8,-0.3994,
0,97,1215,0.0,0.0,-8,-0.3994,
0,98,1215,0.0,0.0,-8,-0.3994,
0,99,1215,0.0,0.0,-8,-0.3994,
0,100,1215,0.0,0.0,-8,-0.3994,
1,96,61,0.0,0.0,-5,-0.4899,
1,97,69,0.0,0.0,-5,-0.4939,
1,98,77,0.0,0.0,-5,-0.4942,
1,99,85,0.0,0.0,-5,-0.503,
1,100,101,0.0,0.0,-6,-0.516,
0,96,1628,0.0,0.0,11,-0.0647,
0,97,1656,0.0,0.0,11,-0.0583,
0,98,1792,0.0,0.0,11,-0.0523,
0,99,1820,0.0,0.0,11,-0.055,
0,100,1848,0.0,0.0,11,-0.0577,
1,96,1480,0.0,0.0,3,-0.1542,
1,97,1474,0.0,0.0,3,-0.1544,
1,98,1378,0.0,0.0,3,-0.1544,
1,99,1398,0.0,0.0,3,-0.1544,
1,100,1526,0.0,0.0,3,-0.1544,
1,96,1623,0.0,0.0,17,-0.2649,
1,97,1640,0.0,0.0,17,-0.2775,
1,98,1752,0.0,0.0,18,-0.2715,
1,99,1764,0.0,0.0,19,-0.2611,
1,100,1785,0.0,0.0,19,-0.2527,
1,96,1178,0.0,0.0,9,-0.304,
1,97,1194,0.0,0.0,6,-0.313,
1,98,1210,0.0,0.0,6,-0.322,
1,99,1223,0.0,0.0,6,-0.3245,
1,100,1246,0.0,0.0,4,-0.3336,
0,96,1940,0.0,0.0,-11,-0.4752,
0,97,1940,0.0,0.0,-11,-0.4752,
0,98,1940,0.0,0.0,-11,-0.4752,
0,99,1940,0.0,0.0,-11,-0.4752,
0,100,1940,0.0,0.0,-11,-0.4752,
1,96,1557,0.0,0.0,7,-0.1419,
1,97,1573,0.0,0.0,7,-0.1446,
1,98,1597,0.0,0.0,7,-0.1472,
1,99,1621,0.0,0.0,7,-0.1499,
1,100,1645,0.0,0.0,7,-0.1526,
1,96,1787,0.0,0.0,-13,-0.6505,
1,97,1748,0.0,0.0,-13,-0.6502,
1,98,1724,0.0,0.0,-13,-0.6502,
1,99,1708,0.0,0.0,-13,-0.6502,
1,100,1692,0.0,0.0,-13,-0.6502,
0,96,690,0.0,0.0,-25,-0.7794,
0,97,690,0.0,0.0,-25,-0.7794,
0,98,690,0.0,0.0,-25,-0.7794,
0,99,690,0.0,0.0,-25,-0.7794,
0,100,690,0.0,0.0,-25,-0.7794,
1,96,1608,0.0,0.0,1,-0.1862,
1,97,1584,0.0,0.0,1,-0.1862,
1,98,1560,0.0,0.0,1,-0.1862,
1,99,1536,0.0,0.0,1,-0.1862,
1,100,1620,0.0,0.0,1,-0.1862,
1,96,510,0.0,0.0,9,-0.1134,
1,97,622,0.0,0.0,6,-0.1422,
1,98,621,0.0,0.0,1,-0.1463,
1,99,619,0.0,0.0,1,-0.1463,
1,100,609,0.0,0.0,1,-0.1463,
0,96,1000,0.0,0.0,-19,-0.6101,
0,97,1000,0.0,0.0,-19,-0.6101,
0,98,1000,0.0,0.0,-19,-0.6101,
0,99,1000,0.0,0.0,-19,-0.6101,
0,100,1000,0.0,0.0,-19,-0.6101,
1,96,1504,0.0,0.0,15,-0.037,
1,97,1523,0.0,0.0,8,-0.0628,
1,98,1583,0.0,0.0,8,-0.0575,
1,99,1623,0.0,0.0,8,-0.0521,
1,100,1670,0.0,0.0,9,-0.0468,
1,96,1929,0.0,0.0,4,-0.1235,
1,97,1929,0.0,0.0,4,-0.1235,
1,98,2037,0.0,0.0,4,-0.1235,
1,99,2045,0.0,0.0,4,-0.1235,
1,100,2053,0.0,0.0,4,-0.1235,
1,96,408,0.0,0.0,-22,-0.7128,
1,97,402,0.0,0.0,-22,-0.7128,
1,98,488,0.0,0.0,-22,-0.7128,
1,99,450,0.0,0.0,-22,-0.7128,
1,100,336,0.0,0.0,-22,-0.7116,
1,96,1305,0.0,0.0,-18,-0.4472,
1,97,1304,0.0,0.0,-17,-0.4392,
1,98,1304,0.0,0.0,-16,-0.4349,
1,99,1303,0.0,0.0,-15,-0.4297,
1,100,1300,0.0,0.0,-15,-0.4245,
1,96,695,0.0,0.0,9,0.0478,
1,97,801,0.0,0.0,9,0.0528,
1,98,706,0.0,0.0,9,0.0528,
1,99,828,0.0,0.0,9,0.0528,
1,100,938,0.0,0.0,9,0.0528,
0,96,1260,0.0,0.0,-16,-0.63,
0,97,1260,0.0,0.0,-16,-0.63,
0,98,1260,0.0,0.0,-16,-0.63,
0,99,1260,0.0,0.0,-16,-0.63,
0,100,1260,0.0,0.0,-16,-0.63,
1,96,1896,2.4,0.0,-4,-0.4368,
1,97,1896,7.2,0.0,-4,-0.4368,
1,98,1896,12.0,0.0,-4,-0.4368,
1,99,1912,16.8,0.0,-4,-0.4368,
1,100,1932,21.6,0.0,-4,-0.4368,
1,96,1349,0.0,0.0,-3,-0.2828,
1,97,1333,0.0,0.0,-3,-0.2828,
1,98,1417,0.0,0.0,-3,-0.2828,
1,99,1401,0.0,0.0,-3,-0.2828,
1,100,1431,0.0,0.0,-3,-0.2828,
0,96,1930,0.0,0.0,0,-0.6186,
0,97,1930,0.0,0.0,0,-0.6186,
0,98,1926,0.0,0.0,-7,-0.6713,
0,99,1926,0.0,0.0,-7,-0.6713,
0,100,1926,0.0,0.0,-7,-0.6713,
1,96,-162,0.0,-15.6,-2,-0.3207,
1,97,-240,0.0,-17.6,-2,-0.3207,
1,98,-295,0.0,-19.0,-2,-0.3207,
1,99,-314,0.0,-19.6,-2,-0.3207,
1,100,-314,0.0,0.0,-2,-0.3207,
1,96,958,0.0,0.0,-14,-0.3647,
1,97,968,0.0,0.0,-14,-0.3718,
1,98,842,0.0,0.0,-14,-0.3891,
1,99,880,0.0,0.0,-14,-0.3891,
1,100,910,0.0,0.0,-14,-0.3854,
1,96,1120,0.0,0.0,9,-0.1051,
1,97,1136,0.0,0.0,9,-0.1051,
1,98,1262,0.0,0.0,9,-0.1051,
1,99,1296,0.0,0.0,9,-0.1051,
1,100,1318,0.0,0.0,9,-0.1051,
1,96,1220,0.0,0.0,3,-0.4131,
1,97,1220,0.0,0.0,3,-0.4131,
1,98,1220,0.0,0.0,3,-0.4131,
1,99,1220,0.0,0.0,3,-0.4131,
1,100,1220,0.0,0.0,3,-0.4131,
0,96,1388,0.0,0.0,-14,-0.6582,
0,97,1388,0.0,0.0,-14,-0.6582,
0,98,1388,0.0,0.0,-14,-0.6582,
0,99,1388,0.0,0.0,-14,-0.6582,
0,100,1388,0.0,0.0,-14,-0.6582,
1,96,753,0.0,0.0,8,0.0308,
1,97,769,0.0,0.0,10,0.0449,
1,98,793,0.0,0.0,10,0.0429,
1,99,823,0.0,0.0,10,0.0409,
1,100,837,0.0,0.0,10,0.0389,
0,96,1412,0.0,0.0,7,-0.309,
0,97,1412,0.0,0.0,7,-0.3719,
0,98,1412,0.0,0.0,7,-0.435,
0,99,1410,0.0,0.0,3,-0.4969,
0,100,1404,0.0,0.0,-1,-0.5301,
1,96,1138,0.0,0.0,-19,-0.3527,
1,97,1250,0.0,0.0,-19,-0.3527,
1,98,1258,0.0,0.0,-18,-0.3607,
1,99,1258,0.0,0.0,-18,-0.3687,
1,100,1258,0.0,0.0,-18,-0.3767,
1,96,1607,0.0,0.0,8,-0.0951,
1,97,1613,0.0,0.0,7,-0.0972,
1,98,1621,0.0,0.0,7,-0.0989,
1,99,1637,0.0,0.0,8,-0.1003,
1,100,1653,0.0,0.0,8,-0.103,
1,96,-864,0.0,-41.8,-20,-0.3264,
1,97,-879,0.0,-44.6,-20,-0.3207,
1,98,-881,0.0,-46.6,-20,-0.3195,
1,99,-879,0.0,-47.8,-20,-0.3195,
1,100,-871,0.0,0.0,-20,-0.3195,
0,96,1934,0.0,0.0,-2,-0.4509,
0,97,1950,0.0,0.0,-2,-0.4509,
0,98,1966,0.0,0.0,-2,-0.4509,
0,99,1982,0.0,0.0,-2,-0.4509,
0,100,1998,0.0,0.0,-2,-0.4509,
1,96,1224,0.0,0.0,-2,-0.3133,
1,97,1256,0.0,0.0,-2,-0.3133,
1,98,1288,0.0,0.0,-2,-0.3133,
1,99,1304,0.0,0.0,-2,-0.3133,
1,100,1320,0.0,0.0,-2,-0.3133,
1,96,620,0.0,0.0,8,-0.1758,
1,97,1125,0.0,0.0,8,-0.1758,
1,98,1354,0.0,0.0,8,-0.1827,
1,99,1275,0.0,0.0,8,-0.1827,
1,100,1307,0.0,0.0,8,-0.1827,
0,96,1828,0.0,0.0,2,-0.4495,
0,97,1844,0.0,0.0,2,-0.5124,
0,98,1860,0.0,0.0,2,-0.5756,
0,99,1875,0.0,0.0,-2,-0.6355,
0,100,1893,0.0,0.0,-6,-0.6702,
1,96,-596,0.0,0.0,-9,-0.4283,
1,97,-652,0.0,0.0,-9,-0.4243,
1,98,-680,0.0,0.0,-9,-0.4203,
1,99,-544,0.0,0.0,-9,-0.4203,
1,100,-319,0.0,0.0,-9,-0.4203,
0,96,1396,0.0,0.0,-9,-0.436,
0,97,1396,0.0,0.0,-9,-0.436,
0,98,1396,0.0,0.0,-9,-0.436,
0,99,1396,0.0,0.0,-9,-0.436,
0,100,1396,0.0,0.0,-9,-0.436,
1,96,1004,0.0,0.0,12,-0.0744,
1,97,1004,0.0,0.0,12,-0.0903,
1,98,1044,0.0,0.0,12,-0.091,
1,99,1172,0.0,0.0,12,-0.0921,
1,100,1188,0.0,0.0,13,-0.0933,
1,96,1453,0.0,0.0,1,-0.349,
1,97,1460,0.0,0.0,1,-0.349,
1,98,1467,0.0,0.0,1,-0.349,
1,99,1474,0.0,0.0,1,-0.349,
1,100,1489,0.0,0.0,1,-0.349,
1,96,787,0.0,0.0,-22,-0.5594,
1,97,679,0.0,0.0,-20,-0.5478,
1,98,648,0.0,0.0,-20,-0.5372,
1,99,610,0.0,0.0,-19,-0.5207,
1,100,579,0.0,0.0,-18,-0.5015,
1,96,1444,0.0,0.0,0,-0.134,
1,97,1420,0.0,0.0,0,-0.134,
1,98,1312,0.0,0.0,0,-0.134,
1,99,1320,0.0,0.0,0,-0.134,
1,100,1328,0.0,0.0,0,-0.145,
1,96,1805,0.0,0.0,14,-0.0813,
1,97,1805,0.0,0.0,14,-0.0813,
1,98,1805,0.0,0.0,14,-0.0813,
1,99,1689,0.0,0.0,13,-0.0784,
1,100,1685,0.0,0.0,13,-0.0784,
1,96,628,0.0,0.0,6,-0.2004,
1,97,640,0.0,0.0,6,-0.2004,
1,98,627,0.0,0.0,5,-0.2077,
1,99,615,0.0,0.0,5,-0.2077,
1,100,627,0.0,0.0,5,-0.2077,
1,96,1162,0.0,0.0,14,-0.3299,
1,97,1178,0.0,0.0,14,-0.3299,
1,98,1186,0.0,0.0,14,-0.3299,
1,99,1194,0.0,0.0,14,-0.3299,
1,100,1318,0.0,0.0,14,-0.3299,
1,96,199,0.0,-72.8,-2,-0.3885,
1,97,136,0.0,-75.8,-2,-0.3885,
1,98,246,0.0,-78.6,-2,-0.3885,
1,99,258,0.0,-80.2,-2,-0.4125,
1,100,310,0.0,0.0,-3,-0.4125,
1,96,-70,0.0,-83.4,-19,-0.446,
1,97,-138,0.0,-83.4,-22,-0.466,
1,98,-179,0.0,-83.4,-20,-0.482,
1,99,-183,0.0,-83.4,-19,-0.495,
1,100,-172,0.0,-83.4,-19,-0.498,
1,96,1408,0.0,0.0,17,0.0244,
1,97,1384,0.0,0.0,17,-0.0068,
1,98,1492,0.0,0.0,17,-0.0036,
1,99,1484,0.0,0.0,17,-0.0036,
1,100,1476,0.0,0.0,17,-0.0036,
1,96,1129,0.0,0.0,-2,-0.6216,
1,97,1153,0.0,0.0,-4,-0.6529,
1,98,1168,0.0,0.0,-4,-0.6593,
1,99,1184,0.0,0.0,-4,-0.6593,
1,100,1316,0.0,0.0,-4,-0.6593,
0,96,1069,0.0,0.0,-7,-0.5856,
0,97,1069,0.0,0.0,-7,-0.5856,
0,98,1069,0.0,0.0,-7,-0.5856,
0,99,1069,0.0,0.0,-7,-0.5856,
0,100,1069,0.0,0.0,-7,-0.5856,
0,96,1188,0.0,0.0,-26,-0.6566,
0,97,1188,0.0,0.0,-26,-0.6566,
0,98,1188,0.0,0.0,-26,-0.6566,
0,99,1195,0.0,0.0,-26,-0.6566,
0,100,1202,0.0,0.0,-26,-0.6566,
0,96,781,0.0,0.0,-8,-0.4516,
0,97,779,0.0,0.0,-8,-0.4517,
0,98,779,0.0,0.0,-8,-0.4517,
0,99,779,0.0,0.0,-8,-0.4517,
0,100,779,0.0,0.0,-8,-0.4517,
1,96,1633,0.0,0.0,-13,-0.3946,
1,97,1645,0.0,0.0,-13,-0.3951,
1,98,1651,0.0,0.0,-12,-0.3957,
1,99,1664,0.0,0.0,-12,-0.3957,
1,100,1670,0.0,0.0,-12,-0.3957,
1,96,-4,0.0,-60.6,-17,-0.5369,
1,97,-13,0.0,-63.0,-18,-0.5214,
1,98,-67,0.0,-64.6,-18,-0.5346,
1,99,-78,0.0,-65.6,-18,-0.5346,
1,100,-68,0.0,0.0,-18,-0.5346,
1,96,1196,0.0,0.0,-14,-0.3543,
1,97,1172,0.0,0.0,-15,-0.347,
1,98,1172,0.0,0.0,-15,-0.3287,
1,99,1172,0.0,0.0,-15,-0.3287,
1,100,1176,0.0,0.0,-15,-0.3287,
1,96,1625,0.0,0.0,0,-0.3971,
1,97,1636,0.0,0.0,0,-0.4255,
1,98,1647,0.0,0.0,0,-0.4249,
1,99,1667,0.0,0.0,2,-0.4184,
1,100,1686,0.0,0.0,1,-0.4097,
1,96,944,0.0,0.0,-2,-0.2606,
1,97,968,0.0,0.0,-2,-0.2606,
1,98,1100,0.0,0.0,-2,-0.2606,
1,99,1148,0.0,0.0,-2,-0.2606,
1,100,1180,0.0,0.0,-2,-0.2606,
1,96,1608,0.0,0.0,-7,-0.7061,
1,97,1616,0.0,0.0,-7,-0.7072,
1,98,1632,0.0,0.0,-10,-0.7084,
1,99,1644,0.0,0.0,-11,-0.7095,
1,100,1655,0.0,0.0,-11,-0.7101,
1,96,-127,0.0,0.0,-37,-0.6557,
1,97,-147,0.0,0.0,-37,-0.6557,
1,98,-251,0.0,0.0,-37,-0.6557,
1,99,-256,0.0,0.0,-37,-0.6592,
1,100,-248,0.0,0.0,-37,-0.6592,
1,96,1555,0.0,0.0,15,-0.0575,
1,97,1554,0.0,0.0,12,-0.0905,
1,98,1670,0.0,0.0,10,-0.1007,
1,99,1699,0.0,0.0,10,-0.1034,
1,100,1757,0.0,0.0,10,-0.1061,
0,96,1174,0.0,0.0,-20,-0.788,
0,97,1174,0.0,0.0,-20,-0.788,
0,98,1174,0.0,0.0,-20,-0.788,
0,99,1174,0.0,0.0,-20,-0.788,
0,100,1174,0.0,0.0,-20,-0.788,
0,96,1417,0.0,0.0,3,-0.4513,
0,97,1417,0.0,0.0,3,-0.4513,
0,98,1417,0.0,0.0,3,-0.4513,
0,99,1417,0.0,0.0,3,-0.4513,
0,100,1925,0.0,0.0,3,-0.4513,
1,96,1298,0.0,0.0,4,-0.4384,
1,97,1296,0.0,0.0,0,-0.4688,
1,98,1308,0.0,0.0,-2,-0.4698,
1,99,1315,0.0,0.0,-4,-0.4698,
1,100,1322,0.0,0.0,-6,-0.4769,
1,96,616,0.0,0.0,-16,-0.5797,
1,97,623,0.0,0.0,-16,-0.5844,
1,98,613,0.0,0.0,-16,-0.5894,
1,99,611,0.0,0.0,-16,-0.5894,
1,100,609,0.0,0.0,-16,-0.5894,
0,96,1671,0.0,0.0,-1,-0.409,
0,97,1671,0.0,0.0,-1,-0.409,
0,98,1671,0.0,0.0,-1,-0.409,
0,99,1671,0.0,0.0,-1,-0.409,
0,100,1664,0.0,0.0,-4,-0.4381,
0,96,1781,0.0,0.0,1,-0.3929,
0,97,1789,0.0,0.0,1,-0.3929,
0,98,1797,0.0,0.0,1,-0.3929,
0,99,1805,0.0,0.0,1,-0.3929,
0,100,1813,0.0,0.0,1,-0.3929,
0,96,1411,0.0,0.0,-3,-0.3579,
0,97,1411,0.0,0.0,-3,-0.3579,
0,98,1923,0.0,0.0,-3,-0.3579,
0,99,1935,0.0,0.0,-3,-0.3579,
0,100,1949,0.0,0.0,-11,-0.4138,
1,96,1142,0.0,0.0,-14,-0.3255,
1,97,1148,0.0,0.0,-14,-0.3255,
1,98,1154,0.0,0.0,-14,-0.3255,
1,99,1159,0.0,0.0,-17,-0.3318,
1,100,1162,0.0,0.0,-18,-0.3362,
1,96,1044,0.0,0.0,3,-0.5782,
1,97,1051,0.0,0.0,0,-0.6047,
1,98,1174,0.0,0.0,-3,-0.6066,
1,99,1190,0.0,0.0,-3,-0.6066,
1,100,1190,0.0,0.0,-3,-0.6066,
1,96,1593,0.0,0.0,1,-0.0979,
1,97,1593,0.0,0.0,1,-0.0979,
1,98,1593,0.0,0.0,1,-0.0979,
1,99,1705,0.0,0.0,1,-0.0979,
1,100,1717,0.0,0.0,1,-0.0979,
1,96,1182,0.0,0.0,-3,-0.4324,
1,97,1214,0.0,0.0,-3,-0.4324,
1,98,1346,0.0,0.0,-3,-0.4293,
1,99,1370,0.0,0.0,-3,-0.4293,
1,100,1410,0.0,0.0,-3,-0.4293,
1,96,30,0.0,0.0,3,-0.4002,
1,97,38,0.0,0.0,3,-0.4002,
1,98,154,0.0,0.0,3,-0.4063,
1,99,170,0.0,0.0,3,-0.4074,
1,100,178,0.0,0.0,0,-0.409,
1,96,980,0.0,0.0,7,-0.1484,
1,97,976,0.0,0.0,7,-0.1484,
1,98,972,0.0,0.0,7,-0.1454,
1,99,968,0.0,0.0,7,-0.1406,
1,100,976,0.0,0.0,7,-0.1408,
1,96,1056,0.0,0.0,4,-0.3871,
1,97,1068,0.0,0.0,4,-0.4183,
1,98,1220,0.0,0.0,4,-0.4252,
1,99,1271,0.0,0.0,2,-0.4332,
1,100,1314,0.0,0.0,2,-0.4422,
0,96,611,0.0,0.0,-16,-0.6979,
0,97,739,0.0,0.0,-16,-0.7183,
0,98,767,0.0,0.0,-16,-0.7183,
0,99,779,0.0,0.0,-16,-0.7183,
0,100,779,0.0,0.0,-16,-0.7183,
0,96,1407,0.0,0.0,0,-0.4439,
0,97,1407,0.0,0.0,0,-0.4439,
0,98,1921,0.0,0.0,0,-0.4439,
0,99,1935,0.0,0.0,0,-0.4439,
0,100,1949,0.0,0.0,0,-0.4439,
1,96,540,0.0,0.0,-20,-0.5603,
1,97,427,0.0,0.0,-20,-0.5603,
1,98,402,0.0,0.0,-20,-0.5603,
1,99,376,0.0,0.0,-20,-0.5639,
1,100,361,0.0,0.0,-21,-0.5659,
1,96,1376,0.0,0.0,-11,-0.4882,
1,97,1268,0.0,0.0,-11,-0.4757,
1,98,1276,0.0,0.0,-11,-0.4717,
1,99,1283,0.0,0.0,-11,-0.471,
1,100,1241,0.0,0.0,-14,-0.4722,
1,96,-182,0.0,-80.6,-18,-0.8024,
1,97,-244,0.0,-85.0,-19,-0.8012,
1,98,-158,0.0,-87.8,-19,-0.7927,
1,99,-51,0.0,-89.4,-19,-0.7927,
1,100,76,0.0,0.0,-19,-0.7927,
1,96,1704,0.0,0.0,24,-0.0997,
1,97,1744,0.0,0.0,24,-0.0997,
1,98,1900,0.0,0.0,24,-0.0997,
1,99,1972,0.0,0.0,24,-0.0997,
1,100,2116,0.0,0.0,24,-0.0997,
1,96,996,0.0,0.0,0,-0.2577,
1,97,1126,0.0,0.0,0,-0.2577,
1,98,1262,0.0,0.0,0,-0.2577,
1,99,1274,0.0,0.0,0,-0.2577,
1,100,1288,0.0,0.0,0,-0.2577,
1,96,1266,0.0,0.0,4,-0.3437,
1,97,1266,0.0,0.0,3,-0.3657,
1,98,1403,0.0,0.0,0,-0.3622,
1,99,1401,0.0,0.0,-1,-0.3634,
1,100,1415,0.0,0.0,-1,-0.3634,
1,96,112,0.0,0.0,-32,-0.7087,
1,97,115,0.0,0.0,-33,-0.7033,
1,98,-19,0.0,0.0,-32,-0.7022,
1,99,-3,0.0,0.0,-32,-0.7022,
1,100,133,0.0,0.0,-32,-0.7022,
0,96,1141,0.0,0.0,2,-0.2011,
0,97,1261,0.0,0.0,2,-0.2011,
0,98,1269,0.0,0.0,2,-0.2011,
0,99,1277,0.0,0.0,2,-0.2011,
0,100,1285,0.0,0.0,2,-0.2011,
1,96,1821,0.0,0.0,19,-0.1547,
1,97,1821,0.0,0.0,19,-0.1547,
1,98,1829,0.0,0.0,19,-0.1547,
1,99,1953,0.0,0.0,19,-0.1547,
1,100,1893,0.0,0.0,19,-0.1547,
1,96,964,0.0,0.0,15,-0.1415,
1,97,972,0.0,0.0,15,-0.1415,
1,98,980,0.0,0.0,15,-0.1415,
1,99,988,0.0,0.0,15,-0.1415,
1,100,1104,0.0,0.0,15,-0.1415,
1,96,1732,0.0,0.0,9,-0.1698,
1,97,1716,0.0,0.0,8,-0.2013,
1,98,1616,0.0,0.0,8,-0.2013,
1,99,1624,0.0,0.0,8,-0.2013,
1,100,1632,0.0,0.0,8,-0.2013,
0,96,606,0.0,0.0,8,-0.3812,
0,97,606,0.0,0.0,8,-0.3812,
0,98,606,0.0,0.0,8,-0.3812,
0,99,614,0.0,0.0,8,-0.3812,
0,100,622,0.0,0.0,8,-0.3812,
1,96,1125,0.0,0.0,5,-0.424,
1,97,1109,0.0,0.0,5,-0.4228,
1,98,1069,0.0,0.0,5,-0.4217,
1,99,1137,0.0,0.0,5,-0.4205,
1,100,1121,0.0,0.0,5,-0.4194,
0,96,2150,0.0,0.0,5,-0.305,
0,97,2166,0.0,0.0,5,-0.305,
0,98,2182,0.0,0.0,5,-0.305,
0,99,2198,0.0,0.0,5,-0.305,
0,100,2214,0.0,0.0,5,-0.305,
1,96,1705,0.0,0.0,7,-0.1706,
1,97,1692,0.0,0.0,7,-0.1706,
1,98,1595,0.0,0.0,7,-0.1706,
1,99,1606,0.0,0.0,7,-0.1706,
1,100,1617,0.0,0.0,7,-0.1706,
1,96,1273,0.0,0.0,-23,-0.5199,
1,97,1289,0.0,0.0,-22,-0.5203,
1,98,1304,0.0,0.0,-22,-0.5192,
1,99,1300,0.0,0.0,-23,-0.5271,
1,100,1297,0.0,0.0,-23,-0.5271,
1,96,653,0.0,0.0,-18,-0.6214,
1,97,656,0.0,0.0,-18,-0.6286,
1,98,622,0.0,0.0,-18,-0.6458,
1,99,625,0.0,0.0,-18,-0.6458,
1,100,634,0.0,0.0,-18,-0.6458,
1,96,1500,0.0,0.0,-1,-0.1488,
1,97,1470,0.0,0.0,-1,-0.1574,
1,98,1445,0.0,0.0,-2,-0.1608,
1,99,1341,0.0,0.0,-2,-0.1608,
1,100,1345,0.0,0.0,-2,-0.1608,
1,96,688,0.0,0.0,-10,-0.3577,
1,97,664,0.0,0.0,-10,-0.3577,
1,98,548,0.0,0.0,-10,-0.3577,
1,99,664,0.0,0.0,-10,-0.3577,
1,100,680,0.0,0.0,-10,-0.3577,
1,96,1790,0.0,0.0,0,-0.1063,
1,97,1810,0.0,0.0,1,-0.097,
1,98,1822,0.0,0.0,2,-0.0876,
1,99,1834,0.0,0.0,2,-0.0863,
1,100,1846,0.0,0.0,2,-0.085,
0,96,1173,0.0,0.0,-12,-0.6571,
0,97,1172,0.0,0.0,-19,-0.7082,
0,98,1165,0.0,0.0,-20,-0.7188,
0,99,1165,0.0,0.0,-20,-0.7188,
0,100,1165,0.0,0.0,-20,-0.7188,
0,96,1565,0.0,0.0,-20,-1.0114,
0,97,1569,0.0,0.0,-20,-1.0114,
0,98,1589,0.0,0.0,-20,-1.0114,
0,99,1705,0.0,0.0,-20,-1.0114,
0,100,1813,0.0,0.0,-20,-1.0114,
1,96,1395,0.0,0.0,-4,-0.1958,
1,97,1405,0.0,0.0,-4,-0.2005,
1,98,1413,0.0,0.0,-4,-0.2086,
1,99,1412,0.0,0.0,-5,-0.2105,
1,100,1521,0.0,0.0,-7,-0.2127,
0,96,1421,0.0,0.0,17,-0.2173,
0,97,1421,0.0,0.0,17,-0.2173,
0,98,1421,0.0,0.0,17,-0.2173,
0,99,1421,0.0,0.0,17,-0.2173,
0,100,1929,0.0,0.0,17,-0.2173,
0,96,1415,0.0,0.0,8,-0.5519,
0,97,1415,0.0,0.0,8,-0.5519,
0,98,1415,0.0,0.0,8,-0.5519,
0,99,1415,0.0,0.0,8,-0.5519,
0,100,1415,0.0,0.0,8,-0.5519,
0,96,1990,0.0,0.0,-17,-0.586,
0,97,1990,0.0,0.0,-17,-0.586,
0,98,1990,0.0,0.0,-17,-0.586,
0,99,1990,0.0,0.0,-17,-0.586,
0,100,1990,0.0,0.0,-17,-0.586,
0,96,1960,0.0,0.0,7,-0.2058,
0,97,1960,0.0,0.0,7,-0.2058,
0,98,1960,0.0,0.0,7,-0.2058,
0,99,2076,0.0,0.0,7,-0.2058,
0,100,2092,0.0,0.0,7,-0.2058,
1,96,2122,0.0,0.0,-3,-0.2788,
1,97,2146,0.0,0.0,-3,-0.278,
1,98,2030,0.0,0.0,-3,-0.2672,
1,99,2014,0.0,0.0,-3,-0.2672,
1,100,1998,0.0,0.0,-3,-0.2672,
1,96,1568,0.0,0.0,10,-0.1002,
1,97,1575,0.0,0.0,10,-0.0913,
1,98,1611,0.0,0.0,12,-0.0729,
1,99,1632,0.0,0.0,12,-0.0639,
1,100,1670,0.0,0.0,12,-0.0542,
1,96,549,0.0,0.0,4,-0.4356,
1,97,557,0.0,0.0,6,-0.4202,
1,98,574,0.0,0.0,7,-0.3951,
1,99,607,0.0,0.0,8,-0.3691,
1,100,733,0.0,0.0,11,-0.3413,
1,96,1345,0.0,0.0,2,-0.3331,
1,97,1452,0.0,0.0,-1,-0.3428,
1,98,1454,0.0,0.0,-2,-0.3508,
1,99,1574,0.0,0.0,-2,-0.3508,
1,100,1584,0.0,0.0,-2,-0.3508,
1,96,1362,0.0,0.0,2,-0.3317,
1,97,1471,0.0,0.0,2,-0.3344,
1,98,1471,0.0,0.0,2,-0.3371,
1,99,1579,0.0,0.0,2,-0.3397,
1,100,1563,0.0,0.0,3,-0.3424,
0,96,2322,0.0,0.0,-4,-0.6427,
0,97,2320,0.0,0.0,-4,-0.6424,
0,98,2320,0.0,0.0,-4,-0.6424,
0,99,2320,0.0,0.0,-4,-0.6424,
0,100,2320,0.0,0.0,-4,-0.6424,
1,96,946,0.0,0.0,-16,-0.5131,
1,97,826,0.0,0.0,-16,-0.5131,
1,98,822,0.0,0.0,-16,-0.5131,
1,99,818,0.0,0.0,-16,-0.5179,
1,100,826,0.0,0.0,-16,-0.527,
1,96,-368,0.0,-81.6,-12,-0.2953,
1,97,-456,0.0,-84.0,-12,-0.2953,
1,98,-505,0.0,-85.8,-12,-0.2953,
1,99,-517,0.0,-86.6,-12,-0.2953,
1,100,-501,0.0,0.0,-12,-0.2953,
1,96,1052,0.0,0.0,-12,-0.6404,
1,97,1057,0.0,0.0,-12,-0.6719,
1,98,1070,0.0,0.0,-12,-0.6789,
1,99,1083,0.0,0.0,-12,-0.6789,
1,100,1210,0.0,0.0,-12,-0.6789,
1,96,823,0.0,0.0,19,-0.1721,
1,97,831,0.0,0.0,19,-0.1732,
1,98,939,0.0,0.0,18,-0.1804,
1,99,947,0.0,0.0,17,-0.1815,
1,100,971,0.0,0.0,13,-0.1827,
1,96,1658,0.0,0.0,3,-0.2196,
1,97,1658,0.0,0.0,3,-0.2196,
1,98,1654,0.0,0.0,2,-0.2269,
1,99,1652,0.0,0.0,2,-0.2306,
1,100,1652,0.0,0.0,2,-0.2306,
1,96,1527,0.0,0.0,1,-0.2934,
1,97,1631,0.0,0.0,1,-0.3247,
1,98,1673,0.0,0.0,1,-0.3317,
1,99,1711,0.0,0.0,1,-0.3317,
1,100,1743,0.0,0.0,1,-0.3317,
1,96,990,0.0,0.0,27,-0.0744,
1,97,1015,0.0,0.0,27,-0.0643,
1,98,1040,0.0,0.0,28,-0.0555,
1,99,1171,0.0,0.0,29,-0.0429,
1,100,1087,0.0,0.0,30,-0.0399,
1,96,1332,0.0,0.0,-12,-0.3804,
1,97,1232,0.0,0.0,-12,-0.3804,
1,98,1240,0.0,0.0,-12,-0.3804,
1,99,1347,0.0,0.0,-12,-0.3804,
1,100,1354,0.0,0.0,-12,-0.3804,
1,96,1613,0.0,0.0,11,-0.0354,
1,97,1648,0.0,0.0,11,-0.0374,
1,98,1683,0.0,0.0,11,-0.0394,
1,99,1715,0.0,0.0,11,-0.0454,
1,100,1807,0.0,0.0,10,-0.0514,
1,96,656,0.0,0.0,-36,-0.864,
1,97,649,0.0,0.0,-36,-0.864,
1,98,637,0.0,0.0,-36,-0.8611,
1,99,477,0.0,0.0,-36,-0.8682,
1,100,445,0.0,0.0,-36,-0.8682,
1,96,1492,0.0,0.0,1,-0.4436,
1,97,1482,0.0,0.0,1,-0.4652,
1,98,1588,0.0,0.0,1,-0.4671,
1,99,1586,0.0,0.0,1,-0.4671,
1,100,1584,0.0,0.0,1,-0.4671,
1,96,1900,0.0,0.0,16,-0.0971,
1,97,1905,0.0,0.0,16,-0.077,
1,98,2031,0.0,0.0,18,-0.0777,
1,99,2057,0.0,0.0,17,-0.071,
1,100,2082,0.0,0.0,17,-0.0645,
1,96,711,0.0,0.0,14,-0.0469,
1,97,824,0.0,0.0,11,-0.0654,
1,98,953,0.0,0.0,8,-0.0577,
1,99,970,0.0,0.0,10,-0.0519,
1,100,987,0.0,0.0,10,-0.0447,
1,96,1131,0.0,0.0,-20,-0.6336,
1,97,1119,0.0,0.0,-20,-0.6336,
1,98,1119,0.0,0.0,-20,-0.6336,
1,99,1242,0.0,0.0,-22,-0.6381,
1,100,1272,0.0,0.0,-24,-0.6414,
1,96,1352,0.0,0.0,10,-0.2376,
1,97,1364,0.0,0.0,10,-0.2693,
1,98,1376,0.0,0.0,10,-0.2762,
1,99,1384,0.0,0.0,10,-0.2762,
1,100,1392,0.0,0.0,10,-0.2762,
1,96,1644,0.0,0.0,22,-0.0618,
1,97,1662,0.0,0.0,22,-0.0596,
1,98,1793,0.0,0.0,21,-0.047,
1,99,1823,0.0,0.0,23,-0.0332,
1,100,1853,0.0,0.0,25,-0.0172,
1,96,1488,0.0,0.0,12,0.0578,
1,97,1488,0.0,0.0,12,0.0677,
1,98,1488,0.0,0.0,12,0.0777,
1,99,1488,0.0,0.0,12,0.0878,
1,100,1488,0.0,0.0,13,0.0981,
0,96,1647,0.0,0.0,7,-0.2652,
0,97,1663,0.0,0.0,7,-0.328,
0,98,1679,0.0,0.0,6,-0.3909,
0,99,1678,0.0,0.0,1,-0.4421,
0,100,1674,0.0,0.0,-5,-0.4823,
1,96,1498,0.0,0.0,-2,-0.086,
1,97,1506,0.0,0.0,-2,-0.086,
1,98,1521,0.0,0.0,-2,-0.0968,
1,99,1536,0.0,0.0,-2,-0.1079,
1,100,1659,0.0,0.0,-2,-0.1188,
1,96,1179,0.0,0.0,8,-0.0053,
1,97,1195,0.0,0.0,8,-0.0053,
1,98,1325,0.0,0.0,7,-0.0062,
1,99,1367,0.0,0.0,7,-0.0062,
1,100,1401,0.0,0.0,7,-0.0062,
1,96,764,0.0,0.0,-6,-0.1438,
1,97,756,0.0,0.0,-6,-0.1438,
1,98,748,0.0,0.0,-6,-0.1438,
1,99,856,0.0,0.0,-6,-0.1438,
1,100,832,0.0,0.0,-6,-0.1438,
1,96,1123,0.0,0.0,-3,-0.3823,
1,97,1130,0.0,0.0,-7,-0.3933,
1,98,1134,0.0,0.0,-8,-0.396,
1,99,1107,0.0,0.0,-8,-0.3951,
1,100,1083,0.0,0.0,-8,-0.3951,
1,96,1320,0.0,0.0,5,-0.451,
1,97,1336,0.0,0.0,5,-0.451,
1,98,1352,0.0,0.0,5,-0.451,
1,99,1368,0.0,0.0,5,-0.451,
1,100,1384,0.0,0.0,5,-0.451,
1,96,928,0.0,0.0,-10,-0.1868,
1,97,915,0.0,0.0,-11,-0.197,
1,98,914,0.0,0.0,-11,-0.1812,
1,99,1038,0.0,0.0,-11,-0.1703,
1,100,1061,0.0,0.0,-11,-0.1615,
1,96,176,0.0,-70.0,-28,-0.8001,
1,97,-21,0.0,-74.2,-28,-0.8073,
1,98,-35,0.0,-77.0,-28,-0.8073,
1,99,-42,0.0,-78.4,-28,-0.8163,
1,100,-16,0.0,-78.4,-28,-0.8126,
1,96,110,0.0,0.0,-10,-0.3236,
1,97,4,0.0,0.0,-10,-0.3236,
1,98,-34,0.0,0.0,-10,-0.3236,
1,99,-88,0.0,0.0,-10,-0.3236,
1,100,-110,0.0,0.0,-10,-0.3236,
1,96,1576,0.0,0.0,16,0.0238,
1,97,1546,0.0,0.0,16,0.0248,
1,98,1546,0.0,0.0,16,0.0248,
1,99,1546,0.0,0.0,16,0.026,
1,100,1558,0.0,0.0,17,0.0271,
0,96,1213,0.0,0.0,-4,-0.3639,
0,97,1213,0.0,0.0,-4,-0.3639,
0,98,1213,0.0,0.0,-4,-0.3639,
0,99,1213,0.0,0.0,-4,-0.3639,
0,100,1213,0.0,0.0,-4,-0.3639,
1,96,1594,1.6,0.0,5,-0.0175,
1,97,1602,6.4,0.0,5,-0.0175,
1,98,1602,11.2,0.0,5,-0.0175,
1,99,1602,16.0,0.0,5,-0.0175,
1,100,1518,20.8,0.0,5,-0.0175,
1,96,1556,0.0,0.0,5,-0.1855,
1,97,1548,0.0,0.0,4,-0.2146,
1,98,1524,0.0,0.0,4,-0.2146,
1,99,1524,0.0,0.0,4,-0.2146,
1,100,1500,0.0,0.0,2,-0.2146,
1,96,961,0.0,0.0,8,-0.1041,
1,97,977,0.0,0.0,6,-0.1041,
1,98,992,0.0,0.0,2,-0.1041,
1,99,1005,0.0,0.0,2,-0.1021,
1,100,1132,0.0,0.0,0,-0.1081,
0,96,1196,0.0,0.0,-6,-0.3459,
0,97,1196,0.0,0.0,-6,-0.3459,
0,98,1196,0.0,0.0,-6,-0.3459,
0,99,1196,0.0,0.0,-6,-0.3459,
0,100,1196,0.0,0.0,-6,-0.3459,
0,96,1871,0.0,0.0,-21,-0.8001,
0,97,1883,0.0,0.0,-21,-0.8001,
0,98,1895,0.0,0.0,-21,-0.8001,
0,99,1907,0.0,0.0,-21,-0.8001,
0,100,1911,0.0,0.0,-21,-0.8001,
1,96,312,0.0,0.0,-22,-0.5215,
1,97,418,0.0,0.0,-22,-0.5215,
1,98,282,0.0,0.0,-23,-0.5084,
1,99,222,0.0,0.0,-23,-0.5084,
1,100,182,0.0,0.0,-23,-0.5084,
1,96,450,0.0,0.0,9,-0.1259,
1,97,458,0.0,0.0,8,-0.1147,
1,98,334,0.0,0.0,8,-0.1006,
1,99,302,0.0,0.0,7,-0.0894,
1,100,790,0.0,0.0,6,-0.0782,
1,96,-1261,0.0,0.0,12,0.5854,
1,97,-1261,0.0,0.0,12,0.5854,
1,98,-1261,0.0,0.0,12,0.5854,
1,99,-1261,0.0,0.0,12,0.5854,
1,100,-1261,0.0,0.0,12,0.5854,
0,96,-1739,0.0,0.0,-10,0.0667,
0,97,-1749,0.0,0.0,-9,0.0856,
0,98,-1764,0.0,0.0,-9,0.0877,
0,99,-1780,0.0,0.0,-11,0.089,
0,100,-1905,0.0,0.0,-11,0.0904,
0,96,-611,0.0,0.0,16,0.7009,
0,97,-545,0.0,0.0,16,0.7009,
0,98,-508,0.0,0.0,16,0.7009,
0,99,-505,0.0,0.0,16,0.7009,
0,100,-521,0.0,0.0,16,0.7009,
1,96,-1881,0.0,0.0,-10,0.4459,
1,97,-1881,0.0,0.0,-10,0.4459,
1,98,-1881,0.0,0.0,-10,0.4459,
1,99,-1989,0.0,0.0,-10,0.4459,
1,100,-1989,0.0,0.0,-10,0.4459,
1,96,-1386,0.0,0.0,17,0.5675,
1,97,-1386,0.0,0.0,17,0.5675,
1,98,-1386,0.0,0.0,17,0.5675,
1,99,-1386,0.0,0.0,17,0.5675,
1,100,-1386,0.0,0.0,17,0.5675,
0,96,-1618,0.0,0.0,1,0.2944,
0,97,-1581,0.0,0.0,4,0.3051,
0,98,-1465,0.0,0.0,4,0.3051,
0,99,-1473,0.0,0.0,4,0.3051,
0,100,-1481,0.0,0.0,4,0.3051,
0,96,-1351,0.0,0.0,0,0.3149,
0,97,-1392,0.0,0.0,-2,0.2967,
0,98,-1409,0.0,0.0,-3,0.2781,
0,99,-1425,0.0,0.0,-3,0.2594,
0,100,-1558,0.0,0.0,-3,0.2427,
0,96,-904,0.0,0.0,-2,0.127,
0,97,-902,0.0,0.0,0,0.127,
0,98,-991,0.0,0.0,0,0.125,
0,99,-1007,0.0,0.0,0,0.125,
0,100,-1058,0.0,0.0,0,0.125,
0,96,-1359,0.0,0.0,-5,0.1805,
0,97,-1358,0.0,0.0,-4,0.1657,
0,98,-1358,0.0,0.0,-4,0.1429,
0,99,-1359,0.0,0.0,-4,0.137,
0,100,-1359,0.0,0.0,-4,0.1303,
0,96,-2021,0.0,0.0,-13,0.0659,
0,97,-2050,0.0,0.0,-15,0.0496,
0,98,-2184,0.0,0.0,-15,0.0332,
0,99,-2320,0.0,0.0,-15,0.0163,
0,100,-2334,0.0,0.0,-16,0.0016,
0,96,-1222,0.0,0.0,3,0.3139,
0,97,-1329,0.0,0.0,11,0.3337,
0,98,-1328,0.0,0.0,11,0.3317,
0,99,-1327,0.0,0.0,11,0.3317,
0,100,-1227,0.0,0.0,11,0.3317,
0,96,-198,0.0,0.0,15,0.6908,
0,97,-183,0.0,0.0,15,0.6895,
0,98,-142,0.0,0.0,16,0.6943,
0,99,-89,0.0,0.0,16,0.6944,
0,100,-89,0.0,0.0,16,0.6944,
0,96,-1183,0.0,0.0,4,0.414,
0,97,-1189,0.0,0.0,7,0.4394,
0,98,-1300,0.0,0.0,7,0.4427,
0,99,-1312,0.0,0.0,7,0.4427,
0,100,-1344,0.0,0.0,7,0.4427,
0,96,-727,0.0,0.0,2,0.4536,
0,97,-602,0.0,0.0,3,0.468,
0,98,-572,0.0,0.0,3,0.4791,
0,99,-668,0.0,0.0,3,0.4903,
0,100,-689,0.0,0.0,7,0.5089,
0,96,-879,0.0,0.0,8,0.5379,
0,97,-986,0.0,0.0,8,0.5379,
0,98,-985,0.0,0.0,8,0.5379,
0,99,-1096,0.0,0.0,8,0.5379,
0,100,-1095,0.0,0.0,8,0.5379,
0,96,-524,0.0,0.0,-16,0.2237,
0,97,-533,0.0,0.0,-16,0.2081,
0,98,-657,0.0,0.0,-16,0.1918,
0,99,-789,0.0,0.0,-17,0.1648,
0,100,-813,0.0,0.0,-21,0.1378,
0,96,-654,0.0,0.0,-1,0.4686,
0,97,-554,0.0,0.0,-1,0.4685,
0,98,-529,0.0,0.0,-1,0.4681,
0,99,-489,0.0,0.0,-1,0.4521,
0,100,-457,0.0,0.0,0,0.4409,
0,96,-1535,0.0,0.0,17,0.4696,
0,97,-1521,0.0,0.0,19,0.472,
0,98,-1433,0.0,0.0,21,0.4716,
0,99,-1453,0.0,0.0,21,0.4716,
0,100,-1473,0.0,0.0,21,0.4716,
0,96,-900,0.0,0.0,-3,-0.0165,
0,97,-876,0.0,0.0,-3,-0.0038,
0,98,-884,0.0,0.0,-3,-0.0224,
0,99,-900,0.0,0.0,-3,-0.0224,
0,100,-916,0.0,0.0,-3,-0.0224,
0,96,-1664,0.0,0.0,-15,0.1268,
0,97,-1680,0.0,0.0,-15,0.1568,
0,98,-1696,0.0,0.0,-15,0.1623,
0,99,-1820,0.0,0.0,-15,0.161,
0,100,-1836,0.0,0.0,-15,0.1597,
0,96,-1783,0.0,0.0,-7,0.0385,
0,97,-1687,0.0,0.0,-7,0.0385,
0,98,-1707,0.0,0.0,-7,0.0385,
0,99,-1727,0.0,0.0,-7,0.0385,
0,100,-1735,0.0,0.0,-7,0.0385,
0,96,-1331,0.0,0.0,-2,0.5166,
0,97,-1339,0.0,0.0,1,0.5505,
0,98,-1451,0.0,0.0,1,0.5563,
0,99,-1459,0.0,0.0,1,0.559,
0,100,-1468,0.0,0.0,0,0.5628,
0,96,324,0.0,0.0,10,0.4081,
0,97,373,0.0,0.0,13,0.4079,
0,98,397,0.0,0.0,13,0.4079,
0,99,397,0.0,0.0,13,0.4269,
0,100,497,0.0,0.0,13,0.4459,
0,96,-1337,0.0,0.0,30,0.7194,
0,97,-1215,0.0,0.0,32,0.7483,
0,98,-1305,0.0,0.0,34,0.7584,
0,99,-1307,0.0,0.0,34,0.7584,
0,100,-1297,0.0,0.0,34,0.7584,
0,96,-1524,0.0,0.0,9,0.3356,
0,97,-1524,0.0,0.0,9,0.3356,
0,98,-1524,0.0,0.0,9,0.3436,
0,99,-1524,0.0,0.0,9,0.3516,
0,100,-1524,0.0,0.0,9,0.3476,
0,96,-940,0.0,0.0,-1,0.0464,
0,97,-956,0.0,0.0,-2,0.04,
0,98,-970,0.0,0.0,-4,0.032,
0,99,-976,0.0,0.0,-4,0.024,
0,100,-1082,0.0,0.0,-4,0.016,
0,96,-1457,0.0,0.0,1,0.1608,
0,97,-1560,0.0,0.0,1,0.1497,
0,98,-1557,0.0,0.0,1,0.1341,
0,99,-1557,0.0,0.0,1,0.1319,
0,100,-1938,0.0,0.0,1,0.1313,
0,96,-286,0.0,0.0,12,0.6442,
0,97,-286,0.0,0.0,12,0.6442,
0,98,-414,0.0,0.0,12,0.6311,
0,99,-542,0.0,0.0,12,0.6239,
0,100,-678,0.0,0.0,12,0.6195,
0,96,-1434,0.0,0.0,7,0.6063,
0,97,-1447,0.0,0.0,8,0.6128,
0,98,-1463,0.0,0.0,10,0.6147,
0,99,-1479,0.0,0.0,10,0.6147,
0,100,-1599,0.0,0.0,10,0.6147,
0,96,-1330,0.0,0.0,-14,-0.0125,
0,97,-1348,0.0,0.0,-14,-0.0105,
0,98,-1488,0.0,0.0,-14,-0.0105,
0,99,-1626,0.0,0.0,-14,-0.0105,
0,100,-1654,0.0,0.0,-14,-0.0105,
1,96,-1122,0.0,0.0,0,0.4554,
1,97,-1130,0.0,0.0,0,0.4554,
1,98,-1138,0.0,0.0,0,0.4554,
1,99,-1242,0.0,0.0,0,0.4554,
1,100,-1242,0.0,0.0,0,0.4554,
0,96,-1359,0.0,0.0,-4,0.254,
0,97,-1336,0.0,0.0,-3,0.2667,
0,98,-1423,0.0,0.0,-3,0.269,
0,99,-1337,0.0,0.0,-3,0.269,
0,100,-1349,0.0,0.0,-3,0.269,
0,96,-553,0.0,0.0,13,0.6009,
0,97,-443,0.0,0.0,16,0.6237,
0,98,-554,0.0,0.0,18,0.6243,
0,99,-561,0.0,0.0,18,0.6243,
0,100,-568,0.0,0.0,18,0.6243,
0,96,-1830,0.0,0.0,-17,-0.044,
0,97,-1822,0.0,0.0,-17,-0.044,
0,98,-1822,0.0,0.0,-17,-0.0557,
0,99,-1822,0.0,0.0,-17,-0.0557,
0,100,-1862,0.0,0.0,-17,-0.0557,
0,96,-844,0.0,0.0,1,0.1841,
0,97,-964,0.0,0.0,1,0.1743,
0,98,-1096,0.0,0.0,1,0.1648,
0,99,-1112,0.0,0.0,1,0.1549,
0,100,-1128,0.0,0.0,2,0.1449,
0,96,-928,0.0,0.0,14,0.4688,
0,97,-938,0.0,0.0,14,0.4648,
0,98,-948,0.0,0.0,14,0.4579,
0,99,-958,0.0,0.0,14,0.461,
0,100,-968,0.0,0.0,15,0.4692,
0,96,-2022,0.0,0.0,9,0.5365,
0,97,-1808,0.0,0.0,11,0.5336,
0,98,-1916,0.0,0.0,11,0.5336,
0,99,-1916,0.0,0.0,11,0.5336,
0,100,-1915,0.0,0.0,11,0.5348,
1,96,-2010,0.0,0.0,-1,0.4415,
1,97,-2015,0.0,0.0,-1,0.4415,
1,98,-2015,0.0,0.0,-1,0.4415,
1,99,-2015,0.0,0.0,-1,0.4415,
1,100,-2015,0.0,0.0,-1,0.4415,
0,96,-1330,0.0,0.0,8,0.4253,
0,97,-1233,0.0,0.0,9,0.4326,
0,98,-1255,0.0,0.0,9,0.4328,
0,99,-1263,0.0,0.0,9,0.4328,
0,100,-1271,0.0,0.0,9,0.4328,
1,96,-1444,0.0,0.0,-10,0.2233,
1,97,-1476,0.0,0.0,-10,0.2233,
1,98,-1508,0.0,0.0,-10,0.2233,
1,99,-1540,0.0,0.0,-10,0.2233,
1,100,-1572,0.0,0.0,-10,0.2233,
1,96,-637,0.0,0.0,9,0.5684,
1,97,-627,0.0,0.0,9,0.5684,
1,98,-596,0.0,0.0,9,0.5684,
1,99,-614,0.0,0.0,9,0.5684,
1,100,-441,0.0,0.0,9,0.5684,
0,96,-1323,0.0,0.0,6,0.2358,
0,97,-1321,0.0,0.0,6,0.2412,
0,98,-1321,0.0,0.0,6,0.2412,
0,99,-1321,0.0,0.0,6,0.2412,
0,100,-1321,0.0,0.0,6,0.2412,
1,96,-1920,0.0,0.0,-1,0.5953,
1,97,-1936,0.0,0.0,-1,0.5953,
1,98,-1944,0.0,0.0,-1,0.5953,
1,99,-1960,0.0,0.0,1,0.6584,
1,100,-1971,0.0,0.0,6,0.6978,
0,96,-507,0.0,0.0,16,0.6139,
0,97,-503,0.0,0.0,16,0.6139,
0,98,-499,0.0,0.0,16,0.6008,
0,99,-503,0.0,0.0,17,0.5936,
0,100,-619,0.0,0.0,22,0.5892,
0,96,-1150,0.0,0.0,8,0.4027,
0,97,-1150,0.0,0.0,13,0.4054,
0,98,-1150,0.0,0.0,13,0.385,
0,99,-1150,0.0,0.0,12,0.365,
0,100,-1150,0.0,0.0,13,0.345,
1,96,-1423,0.0,0.0,-20,0.0948,
1,97,-1423,0.0,0.0,-20,0.0948,
1,98,-1423,0.0,0.0,-20,0.0948,
1,99,-1423,0.0,0.0,-20,0.0948,
1,100,-1423,0.0,0.0,-20,0.0948,
0,96,-1462,0.0,0.0,-16,-0.0688,
0,97,-1583,0.0,0.0,-16,-0.0662,
0,98,-1710,0.0,0.0,-16,-0.0628,
0,99,-1726,0.0,0.0,-16,-0.0601,
0,100,-1742,0.0,0.0,-16,-0.0575,
0,96,-1099,0.0,0.0,13,0.0424,
0,97,-1096,0.0,0.0,13,0.0372,
0,98,-1095,0.0,0.0,13,0.0347,
0,99,-1095,0.0,0.0,12,0.0351,
0,100,-1086,0.0,0.0,12,0.0335,
0,96,-1187,0.0,0.0,-8,0.09,
0,97,-1186,0.0,0.0,-2,0.1188,
0,98,-1185,0.0,0.0,-1,0.127,
0,99,-1185,0.0,0.0,-1,0.127,
0,100,-1185,0.0,0.0,-1,0.127,
0,96,-1449,0.0,0.0,-14,0.1154,
0,97,-1441,0.0,0.0,-14,0.1154,
0,98,-1425,0.0,0.0,-14,0.1154,
0,99,-1409,0.0,0.0,-14,0.1154,
0,100,-1405,0.0,0.0,-14,0.1154,
1,96,-604,0.0,0.0,26,0.8264,
1,97,-611,0.0,0.0,26,0.8264,
1,98,-611,0.0,0.0,26,0.8264,
1,99,-611,0.0,0.0,26,0.8264,
1,100,-611,0.0,0.0,26,0.8264,
1,96,-1558,0.0,0.0,33,0.9085,
1,97,-1568,0.0,0.0,33,0.9085,
1,98,-1578,0.0,0.0,33,0.9085,
1,99,-1597,0.0,0.0,33,0.9085,
1,100,-1597,0.0,0.0,33,0.9085,
0,96,-189,0.0,0.0,13,0.557,
0,97,-189,0.0,0.0,13,0.557,
0,98,-297,0.0,0.0,13,0.5631,
0,99,-413,0.0,0.0,16,0.569,
0,100,-427,0.0,0.0,17,0.5725,
1,96,-1136,0.0,0.0,4,0.333,
1,97,-1136,0.0,0.0,4,0.333,
1,98,-1136,0.0,0.0,4,0.333,
1,99,-1136,0.0,0.0,4,0.333,
1,100,-1136,0.0,0.0,4,0.333,
0,96,-1415,0.0,0.0,-1,0.3971,
0,97,-1438,0.0,0.0,-1,0.398,
0,98,-1462,0.0,0.0,-1,0.398,
0,99,-1494,0.0,0.0,-1,0.398,
0,100,-1518,0.0,0.0,-1,0.398,
0,96,-2108,0.0,-12.0,-31,-0.1844,
0,97,-2116,0.0,-12.0,-32,-0.1751,
0,98,-2242,0.0,-12.0,-32,-0.1864,
0,99,-2372,0.0,-12.0,-32,-0.1991,
0,100,-2380,0.0,-12.0,-34,-0.2228,
0,96,-43,15.0,0.0,25,0.7839,
0,97,13,15.0,0.0,25,0.7787,
0,98,32,15.0,0.0,25,0.7735,
0,99,17,15.0,0.0,25,0.7735,
0,100,-125,12.6,0.0,25,0.7735,
1,96,-887,0.0,0.0,7,0.4931,
1,97,-895,0.0,0.0,7,0.4931,
1,98,-999,0.0,0.0,7,0.4931,
1,99,-999,0.0,0.0,7,0.4931,
1,100,-999,0.0,0.0,7,0.4931,
0,96,-1407,0.0,0.0,25,0.6063,
0,97,-1423,0.0,0.0,25,0.6063,
0,98,-1439,0.0,0.0,25,0.6063,
0,99,-1571,0.0,0.0,25,0.6063,
0,100,-1603,0.0,0.0,25,0.6063,
0,96,-1894,0.0,0.0,9,0.429,
0,97,-1894,0.0,0.0,9,0.429,
0,98,-1894,0.0,0.0,12,0.437,
0,99,-1893,0.0,0.0,13,0.444,
0,100,-1874,0.0,0.0,15,0.453,
0,96,-1368,0.0,0.0,-21,-0.0136,
0,97,-1384,0.0,0.0,-17,-0.0125,
0,98,-1400,0.0,0.0,-17,-0.0113,
0,99,-1416,0.0,0.0,-17,-0.0102,
0,100,-1431,0.0,0.0,-17,-0.0107,
1,96,-1938,0.0,0.0,3,0.4435,
1,97,-1946,0.0,0.0,3,0.4435,
1,98,-1954,0.0,0.0,3,0.4435,
1,99,-1978,0.0,0.0,3,0.4435,
1,100,-2002,0.0,0.0,3,0.4435,
0,96,-488,2.6,0.0,1,0.501,
0,97,-410,4.6,0.0,1,0.501,
0,98,-412,6.4,0.0,1,0.501,
0,99,-416,7.2,0.0,7,0.517,
0,100,-448,7.2,0.0,8,0.509,
0,96,-728,0.0,0.0,-5,0.2567,
0,97,-752,0.0,0.0,-4,0.2555,
0,98,-756,0.0,0.0,-3,0.2474,
0,99,-767,0.0,0.0,-3,0.2506,
0,100,-635,0.0,0.0,-3,0.2588,
0,96,-1217,0.0,0.0,-4,0.1209,
0,97,-1237,0.0,0.0,-4,0.1523,
0,98,-1365,0.0,0.0,-4,0.1593,
0,99,-1397,0.0,0.0,-4,0.1593,
0,100,-1421,0.0,0.0,-4,0.1593,
0,96,377,0.0,0.0,17,0.5237,
0,97,409,0.0,0.0,17,0.5237,
0,98,413,0.0,0.0,17,0.5237,
0,99,481,0.0,0.0,17,0.5237,
0,100,437,0.0,0.0,17,0.5237,
0,96,-1357,0.0,0.0,5,0.4219,
0,97,-1445,0.0,0.0,5,0.4219,
0,98,-1428,0.0,0.0,5,0.4219,
0,99,-1516,0.0,0.0,5,0.4219,
0,100,-1504,0.0,0.0,5,0.4219,
0,96,-1693,0.0,0.0,-12,-0.0345,
0,97,-1557,0.0,0.0,-12,-0.0197,
0,98,-1533,0.0,0.0,-12,-0.0197,
0,99,-1509,0.0,0.0,-12,-0.0197,
0,100,-1605,0.0,0.0,-12,-0.0197,
0,96,-1742,0.0,0.0,-7,0.0119,
0,97,-1720,0.0,0.0,-7,0.0119,
0,98,-1698,0.0,0.0,-7,0.0119,
0,99,-1676,0.0,0.0,-7,0.0119,
0,100,-1652,0.0,0.0,-7,0.0119,
0,96,-663,0.0,0.0,3,0.4974,
0,97,-723,0.0,0.0,3,0.4974,
0,98,-693,0.0,0.0,3,0.4956,
0,99,-805,0.0,0.0,3,0.4956,
0,100,-922,0.0,0.0,3,0.4956,
1,96,-1159,0.0,0.0,10,0.3221,
1,97,-1159,0.0,0.0,10,0.3221,
1,98,-1159,0.0,0.0,10,0.3221,
1,99,-1159,0.0,0.0,10,0.3221,
1,100,-1159,0.0,0.0,10,0.3221,
0,96,-2300,0.0,-17.6,1,0.2949,
0,97,-2298,0.0,-17.6,1,0.295,
0,98,-2296,0.0,-17.6,1,0.2965,
0,99,-2295,0.0,-17.6,2,0.299,
0,100,-2295,0.0,-17.6,3,0.3061,
0,96,-587,0.0,0.0,-5,0.1358,
0,97,-603,0.0,0.0,-5,0.167,
0,98,-927,0.0,0.0,-4,0.174,
0,99,-933,0.0,0.0,-4,0.174,
0,100,-941,0.0,0.0,-4,0.174,
1,96,-1978,0.0,0.0,26,0.7336,
1,97,-1978,0.0,0.0,26,0.7336,
1,98,-1978,0.0,0.0,26,0.7336,
1,99,-1978,0.0,0.0,26,0.7336,
1,100,-1978,0.0,0.0,26,0.7336,
0,96,-407,0.0,0.0,8,0.3534,
0,97,-391,0.0,0.0,8,0.3534,
0,98,-399,0.0,0.0,8,0.3534,
0,99,-299,0.0,0.0,8,0.3614,
0,100,-307,0.0,0.0,8,0.3614,
1,96,-1998,0.0,0.0,0,0.4555,
1,97,-2122,0.0,0.0,0,0.4783,
1,98,-2138,0.0,0.0,0,0.4783,
1,99,-2154,0.0,0.0,0,0.4783,
1,100,-2170,0.0,0.0,0,0.4783,
0,96,-289,0.0,0.0,16,0.7709,
0,97,-167,0.0,0.0,16,0.7709,
0,98,-153,0.0,0.0,16,0.7709,
0,99,-139,0.0,0.0,16,0.7709,
0,100,-109,0.0,0.0,16,0.7709,
1,96,-1183,0.0,0.0,3,0.5106,
1,97,-1183,0.0,0.0,3,0.5106,
1,98,-1183,0.0,0.0,3,0.5106,
1,99,-1199,0.0,0.0,3,0.5106,
1,100,-1215,0.0,0.0,3,0.5106,
0,96,-1047,0.0,0.0,13,0.4745,
0,97,-951,0.0,0.0,13,0.4745,
0,98,-971,0.0,0.0,13,0.4745,
0,99,-1083,0.0,0.0,14,0.4776,
0,100,-1090,0.0,0.0,16,0.4834,
0,96,-708,0.0,0.0,16,0.5998,
0,97,-592,0.0,0.0,16,0.5958,
0,98,-440,0.0,0.0,16,0.5918,
0,99,-396,0.0,0.0,16,0.5918,
0,100,-364,0.0,0.0,16,0.5918,
0,96,-1053,0.0,0.0,4,0.2666,
0,97,-941,0.0,0.0,4,0.2666,
0,98,-905,0.0,0.0,4,0.2666,
0,99,-909,0.0,0.0,4,0.2666,
0,100,-1017,0.0,0.0,4,0.2788,
0,96,-436,0.0,0.0,-4,0.5727,
0,97,-274,0.0,0.0,-4,0.5734,
0,98,-239,0.0,0.0,-4,0.5734,
0,99,-239,0.0,0.0,-4,0.5734,
0,100,-267,0.0,0.0,-4,0.5734,
0,96,-1560,0.0,0.0,2,0.2301,
0,97,-1560,0.0,0.0,2,0.2312,
0,98,-1668,0.0,0.0,2,0.2323,
0,99,-1668,0.0,0.0,2,0.2335,
0,100,-1667,0.0,0.0,4,0.2341,
1,96,-1905,0.0,0.0,-2,0.3461,
1,97,-2036,0.0,0.0,-2,0.3471,
1,98,-2052,0.0,0.0,-2,0.3471,
1,99,-2068,0.0,0.0,-2,0.3471,
1,100,-2084,0.0,0.0,-2,0.3471,
0,96,543,35.2,0.0,17,0.8662,
0,97,595,35.2,0.0,17,0.8702,
0,98,527,35.2,0.0,17,0.8687,
0,99,517,35.0,0.0,18,0.8697,
0,100,492,34.8,0.0,18,0.8697,
1,96,-1084,0.0,0.0,12,0.4599,
1,97,-1188,0.0,0.0,12,0.4599,
1,98,-1188,0.0,0.0,12,0.4599,
1,99,-1188,0.0,0.0,12,0.4599,
1,100,-1188,0.0,0.0,12,0.4599,
0,96,-1676,0.0,0.0,-6,-0.0572,
0,97,-1693,0.0,0.0,-6,-0.0672,
0,98,-1723,0.0,0.0,-6,-0.0722,
0,99,-1764,0.0,0.0,-6,-0.0761,
0,100,-1792,0.0,0.0,-6,-0.0749,
0,96,-791,0.0,0.0,-2,-0.0599,
0,97,-772,0.0,0.0,-2,-0.063,
0,98,-756,0.0,0.0,-2,-0.063,
0,99,-656,0.0,0.0,-2,-0.063,
0,100,-656,0.0,0.0,-2,-0.063,
0,96,-290,0.0,0.0,11,0.2137,
0,97,-298,0.0,0.0,11,0.2137,
0,98,-298,0.0,0.0,11,0.2177,
0,99,-406,0.0,0.0,11,0.2217,
0,100,-414,0.0,0.0,11,0.2257,
1,96,-2112,0.0,0.0,1,0.6849,
1,97,-2232,0.0,0.0,3,0.6822,
1,98,-2239,0.0,0.0,3,0.6822,
1,99,-2246,0.0,0.0,3,0.6822,
1,100,-2269,0.0,0.0,3,0.6822,
1,96,-1261,0.0,0.0,0,0.2463,
1,97,-1276,0.0,0.0,1,0.2577,
1,98,-1292,0.0,0.0,1,0.2577,
1,99,-1400,0.0,0.0,1,0.2577,
1,100,-1400,0.0,0.0,1,0.2577,
0,96,-1301,0.0,0.0,0,0.3572,
0,97,-1301,0.0,0.0,0,0.3884,
0,98,-1409,0.0,0.0,0,0.3954,
0,99,-1421,0.0,0.0,0,0.3954,
0,100,-1433,0.0,0.0,0,0.3954,
0,96,-653,0.0,0.0,8,0.3209,
0,97,-559,0.0,0.0,8,0.3209,
0,98,-533,0.0,0.0,8,0.3209,
0,99,-511,0.0,0.0,8,0.3209,
0,100,-549,0.0,0.0,8,0.3209,
1,96,-1285,0.0,0.0,2,0.5066,
1,97,-1285,0.0,0.0,2,0.5066,
1,98,-1285,0.0,0.0,2,0.5066,
1,99,-1797,0.0,0.0,2,0.5066,
1,100,-1809,0.0,0.0,2,0.5066,
0,96,1255,100.0,0.0,23,0.591,
0,96,-1824,0.0,0.0,0,0.1521,
0,97,-1824,0.0,0.0,0,0.1521,
0,98,-1824,0.0,0.0,0,0.1521,
0,99,-1824,0.0,0.0,0,0.1521,
0,100,-1836,0.0,0.0,0,0.1521,
0,96,-792,0.0,0.0,-1,0.4002,
0,97,-790,0.0,0.0,-1,0.3959,
0,98,-790,0.0,0.0,-1,0.4039,
0,99,-893,0.0,0.0,-2,0.4119,
0,100,-893,0.0,0.0,0,0.4199,
1,96,-1988,0.0,-93.6,-12,0.4449,
1,97,-2012,0.0,-95.2,-12,0.4449,
1,98,-2036,0.0,-96.8,-12,0.4449,
1,99,-2052,0.0,-98.4,-12,0.4449,
1,100,-3568,0.0,-100.0,-12,0.4449,
0,96,-1005,0.0,0.0,-3,0.0987,
0,97,-1032,0.0,0.0,-1,0.1138,
0,98,-1152,0.0,0.0,-1,0.1138,
0,99,-1084,0.0,0.0,-1,0.1138,
0,100,-1116,0.0,0.0,-1,0.1138,
0,96,-629,0.0,0.0,31,0.8318,
0,97,-629,0.0,0.0,31,0.8318,
0,98,-629,0.0,0.0,31,0.8288,
0,99,-629,0.0,0.0,31,0.836,
0,100,-641,0.0,0.0,31,0.8482,
0,96,-1980,0.0,0.0,-11,0.1976,
0,97,-1987,0.0,0.0,-8,0.2184,
0,98,-2109,0.0,0.0,-7,0.2138,
0,99,-2133,0.0,0.0,-7,0.206,
0,100,-2155,0.0,0.0,-7,0.1936,
1,96,-1322,0.0,0.0,-4,0.4148,
1,97,-1322,0.0,0.0,-4,0.4148,
1,98,-1322,0.0,0.0,-4,0.4148,
1,99,-1322,0.0,0.0,-4,0.4148,
1,100,-1322,0.0,0.0,-4,0.4148,
0,96,-1412,0.0,0.0,-15,0.0453,
0,97,-1410,0.0,0.0,-15,0.0453,
0,98,-1332,0.0,0.0,-15,0.0453,
0,99,-1354,0.0,0.0,-15,0.0453,
0,100,-1392,0.0,0.0,-15,0.0453,
0,96,-1176,0.0,0.0,-2,-0.0022,
0,97,-1163,0.0,0.0,0,-0.0067,
0,98,-1667,0.0,0.0,0,-0.0184,
0,99,-1681,0.0,0.0,0,-0.0184,
0,100,-1695,0.0,0.0,0,-0.0184,
1,96,-1993,0.0,0.0,-2,0.3742,
1,97,-1805,0.0,0.0,-2,0.3742,
1,98,-1817,0.0,0.0,-2,0.3742,
1,99,-1829,0.0,0.0,-2,0.3742,
1,100,-1841,0.0,0.0,-2,0.3742,
0,96,-1539,0.0,0.0,-5,0.0364,
0,97,-1555,0.0,0.0,-6,0.0268,
0,98,-1571,0.0,0.0,-5,0.0172,
0,99,-1469,0.0,0.0,-2,0.0092,
0,100,-1465,0.0,0.0,-2,0.0092,
0,96,142,13.0,0.0,14,0.6221,
0,97,146,15.0,0.0,14,0.6113,
0,98,134,16.2,0.0,19,0.6099,
0,99,247,16.8,0.0,21,0.6055,
0,100,125,16.8,0.0,21,0.6055,
0,96,-226,0.0,0.0,9,0.6598,
0,97,-142,0.0,0.0,9,0.6473,
0,98,-134,0.0,0.0,9,0.635,
0,99,-118,0.0,0.0,9,0.6223,
0,100,-130,0.0,0.0,10,0.61,
0,96,-82,29.4,0.0,8,0.5514,
0,97,-74,31.0,0.0,8,0.5442,
0,98,-77,32.0,0.0,9,0.5427,
0,99,-82,32.4,0.0,14,0.5376,
0,100,-90,32.4,0.0,13,0.5105,
0,96,-577,0.0,0.0,3,0.3793,
0,97,-561,0.0,0.0,3,0.3793,
0,98,-545,0.0,0.0,3,0.3862,
0,99,-561,0.0,0.0,3,0.3862,
0,100,-577,0.0,0.0,6,0.3862,
0,96,-2096,0.0,0.0,1,0.3656,
0,97,-2067,0.0,0.0,1,0.3803,
0,98,-2058,0.0,0.0,1,0.3803,
0,99,-2057,0.0,0.0,1,0.3803,
0,100,-2049,0.0,0.0,1,0.3803,
0,96,-1349,0.0,0.0,6,0.5237,
0,97,-1355,0.0,0.0,7,0.5317,
0,98,-1361,0.0,0.0,9,0.5397,
0,99,-1365,0.0,0.0,11,0.5477,
0,100,-1369,0.0,0.0,11,0.5577,
0,96,-646,0.0,0.0,8,0.2279,
0,97,-553,0.0,0.0,13,0.2595,
0,98,-680,0.0,0.0,14,0.2671,
0,99,-895,0.0,0.0,14,0.2695,
0,100,-903,0.0,0.0,14,0.2695,
0,96,-1228,0.0,0.0,-11,0.2007,
0,97,-1236,0.0,0.0,-11,0.2007,
0,98,-1444,0.0,0.0,-11,0.2076,
0,99,-1360,0.0,0.0,-11,0.2076,
0,100,-1368,0.0,0.0,-11,0.2076,
0,96,-1889,0.0,0.0,23,0.7061,
0,97,-1881,0.0,0.0,24,0.725,
0,98,-1895,0.0,0.0,24,0.725,
0,99,-1893,0.0,0.0,24,0.725,
0,100,-2003,0.0,0.0,24,0.725,
1,96,-708,0.0,0.0,8,0.1711,
1,97,-696,0.0,0.0,8,0.1711,
1,98,-660,0.0,0.0,8,0.1711,
1,99,-640,0.0,0.0,8,0.1711,
1,100,-532,0.0,0.0,8,0.1711,
0,96,-1544,0.0,0.0,0,0.4059,
0,97,-1544,0.0,0.0,1,0.4371,
0,98,-1657,0.0,0.0,1,0.4437,
0,99,-1671,0.0,0.0,1,0.4437,
0,100,-1671,0.0,0.0,1,0.4437,
0,96,-1445,0.0,0.0,5,0.281,
0,97,-1443,0.0,0.0,7,0.2906,
0,98,-1555,0.0,0.0,8,0.3074,
0,99,-1554,0.0,0.0,11,0.3187,
0,100,-1558,0.0,0.0,11,0.3222,
0,96,-1548,0.0,0.0,3,0.3982,
0,97,-1548,0.0,0.0,3,0.3969,
0,98,-1768,0.0,0.0,3,0.3955,
0,99,-1784,0.0,0.0,2,0.3942,
0,100,-1784,0.0,0.0,2,0.3929,
0,96,-1688,0.0,0.0,-5,0.1476,
0,97,-1704,0.0,0.0,-5,0.179,
0,98,-1720,0.0,0.0,-5,0.179,
0,99,-1736,0.0,0.0,-5,0.179,
0,100,-1752,0.0,0.0,-5,0.179,
0,96,-1592,0.0,0.0,-3,0.159,
0,97,-1604,0.0,0.0,-3,0.159,
0,98,-1732,0.0,0.0,-3,0.159,
0,99,-1760,0.0,0.0,-3,0.159,
0,100,-1804,0.0,0.0,-3,0.159,
0,96,-1562,0.0,0.0,1,0.1904,
0,97,-1557,0.0,0.0,1,0.1998,
0,98,-1532,0.0,0.0,1,0.2,
0,99,-1508,0.0,0.0,1,0.2,
0,100,-1500,0.0,0.0,1,0.2,
0,96,-1303,0.0,0.0,-2,0.3982,
0,97,-1419,0.0,0.0,-2,0.4295,
0,98,-1535,0.0,0.0,-2,0.4365,
0,99,-1543,0.0,0.0,-2,0.4365,
0,100,-1575,0.0,0.0,-2,0.4365,
0,96,-1283,0.0,0.0,-9,-0.0049,
0,97,-1306,0.0,0.0,-8,0.0126,
0,98,-1428,0.0,0.0,-5,0.0163,
0,99,-1444,0.0,0.0,-5,0.0163,
0,100,-1360,0.0,0.0,-5,0.0163,
0,96,-883,0.0,0.0,13,0.5588,
0,97,-915,0.0,0.0,13,0.5588,
0,98,-947,0.0,0.0,13,0.5588,
0,99,-1277,0.0,0.0,13,0.5588,
0,100,-1297,0.0,0.0,13,0.5588,
0,96,-455,0.0,0.0,8,0.3526,
0,97,-457,0.0,0.0,8,0.3638,
0,98,-473,0.0,0.0,8,0.3622,
0,99,-473,0.0,0.0,8,0.3622,
0,100,-489,0.0,0.0,8,0.3622,
0,96,-1426,0.0,0.0,-13,0.1754,
0,97,-1425,0.0,0.0,-13,0.1754,
0,98,-1416,0.0,0.0,-13,0.1754,
0,99,-1431,0.0,0.0,-13,0.1754,
0,100,-1446,0.0,0.0,-13,0.1834,
0,96,-816,0.0,0.0,-16,0.2475,
0,97,-832,0.0,0.0,-16,0.2475,
0,98,-972,0.0,0.0,-16,0.2494,
0,99,-1008,0.0,0.0,-16,0.2494,
0,100,-1044,0.0,0.0,-16,0.2494,
0,96,-1599,0.0,0.0,-20,0.1191,
0,97,-1622,0.0,0.0,-20,0.1191,
0,98,-1753,0.0,0.0,-20,0.126,
0,99,-1769,0.0,0.0,-20,0.1349,
0,100,-1793,0.0,0.0,-20,0.1349,
0,96,-655,0.0,0.0,3,0.2527,
0,97,-613,0.0,0.0,3,0.2527,
0,98,-679,0.0,0.0,3,0.2527,
0,99,-661,0.0,0.0,3,0.2527,
0,100,-661,0.0,0.0,3,0.2527,
0,96,-882,0.0,0.0,23,0.4534,
0,97,-889,0.0,0.0,24,0.4415,
0,98,-897,0.0,0.0,24,0.4413,
0,99,-748,0.0,0.0,23,0.4275,
0,100,-700,0.0,0.0,22,0.415,
0,96,-223,0.0,0.0,-13,-0.1225,
0,97,-119,0.0,0.0,-11,-0.1009,
0,98,-347,0.0,0.0,-10,-0.1041,
0,99,-371,0.0,0.0,-10,-0.1041,
0,100,-395,0.0,0.0,-10,-0.1041,
0,96,-757,0.0,0.0,6,0.2828,
0,97,-761,0.0,0.0,8,0.3185,
0,98,-844,0.0,0.0,9,0.3345,
0,99,-740,0.0,0.0,9,0.3345,
0,100,-744,0.0,0.0,9,0.3345,
0,96,-1244,0.0,0.0,1,0.381,
0,97,-1260,0.0,0.0,1,0.381,
0,98,-1276,0.0,0.0,1,0.381,
0,99,-1292,0.0,0.0,1,0.381,
0,100,-1308,0.0,0.0,1,0.381,
0,96,-491,7.0,0.0,12,0.4983,
0,97,-686,8.8,0.0,13,0.491,
0,98,-678,10.2,0.0,15,0.4895,
0,99,-686,10.8,0.0,17,0.4858,
0,100,-706,10.8,0.0,17,0.4767,
0,96,-1887,0.0,0.0,10,0.2452,
0,97,-1895,0.0,0.0,10,0.2419,
0,98,-1791,0.0,0.0,10,0.2307,
0,99,-1789,0.0,0.0,10,0.2307,
0,100,-1893,0.0,0.0,10,0.2307,
0,96,-1032,0.0,0.0,-11,0.0815,
0,97,-1048,0.0,0.0,-11,0.0815,
0,98,-1072,0.0,0.0,-11,0.0925,
0,99,-1200,0.0,0.0,-11,0.1035,
0,100,-1219,0.0,0.0,-11,0.1145,
0,96,-1698,0.0,0.0,-17,0.1354,
0,97,-1670,0.0,0.0,-17,0.1354,
0,98,-1802,0.0,0.0,-17,0.1354,
0,99,-1818,0.0,0.0,-17,0.1258,
0,100,-1850,0.0,0.0,-17,0.1162,
1,96,-1180,0.0,0.0,1,0.3671,
1,97,-1180,0.0,0.0,1,0.3671,
1,98,-1180,0.0,0.0,1,0.3671,
1,99,-1180,0.0,0.0,1,0.3671,
1,100,-1180,0.0,0.0,1,0.3671,
0,96,-1580,0.0,0.0,-17,0.2295,
0,97,-1584,0.0,0.0,-17,0.2295,
0,98,-1576,0.0,0.0,-17,0.2295,
0,99,-1688,0.0,0.0,-17,0.2295,
0,100,-1688,0.0,0.0,-17,0.2375,
1,96,-1203,0.0,0.0,9,0.3137,
1,97,-1208,0.0,0.0,9,0.3167,
1,98,-1216,0.0,0.0,9,0.3167,
1,99,-1224,0.0,0.0,9,0.3167,
1,100,-1232,0.0,0.0,9,0.3167,
0,96,-656,0.0,0.0,7,0.5469,
0,97,-667,0.0,0.0,8,0.5501,
0,98,-691,0.0,0.0,9,0.5645,
0,99,-713,0.0,0.0,11,0.5736,
0,100,-729,0.0,0.0,11,0.5728,
0,96,-568,0.0,0.0,9,0.3873,
0,97,-452,0.0,0.0,9,0.3785,
0,98,-412,0.0,0.0,9,0.3702,
0,99,-364,0.0,0.0,9,0.3536,
0,100,-464,0.0,0.0,9,0.3372,
1,96,-1188,0.0,0.0,10,0.7889,
1,97,-1188,0.0,0.0,10,0.7889,
1,98,-1188,0.0,0.0,10,0.7889,
1,99,-1188,0.0,0.0,10,0.7889,
1,100,-1188,0.0,0.0,10,0.7889,
1,96,-1913,0.0,0.0,27,0.9336,
1,97,-1913,0.0,0.0,27,0.9336,
1,98,-1913,0.0,0.0,27,0.9336,
1,99,-1913,0.0,0.0,27,0.9336,
1,100,-2029,0.0,0.0,27,0.9336,
0,96,-1081,0.0,0.0,24,0.6844,
0,97,-973,0.0,0.0,24,0.6844,
0,98,-941,0.0,0.0,24,0.6844,
0,99,-909,0.0,0.0,24,0.6844,
0,100,-889,0.0,0.0,24,0.6844,
0,96,-730,0.0,0.0,15,0.4461,
0,97,-730,0.0,0.0,17,0.4412,
0,98,-737,0.0,0.0,18,0.425,
0,99,-744,0.0,0.0,18,0.425,
0,100,-751,0.0,0.0,18,0.425,
0,96,-640,0.0,0.0,-24,-0.0277,
0,97,-663,0.0,0.0,-23,-0.0275,
0,98,-655,0.0,0.0,-22,-0.0253,
0,99,-647,0.0,0.0,-22,-0.0253,
0,100,-727,0.0,0.0,-22,-0.0253,
0,96,-1332,0.0,0.0,-9,0.0346,
0,97,-1322,0.0,0.0,-6,0.0514,
0,98,-1476,0.0,0.0,-5,0.0508,
0,99,-1529,0.0,0.0,-5,0.0535,
0,100,-1673,0.0,0.0,-5,0.0561,
0,96,287,47.4,0.0,15,0.4732,
0,97,306,50.4,0.0,17,0.48,
0,98,308,52.4,0.0,17,0.4859,
0,99,315,53.6,0.0,18,0.4872,
0,100,315,53.6,0.0,18,0.4749,
0,96,-1576,0.0,0.0,11,0.3319,
0,97,-1552,0.0,0.0,15,0.329,
0,98,-1542,0.0,0.0,15,0.3168,
0,99,-1549,0.0,0.0,15,0.3168,
0,100,-1540,0.0,0.0,15,0.3168,
0,96,-1312,0.0,0.0,-3,0.0557,
0,97,-1288,0.0,0.0,-3,0.0869,
0,98,-1372,0.0,0.0,-3,0.0938,
0,99,-1356,0.0,0.0,-3,0.0938,
0,100,-1340,0.0,0.0,-3,0.0938,
0,96,-2016,0.0,0.0,-4,0.0522,
0,97,-2117,0.0,0.0,-3,0.0548,
0,98,-2091,0.0,0.0,-2,0.0412,
0,99,-2091,0.0,0.0,-2,0.0412,
0,100,-2088,0.0,0.0,-2,0.0477,
0,96,-1290,0.0,0.0,14,0.4904,
0,97,-1290,0.0,0.0,13,0.4743,
0,98,-1394,0.0,0.0,12,0.4587,
0,99,-1399,0.0,0.0,11,0.4428,
0,100,-1405,0.0,0.0,11,0.4296,
0,96,-1611,0.0,0.0,-12,0.1236,
0,97,-1639,0.0,0.0,-12,0.1316,
0,98,-1871,0.0,0.0,-12,0.1396,
0,99,-1883,0.0,0.0,-12,0.1396,
0,100,-1875,0.0,0.0,-12,0.1396,
0,96,-902,0.0,0.0,7,0.2123,
0,97,-832,0.0,0.0,7,0.2123,
0,98,-886,0.0,0.0,7,0.2123,
0,99,-940,0.0,0.0,7,0.2123,
0,100,-978,0.0,0.0,7,0.2123,
0,96,-1328,0.0,0.0,-20,0.0222,
0,97,-1328,0.0,0.0,-20,0.0534,
0,98,-1444,0.0,0.0,-20,0.0604,
0,99,-1460,0.0,0.0,-20,0.0604,
0,100,-1492,0.0,0.0,-20,0.0604,
0,96,-1480,0.0,0.0,-15,0.2194,
0,97,-1488,0.0,0.0,-14,0.2386,
0,98,-1528,0.0,0.0,-13,0.237,
0,99,-1560,0.0,0.0,-12,0.245,
0,100,-1584,0.0,0.0,-12,0.253,
1,96,-3,0.0,0.0,-1,0.4538,
1,97,-10,0.0,0.0,0,0.4552,
1,98,-6,0.0,0.0,0,0.4552,
1,99,-14,0.0,0.0,0,0.4552,
1,100,-30,0.0,0.0,0,0.4552,
0,96,-147,0.0,0.0,-1,0.2785,
0,97,-31,0.0,0.0,-1,0.2785,
0,98,9,0.0,0.0,-1,0.2785,
0,99,45,0.0,0.0,-1,0.2785,
0,100,73,0.0,0.0,-1,0.2825,
0,96,-322,0.0,0.0,18,0.4885,
0,97,-322,0.0,0.0,18,0.4885,
0,98,-322,0.0,0.0,18,0.4885,
0,99,-322,0.0,0.0,18,0.4885,
0,100,-322,0.0,0.0,18,0.4885,
1,96,-2020,0.0,0.0,-15,0.0341,
1,97,-2021,0.0,0.0,-15,0.0341,
1,98,-2021,0.0,0.0,-15,0.0341,
1,99,-2021,0.0,0.0,-15,0.0341,
1,100,-2021,0.0,0.0,-15,0.0341,
0,96,948,56.4,0.0,47,0.7422,
0,97,1034,58.6,0.0,47,0.7422,
0,98,1089,60.0,0.0,47,0.7422,
0,99,1110,61.0,0.0,47,0.7422,
0,100,1004,0.0,0.0,47,0.7422,
0,96,-624,0.0,0.0,-24,-0.079,
0,97,-624,0.0,0.0,-24,-0.1021,
0,98,-736,0.0,0.0,-25,-0.1258,
0,99,-748,0.0,0.0,-28,-0.1495,
0,100,-761,0.0,0.0,-29,-0.1712,
1,96,-1104,0.0,0.0,8,0.5281,
1,97,-1104,0.0,0.0,8,0.5281,
1,98,-1104,0.0,0.0,8,0.5281,
1,99,-1104,0.0,0.0,8,0.5281,
1,100,-1112,0.0,0.0,8,0.5281,
0,96,-329,0.0,0.0,6,0.2812,
0,97,-220,0.0,0.0,6,0.2666,
0,98,-205,0.0,0.0,3,0.2444,
0,99,-71,0.0,0.0,1,0.2207,
0,100,-155,0.0,0.0,1,0.2207,
0,96,-1172,0.0,0.0,-1,0.2581,
0,97,-1180,0.0,0.0,-1,0.2895,
0,98,-1296,0.0,0.0,-1,0.2965,
0,99,-1312,0.0,0.0,-1,0.2965,
0,100,-1328,0.0,0.0,-1,0.2965,
0,96,-1504,0.0,0.0,-4,0.1595,
0,97,-1584,0.0,0.0,-4,0.1595,
0,98,-1560,0.0,0.0,-4,0.1595,
0,99,-1452,0.0,0.0,-4,0.1595,
0,100,-1452,0.0,0.0,-4,0.1595,
0,96,-1022,0.0,0.0,13,0.3766,
0,97,-1046,0.0,0.0,13,0.3816,
0,98,-1180,0.0,0.0,10,0.3626,
0,99,-1214,0.0,0.0,9,0.3366,
0,100,-1253,0.0,0.0,10,0.3178,
1,96,-1963,0.0,0.0,-7,0.1945,
1,97,-1963,0.0,0.0,-7,0.1945,
1,98,-1963,0.0,0.0,-7,0.1945,
1,99,-1963,0.0,0.0,-7,0.1945,
1,100,-1963,0.0,0.0,-7,0.1945,
1,96,-1775,0.0,0.0,3,0.476,
1,97,-1791,0.0,0.0,3,0.476,
1,98,-1791,0.0,0.0,3,0.476,
1,99,-1791,0.0,0.0,3,0.476,
1,100,-1791,0.0,0.0,3,0.476,
1,96,-1993,0.0,0.0,4,0.5106,
1,97,-2001,0.0,0.0,4,0.5106,
1,98,-2009,0.0,0.0,4,0.5106,
1,99,-2017,0.0,0.0,4,0.5106,
1,100,-2025,0.0,0.0,4,0.5106,
0,96,-1186,0.0,0.0,-3,0.1052,
0,97,-1194,0.0,0.0,-1,0.1305,
0,98,-1177,0.0,0.0,0,0.139,
0,99,-1185,0.0,0.0,0,0.139,
0,100,-1193,0.0,0.0,0,0.1387,
0,96,-617,0.0,0.0,4,0.2413,
0,97,-589,0.0,0.0,4,0.2413,
0,98,-461,0.0,0.0,4,0.2413,
0,99,-465,0.0,0.0,4,0.2413,
0,100,-465,0.0,0.0,4,0.2685,
0,96,-2038,0.0,-14.2,5,0.2838,
0,97,-2016,0.0,-14.2,5,0.2866,
0,98,-1995,0.0,-14.2,5,0.2866,
0,99,-1987,0.0,-14.2,5,0.2866,
0,100,-1979,0.0,-14.2,5,0.2866,
0,96,-1458,0.0,0.0,-4,0.2889,
0,97,-1474,0.0,0.0,-4,0.2889,
0,98,-1498,0.0,0.0,-3,0.2996,
0,99,-1527,0.0,0.0,-2,0.3107,
0,100,-1540,0.0,0.0,-2,0.3107,
1,96,-853,0.0,0.0,5,0.5409,
1,97,-878,0.0,0.0,5,0.5409,
1,98,-912,0.0,0.0,6,0.5441,
1,99,-946,0.0,0.0,10,0.5573,
1,100,-967,0.0,0.0,10,0.5596,
0,96,-1484,0.0,0.0,-8,0.0837,
0,97,-1520,0.0,0.0,-8,0.0837,
0,98,-1540,0.0,0.0,-8,0.0837,
0,99,-1560,0.0,-0.8,-8,0.0837,
0,100,-1588,0.0,-2.4,-8,0.0837,
1,96,-1424,0.0,0.0,-16,0.0715,
1,97,-1424,0.0,0.0,-16,0.0715,
1,98,-1424,0.0,0.0,-16,0.0715,
1,99,-1424,0.0,0.0,-16,0.0715,
1,100,-1424,0.0,0.0,-16,0.0715,
0,96,-1263,0.0,0.0,0,0.1444,
0,97,-1259,0.0,0.0,0,0.1444,
0,98,-1355,0.0,0.0,0,0.1444,
0,99,-1343,0.0,0.0,0,0.1444,
0,100,-1331,0.0,0.0,0,0.1444,
1,96,-1247,0.0,0.0,17,0.7974,
1,97,-1255,0.0,0.0,17,0.7974,
1,98,-1263,0.0,0.0,17,0.7974,
1,99,-1271,0.0,0.0,17,0.7974,
1,100,-1279,0.0,0.0,17,0.7974,
0,96,-31,53.2,0.0,23,0.5965,
0,97,32,53.8,0.0,23,0.5965,
0,98,-25,54.4,0.0,23,0.5965,
0,99,-8,55.0,0.0,23,0.5965,
0,100,-10,0.0,0.0,23,0.5965,
1,96,-1396,0.0,0.0,8,0.53,
1,97,-1504,0.0,0.0,11,0.5475,
1,98,-1512,0.0,0.0,11,0.5475,
1,99,-1520,0.0,0.0,11,0.5475,
1,100,-1528,0.0,0.0,11,0.5475,
0,96,-1207,0.0,0.0,-14,0.2598,
0,97,-1207,0.0,0.0,-14,0.2598,
0,98,-1203,0.0,0.0,-15,0.2462,
0,99,-1198,0.0,0.0,-15,0.2462,
0,100,-1198,0.0,0.0,-15,0.2462,
0,96,2083,100.0,0.0,4,0.3157,
0,96,-1756,0.0,0.0,-20,0.0597,
0,97,-1771,0.0,0.0,-21,0.0478,
0,98,-1785,0.0,0.0,-24,0.0409,
0,99,-1922,0.0,0.0,-24,0.0339,
0,100,-1946,0.0,0.0,-25,0.0297,
0,96,215,13.8,0.0,16,0.4912,
0,97,275,11.4,0.0,16,0.4912,
0,98,-201,9.0,0.0,16,0.4912,
0,99,-205,9.0,0.0,16,0.4912,
0,100,-225,9.0,0.0,16,0.4912,
1,96,-1167,0.0,0.0,1,0.4081,
1,97,-1167,0.0,0.0,1,0.4081,
1,98,-1167,0.0,0.0,1,0.4081,
1,99,-1167,0.0,0.0,1,0.4081,
1,100,-1167,0.0,0.0,1,0.4081,
1,96,-1910,0.0,0.0,2,0.6408,
1,97,-1908,0.0,0.0,2,0.6476,
1,98,-1908,0.0,0.0,2,0.6476,
1,99,-1908,0.0,0.0,2,0.6476,
1,100,-1908,0.0,0.0,2,0.6476,
0,96,-1685,0.0,0.0,-9,0.2537,
0,97,-1693,0.0,0.0,-9,0.2557,
0,98,-1817,0.0,0.0,-11,0.2647,
0,99,-1819,0.0,0.0,-13,0.2667,
0,100,-1837,0.0,0.0,-13,0.2667,
0,96,-1244,0.0,0.0,-4,0.1035,
0,97,-1250,0.0,0.0,-4,0.1064,
0,98,-1258,0.0,0.0,-4,0.1064,
0,99,-1266,0.0,0.0,-4,0.1064,
0,100,-1404,0.0,0.0,-4,0.1064,
1,96,-1288,0.0,0.0,1,0.5871,
1,97,-1404,0.0,0.0,1,0.5871,
1,98,-1404,0.0,0.0,1,0.5871,
1,99,-1404,0.0,0.0,1,0.5871,
1,100,-1404,0.0,0.0,1,0.5871,
0,96,-716,0.0,0.0,2,0.3351,
0,97,-724,0.0,0.0,2,0.3351,
0,98,-724,0.0,0.0,2,0.3351,
0,99,-724,0.0,0.0,2,0.3351,
0,100,-724,0.0,0.0,2,0.3351,
0,96,-1627,0.0,0.0,-12,0.2982,
0,97,-1619,0.0,0.0,-11,0.3296,
0,98,-1711,0.0,0.0,-11,0.3366,
0,99,-1703,0.0,0.0,-11,0.3366,
0,100,-1611,0.0,0.0,-11,0.3366,
0,96,-714,0.0,0.0,4,0.1112,
0,97,-805,0.0,0.0,4,0.1112,
0,98,-788,0.0,0.0,4,0.1112,
0,99,-883,0.0,0.0,4,0.1112,
0,100,-886,0.0,0.0,4,0.1112,
0,96,-928,0.0,0.0,-5,0.2948,
0,97,-953,0.0,0.0,-5,0.326,
0,98,-1094,0.0,0.0,-5,0.3329,
0,99,-1223,0.0,0.0,-5,0.3329,
0,100,-1231,0.0,0.0,-5,0.3441,
1,96,-546,0.0,0.0,-2,0.4095,
1,97,-538,0.0,0.0,-2,0.3994,
1,98,-526,0.0,0.0,-2,0.3994,
1,99,-534,0.0,0.0,-2,0.3978,
1,100,-542,0.0,0.0,-2,0.3978,
1,96,-1916,0.0,0.0,11,0.7182,
1,97,-1916,0.0,0.0,11,0.7182,
1,98,-1916,0.0,0.0,11,0.7182,
1,99,-1916,0.0,0.0,11,0.7182,
1,100,-2024,0.0,0.0,11,0.7182,
0,96,346,0.0,0.0,8,0.4466,
0,97,-277,0.0,0.0,8,0.4466,
0,98,-297,0.0,0.0,8,0.4466,
0,99,-317,0.0,0.0,8,0.4466,
0,100,-337,0.0,0.0,8,0.4466,
0,96,-787,0.0,0.0,6,0.6197,
0,97,-883,0.0,0.0,10,0.6458,
0,98,-983,0.0,0.0,12,0.6477,
0,99,-975,0.0,0.0,12,0.6477,
0,100,-1391,0.0,0.0,12,0.6477,
0,96,-1344,0.0,0.0,2,0.6039,
0,97,-1352,0.0,0.0,2,0.6039,
0,98,-1360,0.0,0.0,2,0.6039,
0,99,-1368,0.0,0.0,2,0.6039,
0,100,-1392,0.0,0.0,2,0.6039,
1,96,-1204,0.0,0.0,21,0.9184,
1,97,-1212,0.0,0.0,21,0.9184,
1,98,-1227,0.0,0.0,21,0.9184,
1,99,-1242,0.0,0.0,21,0.9184,
1,100,-1257,0.0,0.0,21,0.9184,
0,96,-1085,0.0,0.0,6,0.4537,
0,97,-1086,0.0,0.0,6,0.4387,
0,98,-1087,0.0,0.0,6,0.4237,
0,99,-1088,0.0,0.0,5,0.4057,
0,100,-1101,0.0,0.0,4,0.396,
0,96,-1385,0.0,0.0,-8,0.1519,
0,97,-1383,0.0,0.0,-4,0.1698,
0,98,-1460,0.0,0.0,-4,0.1717,
0,99,-1442,0.0,0.0,-4,0.1717,
0,100,-1424,0.0,0.0,-4,0.1717,
0,96,-1743,0.0,0.0,3,0.3297,
0,97,-1735,0.0,0.0,3,0.3297,
0,98,-1727,0.0,0.0,3,0.3297,
0,99,-1747,0.0,0.0,3,0.3297,
0,100,-1759,0.0,0.0,3,0.3297,
0,96,-854,0.0,0.0,4,0.1239,
0,97,-854,0.0,0.0,4,0.1239,
0,98,-854,0.0,0.0,4,0.1239,
0,99,-854,0.0,0.0,4,0.1239,
0,100,-854,0.0,0.0,4,0.1239,
0,96,-1180,0.0,0.0,-4,0.3688,
0,97,-1180,0.0,0.0,-3,0.3957,
0,98,-1422,0.0,0.0,-1,0.3976,
0,99,-1436,0.0,0.0,-3,0.3966,
0,100,-1458,0.0,0.0,-2,0.3956,
0,96,-23,67.0,0.0,22,0.6924,
0,97,41,70.8,0.0,23,0.6918,
0,98,24,73.8,0.0,24,0.6926,
0,99,5,75.4,0.0,28,0.7126,
0,100,-40,75.4,0.0,28,0.7126,
0,96,-860,0.0,0.0,-3,0.0744,
0,97,-876,0.0,0.0,-3,0.0744,
0,98,-1023,0.0,0.0,-3,0.0763,
0,99,-1054,0.0,0.0,-3,0.0763,
0,100,-1077,0.0,0.0,-3,0.0873,
1,96,-684,0.0,0.0,-1,0.4512,
1,97,-796,0.0,0.0,-1,0.4716,
1,98,-808,0.0,0.0,-1,0.4716,
1,99,-820,0.0,0.0,-1,0.4716,
1,100,-832,0.0,0.0,-1,0.4716,
1,96,-2004,0.0,0.0,-16,0.4693,
1,97,-2135,0.0,0.0,-16,0.4706,
1,98,-2166,0.0,0.0,-16,0.4706,
1,99,-2197,0.0,0.0,-16,0.4706,
1,100,-2228,0.0,0.0,-16,0.4706,
0,96,-805,0.0,0.0,15,0.4756,
0,97,-721,0.0,0.0,15,0.4652,
0,98,-713,0.0,0.0,13,0.4558,
0,99,-711,0.0,0.0,13,0.4466,
0,100,-695,0.0,0.0,14,0.4418,
0,96,-1629,0.0,0.0,-3,0.0579,
0,97,-1647,0.0,0.0,-3,0.0499,
0,98,-1661,0.0,0.0,-4,0.0427,
0,99,-1676,0.0,0.0,-4,0.0399,
0,100,-1567,0.0,0.0,-4,0.0375,
1,96,-1395,0.0,0.0,12,0.6215,
1,97,-1395,0.0,0.0,12,0.6215,
1,98,-1395,0.0,0.0,12,0.6215,
1,99,-1395,0.0,0.0,12,0.6215,
1,100,-1395,0.0,0.0,12,0.6215,
0,96,-823,0.0,0.0,14,0.5797,
0,97,-731,0.0,0.0,14,0.5797,
0,98,-750,0.0,0.0,14,0.5797,
0,99,-881,0.0,0.0,14,0.5797,
0,100,-1503,0.0,0.0,14,0.5797,
0,96,451,66.6,0.0,13,0.5365,
0,97,395,67.2,0.0,13,0.535,
0,98,427,67.8,0.0,14,0.5344,
0,99,417,68.2,0.0,14,0.5344,
0,100,405,68.2,0.0,14,0.5354,
0,96,-383,3.2,0.0,34,0.8207,
0,97,-319,5.4,0.0,34,0.8237,
0,98,-297,5.4,0.0,34,0.8237,
0,99,-308,5.4,0.0,33,0.8307,
0,100,-334,3.8,0.0,32,0.8287,
0,96,-748,0.0,0.0,-3,0.3437,
0,97,-723,0.0,0.0,1,0.3608,
0,98,-607,0.0,0.0,1,0.3602,
0,99,-607,0.0,0.0,1,0.3602,
0,100,-615,0.0,0.0,1,0.3602,
1,96,-1960,0.0,0.0,5,0.6,
1,97,-1960,0.0,0.0,5,0.6,
1,98,-1976,0.0,0.0,5,0.6629,
1,99,-1989,0.0,0.0,11,0.7189,
1,100,-2000,0.0,0.0,13,0.7467,
1,96,-1096,0.0,0.0,20,0.7852,
1,97,-1096,0.0,0.0,20,0.7852,
1,98,-1096,0.0,0.0,20,0.7852,
1,99,-1096,0.0,0.0,20,0.7852,
1,100,-1096,0.0,0.0,20,0.7852,
0,96,-786,0.0,0.0,2,0.1498,
0,97,-770,0.0,0.0,0,0.1325,
0,98,-731,0.0,0.0,-2,0.1177,
0,99,-672,0.0,0.0,-2,0.117,
0,100,-640,0.0,0.0,-2,0.117,
0,96,-576,0.0,0.0,7,0.3164,
0,97,-560,0.0,0.0,7,0.3164,
0,98,-544,0.0,0.0,7,0.3164,
0,99,-1036,0.0,0.0,7,0.3164,
0,100,-1152,0.0,0.0,7,0.3164,
1,96,-1384,0.0,0.0,21,0.8446,
1,97,-1384,0.0,0.0,21,0.8446,
1,98,-1384,0.0,0.0,21,0.8446,
1,99,-1384,0.0,0.0,21,0.8446,
1,100,-1384,0.0,0.0,21,0.8446,
0,96,-645,0.0,0.0,-9,0.2756,
0,97,-663,0.0,0.0,-9,0.2614,
0,98,-680,0.0,0.0,-10,0.2476,
0,99,-696,0.0,0.0,-10,0.2285,
0,100,-713,0.0,0.0,-11,0.2166,
0,96,-1020,0.0,0.0,13,0.5602,
0,97,-1152,0.0,0.0,14,0.5873,
0,98,-1306,0.0,0.0,14,0.5898,
0,99,-1435,0.0,0.0,14,0.5898,
0,100,-1452,0.0,0.0,14,0.5898,
0,96,111,0.0,0.0,11,0.4283,
0,97,129,0.0,0.0,11,0.4331,
0,98,-367,0.0,0.0,11,0.4465,
0,99,-252,0.0,0.0,11,0.4555,
0,100,-260,0.0,0.0,11,0.4555,
0,96,-970,0.0,0.0,2,0.2223,
0,97,-978,0.0,0.0,2,0.2223,
0,98,-986,0.0,0.0,2,0.2223,
0,99,-994,0.0,0.0,2,0.2223,
0,100,-1002,0.0,0.0,2,0.2223,
0,96,-98,0.0,0.0,10,0.4963,
0,97,10,0.0,0.0,10,0.4963,
0,98,42,0.0,0.0,10,0.4963,
0,99,82,0.0,0.0,10,0.4963,
0,100,102,0.0,0.0,10,0.488,
0,96,-894,0.0,0.0,-4,0.3128,
0,97,-858,0.0,0.0,-4,0.3128,
0,98,-842,0.0,0.0,-4,0.3128,
0,99,-826,0.0,0.0,-4,0.3128,
0,100,-802,0.0,0.0,-4,0.3128,
1,96,-1204,0.0,0.0,-12,0.1518,
1,97,-1204,0.0,0.0,-12,0.1518,
1,98,-1204,0.0,0.0,-12,0.1518,
1,99,-1204,0.0,0.0,-12,0.1518,
1,100,-1204,0.0,0.0,-12,0.1518,
1,96,-2082,0.0,0.0,3,0.6071,
1,97,-2188,0.0,0.0,4,0.6106,
1,98,-2196,0.0,0.0,4,0.6106,
1,99,-2204,0.0,0.0,4,0.6106,
1,100,-2212,0.0,0.0,4,0.6106,
0,96,-1320,0.0,0.0,-7,0.1413,
0,97,-1328,0.0,0.0,-7,0.1413,
0,98,-1336,0.0,0.0,-7,0.1413,
0,99,-1344,0.0,0.0,-7,0.1413,
0,100,-1344,0.0,0.0,-7,0.1413,
0,96,-285,51.4,0.0,19,0.6147,
0,97,-271,54.8,0.0,19,0.6127,
0,98,-276,56.8,0.0,19,0.62,
0,99,-291,56.8,0.0,19,0.6291,
0,100,-313,54.4,0.0,19,0.6254,
0,96,-1478,0.0,0.0,-9,0.2251,
0,97,-1470,0.0,0.0,-9,0.2251,
0,98,-1462,0.0,0.0,-9,0.2251,
0,99,-1470,0.0,0.0,-9,0.2251,
0,100,-1494,0.0,0.0,-9,0.2251,
1,96,-1932,0.0,0.0,15,0.574,
1,97,-1944,0.0,0.0,20,0.6243,
1,98,-1958,0.0,0.0,22,0.6801,
1,99,-1972,0.0,0.0,22,0.6873,
1,100,-1988,0.0,0.0,22,0.6873,
0,96,-1585,0.0,0.0,-15,-0.0176,
0,97,-1598,0.0,0.0,-15,-0.0201,
0,98,-1588,0.0,0.0,-15,-0.0186,
0,99,-1588,0.0,0.0,-15,-0.0186,
0,100,-1588,0.0,0.0,-15,-0.0186,
0,96,-1334,0.0,0.0,3,0.3132,
0,97,-1344,0.0,0.0,8,0.3459,
0,98,-1352,0.0,0.0,8,0.3573,
0,99,-1448,0.0,0.0,8,0.3653,
0,100,-1468,0.0,0.0,8,0.3653,
1,96,-1245,0.0,0.0,-2,0.5029,
1,97,-1749,0.0,0.0,-1,0.5109,
1,98,-1755,0.0,0.0,-1,0.5109,
1,99,-1761,0.0,0.0,-1,0.5109,
1,100,-1767,0.0,0.0,-1,0.5109,
0,96,-1518,0.0,0.0,-10,-0.055,
0,97,-1513,0.0,0.0,-9,-0.0278,
0,98,-1629,0.0,0.0,-9,-0.0278,
0,99,-1645,0.0,0.0,-9,-0.0278,
0,100,-1645,0.0,0.0,-9,-0.0278,
0,96,-1257,0.0,0.0,-5,0.0253,
0,97,-1256,0.0,0.0,-1,0.0293,
0,98,-1256,0.0,0.0,-1,0.0367,
0,99,-1256,0.0,0.0,-1,0.0447,
0,100,-1256,0.0,0.0,-2,0.0527,
0,96,-637,0.0,0.0,1,0.5294,
0,97,-544,0.0,0.0,2,0.5273,
0,98,-525,0.0,0.0,2,0.5272,
0,99,-496,0.0,0.0,2,0.5262,
0,100,-577,0.0,0.0,5,0.5281,
1,96,-986,0.0,0.0,16,0.6294,
1,97,-986,0.0,0.0,16,0.6294,
1,98,-986,0.0,0.0,16,0.6294,
1,99,-986,0.0,0.0,16,0.6294,
1,100,-986,0.0,0.0,16,0.6294,
0,96,-1540,0.0,0.0,-6,0.2344,
0,97,-1440,0.0,0.0,-6,0.2344,
0,98,-1560,0.0,0.0,-4,0.2354,
0,99,-1590,0.0,0.0,-4,0.2354,
0,100,-1626,0.0,0.0,-4,0.2354,
0,96,-965,0.0,0.0,8,-0.031,
0,97,-951,0.0,0.0,9,-0.0316,
0,98,-954,0.0,0.0,9,-0.0316,
0,99,-957,0.0,0.0,9,-0.0396,
0,100,-957,0.0,0.0,9,-0.0396,
0,96,68,0.0,0.0,10,0.3983,
0,97,154,0.0,0.0,10,0.3983,
0,98,168,0.0,0.0,10,0.3983,
0,99,198,0.0,0.0,10,0.3983,
0,100,218,0.0,0.0,10,0.3983,
1,96,-777,0.0,0.0,-8,0.2395,
1,97,-793,0.0,0.0,-8,0.2395,
1,98,-793,0.0,0.0,-8,0.2395,
1,99,-801,0.0,0.0,-8,0.2395,
1,100,-809,0.0,0.0,-8,0.2395,
0,96,-43,6.8,0.0,14,0.5618,
0,97,12,9.0,0.0,14,0.5618,
0,98,88,9.8,0.0,14,0.5618,
0,99,-35,10.0,0.0,14,0.5618,
0,100,-51,0.0,0.0,14,0.5618,
0,96,-1606,0.0,0.0,-3,0.4977,
0,97,-1638,0.0,0.0,-3,0.4977,
0,98,-1670,0.0,0.0,1,0.5044,
0,99,-1702,0.0,0.0,4,0.5105,
0,100,-1725,0.0,0.0,4,0.5154,
0,96,-602,0.0,0.0,-10,0.1967,
0,97,-622,0.0,0.0,-10,0.2256,
0,98,-762,0.0,0.0,-10,0.23,
0,99,-790,0.0,0.0,-10,0.23,
0,100,-1318,0.0,0.0,-10,0.23,
