0,141,161,0,0,32,0.5365,
0,142,196,0,0,32,0.5365,
0,143,215,0,0,33,0.5399,
0,144,235,0,0,34,0.5391,
0,145,254,0,0,35,0.5391,
0,141,438,0,0,34,0.3395,
0,142,442,0,0,34,0.3395,
0,143,446,0,0,34,0.3395,
0,144,462,0,0,34,0.3395,
0,145,462,0,0,34,0.3395,
1,141,-809,0,0,-32,-0.3461,
1,142,-809,0,0,-32,-0.3461,
1,143,-701,0,0,-30,-0.3428,
1,144,-694,0,0,-29,-0.3385,
1,145,-664,0,0,-29,-0.337,
0,141,1093,0,0,3,-0.0257,
0,142,989,0,0,3,-0.0251,
0,143,1007,0,0,4,-0.0129,
0,144,1018,0,0,3,-0.0045,
0,145,1011,0,0,2,-0.0011,
1,141,-260,0,0,12,0.1795,
1,142,-369,0,0,15,0.1825,
1,143,-345,0,0,16,0.1855,
1,144,-337,0,0,16,0.1855,
1,145,-329,0,0,16,0.1855,
1,141,-1450,0,0,-36,-0.606,
1,142,-1474,0,0,-36,-0.606,
1,143,-1504,0,0,-36,-0.606,
1,144,-1524,0,0,-36,-0.606,
1,145,-1536,0,0,-36,-0.606,
1,141,-460,0,0,-8,-0.0614,
1,142,-488,0,0,-8,-0.0614,
1,143,-515,0,0,-7,-0.0685,
1,144,-517,0,0,-7,-0.0694,
1,145,-513,0,0,-6,-0.0669,
0,141,1425,0,0,35,0.5305,
0,142,1438,0,0,35,0.542,
0,143,1552,0,0,35,0.548,
0,144,1566,0,0,34,0.5518,
0,145,1684,0,0,34,0.5518,
0,141,660,0,0,37,0.6756,
0,142,543,0,0,37,0.6719,
0,143,51,0,0,37,0.6719,
0,144,58,0,0,37,0.6719,
0,145,65,0,0,37,0.6719,
1,141,-489,0,0,-29,-0.2163,
1,142,-473,0,0,-29,-0.2163,
1,143,-457,0,0,-29,-0.2163,
1,144,63,0,0,-29,-0.2163,
1,145,76,0,0,-29,-0.2163,
1,141,-267,0,0,-16,-0.3279,
1,142,-267,0,0,-15,-0.3084,
1,143,-277,0,0,-15,-0.2892,
1,144,-270,0,0,-12,-0.2713,
1,145,-263,0,0,-11,-0.2628,
1,141,-1418,0,0,-36,-0.4483,
1,142,-918,0,0,-36,-0.4483,
1,143,-918,0,0,-36,-0.4483,
1,144,-906,0,0,-36,-0.4483,
1,145,-806,0,0,-36,-0.4483,
1,141,-1936,0,0,-45,-0.6784,
1,142,-1948,0,0,-45,-0.688,
1,143,-1945,0,0,-47,-0.6951,
1,144,-1959,0,0,-47,-0.697,
1,145,-1984,0,0,-47,-0.697,
0,141,416,0,0,3,0.0921,
0,142,436,0,0,3,0.0921,
0,143,424,0,0,3,0.0921,
0,144,432,0,0,3,0.0921,
0,145,440,0,0,3,0.099,
1,141,-1493,0,0,-11,-0.2252,
1,142,-1262,0,0,-11,-0.2252,
1,143,-1246,0,0,-11,-0.2252,
1,144,-1230,0,0,-11,-0.2252,
1,145,-1222,0,0,-11,-0.2252,
0,141,299,0,0,24,0.4809,
0,142,398,0,0,24,0.4775,
0,143,403,0,0,25,0.4836,
0,144,409,0,0,25,0.4921,
0,145,409,0,0,26,0.4971,
0,141,150,0,0,23,0.3728,
0,142,670,0,0,22,0.3765,
0,143,682,0,0,22,0.3803,
0,144,695,0,0,22,0.3839,
0,145,706,0,0,23,0.3891,
0,141,262,0,0,26,0.4275,
0,142,263,0,0,25,0.4281,
0,143,263,0,0,24,0.4245,
0,144,271,0,0,24,0.4241,
0,145,255,0,0,24,0.4241,
1,141,-551,0,0,-21,-0.3704,
1,142,-541,0,0,-21,-0.37,
1,143,-434,0,0,-18,-0.3715,
1,144,-340,0,0,-18,-0.3715,
1,145,-444,0,0,-18,-0.3715,
1,141,-596,0,0,-22,-0.3347,
1,142,-576,0,0,-22,-0.3347,
1,143,-460,0,0,-22,-0.3347,
1,144,-460,0,0,-22,-0.3347,
1,145,-459,0,0,-22,-0.3375,
0,141,470,0,0,16,0.3619,
0,142,496,0,0,16,0.3649,
0,143,514,0,0,16,0.3649,
0,144,402,0,0,16,0.3649,
0,145,406,0,0,16,0.3649,
1,141,176,0,0,-2,-0.0166,
1,142,168,0,0,-2,-0.0166,
1,143,271,0,0,-2,-0.0162,
1,144,265,0,0,-2,-0.0162,
1,145,265,0,0,-2,-0.0162,
1,141,-318,0,0,-2,-0.1213,
1,142,-426,0,0,-2,-0.1213,
1,143,-426,0,0,-2,-0.1213,
1,144,-420,0,0,-3,-0.1191,
1,145,-521,0,0,-3,-0.1156,
0,141,29,0,0,9,0.0642,
0,142,21,0,0,8,0.0606,
0,143,6,0,0,8,0.0652,
0,144,-9,0,0,8,0.0648,
0,145,83,0,0,8,0.0645,
1,141,-790,0,0,-7,-0.0253,
1,142,-898,0,0,-7,-0.0253,
1,143,-1012,0,0,-7,-0.0253,
1,144,-1026,0,0,-7,-0.0253,
1,145,-1034,0,0,-7,-0.0253,
1,141,-389,0,0,-11,-0.3043,
1,142,-382,0,0,-12,-0.2988,
1,143,-396,0,0,-13,-0.2972,
1,144,-411,0,0,-13,-0.3012,
1,145,-536,0,0,-13,-0.3052,
1,141,56,0,0,-18,-0.3691,
1,142,78,0,0,-18,-0.3691,
1,143,64,0,0,-18,-0.3691,
1,144,50,0,0,-18,-0.3625,
1,145,44,0,0,-19,-0.3605,
1,141,-638,0,-36.000000,-3,0.0491,
1,142,-652,0,-38.400000,-3,0.0491,
1,143,-680,0,-40.800000,-3,0.0475,
1,144,-606,0,-43.200000,-3,0.0459,
1,145,-626,0,-45.600000,-3,0.0459,
1,141,-773,0,0,-27,-0.3055,
1,142,-783,0,0,-27,-0.3055,
1,143,-794,0,0,-27,-0.2995,
1,144,-805,0,0,-27,-0.2975,
1,145,-818,0,0,-26,-0.2965,
1,141,-232,0,0,6,0.177,
1,142,-244,0,0,6,0.177,
1,143,-146,0,0,8,0.1846,
1,144,-146,0,0,8,0.1846,
1,145,-128,0,0,13,0.2065,
0,141,687,0,0,11,0.0829,
0,142,797,0,0,11,0.0829,
0,143,682,0,0,11,0.0829,
0,144,791,0,0,11,0.0829,
0,145,900,0,0,11,0.0829,
0,141,238,0,0,5,0.234,
0,142,235,0,0,5,0.234,
0,143,334,0,0,5,0.234,
0,144,331,0,0,6,0.234,
0,145,328,0,0,6,0.2394,
1,141,197,0,0,20,0.2287,
1,142,189,0,0,20,0.2287,
1,143,189,0,0,20,0.2287,
1,144,173,0,0,20,0.2287,
1,145,157,0,0,20,0.2287,
1,141,-490,0,0,-37,-0.5421,
1,142,-501,0,0,-37,-0.5472,
1,143,-522,0,0,-38,-0.551,
1,144,-578,0,0,-38,-0.551,
1,145,-618,0,0,-38,-0.551,
1,141,-89,0,0,-2,0.108,
1,142,-83,0,0,-2,0.108,
1,143,-77,0,0,-2,0.108,
1,144,-179,0,0,-2,0.108,
1,145,-173,0,0,-2,0.108,
1,141,-450,0,0,-5,-0.2026,
1,142,-445,0,0,-5,-0.2026,
1,143,-426,0,0,-5,-0.2026,
1,144,-542,0,0,-5,-0.2026,
1,145,-654,0,0,-5,-0.2026,
0,141,1616,0,0,21,0.2775,
0,142,1615,0,0,21,0.2775,
0,143,1622,0,0,21,0.2775,
0,144,1643,0,0,21,0.2775,
0,145,1756,0,0,21,0.2775,
1,141,-138,0,0,-2,0.0014,
1,142,-147,0,0,-2,-0.002,
1,143,-157,0,0,-2,0.0128,
1,144,-159,0,0,-3,0.0271,
1,145,-169,0,0,-3,0.0379,
0,141,-21,0,0,1,-0.0055,
0,142,51,0,0,1,0.007,
0,143,15,0,0,1,0.007,
0,144,519,0,0,1,0.007,
0,145,529,0,0,1,0.0154,
1,141,-1314,0,0,-48,-0.5408,
1,142,-1360,0,0,-48,-0.5408,
1,143,-1406,0,0,-48,-0.5408,
1,144,-1438,0,0,-48,-0.5408,
1,145,-1454,0,0,-48,-0.5408,
0,141,585,0,0,1,0.0121,
0,142,607,0,0,1,0.0052,
0,143,521,0,0,1,0.0052,
0,144,527,0,0,1,0.0052,
0,145,625,0,0,1,0.0052,
1,141,-294,0,0,-7,0.0489,
1,142,-320,0,0,-7,0.0489,
1,143,-327,0,0,-7,0.0489,
1,144,-318,0,0,-7,0.0489,
1,145,-289,0,0,-7,0.0489,
0,141,1315,0,0,12,0.3559,
0,142,1335,0,0,12,0.3559,
0,143,1365,0,0,12,0.3559,
0,144,1275,0,0,12,0.3559,
0,145,1285,0,0,12,0.3559,
0,141,-109,0,0,13,0.297,
0,142,-102,0,0,14,0.3063,
0,143,-205,0,0,15,0.3105,
0,144,-209,0,0,15,0.3082,
0,145,-104,0,0,15,0.3026,
1,141,-1259,0,0,-48,-0.9111,
1,142,-1267,0,0,-48,-0.9111,
1,143,-1275,0,0,-48,-0.9111,
1,144,-1291,0,0,-48,-0.9148,
1,145,-1307,0,0,-48,-0.926,
0,141,278,0,0,11,0.2192,
0,142,303,0,0,11,0.2165,
0,143,322,0,0,11,0.2165,
0,144,347,0,0,11,0.2165,
0,145,363,0,0,11,0.2165,
0,141,410,0,0,12,0.1781,
0,142,514,0,0,12,0.1785,
0,143,518,0,0,12,0.1877,
0,144,414,0,0,11,0.1967,
0,145,418,0,0,11,0.1983,
1,141,-646,0,0,15,-0.0434,
1,142,-675,0,0,15,-0.0434,
1,143,-748,0,0,15,-0.0434,
1,144,-717,0,0,15,-0.0374,
1,145,-812,0,0,15,-0.0314,
0,141,-155,0,0,-7,-0.1529,
0,142,-154,0,0,-7,-0.147,
0,143,-173,0,0,-7,-0.1468,
0,144,-77,0,0,-7,-0.1468,
0,145,-89,0,0,-7,-0.1468,
1,141,369,0,0,-5,0.0281,
1,142,586,0,0,-6,0.0236,
1,143,699,0,0,-7,0.0201,
1,144,-293,0,0,-7,0.0228,
1,145,-298,0,0,-7,0.0228,
1,141,-585,0,0,3,0.0188,
1,142,-569,0,0,3,0.0188,
1,143,-674,0,0,3,0.0188,
1,144,-673,0,0,3,0.0188,
1,145,-684,0,0,3,0.0188,
1,141,209,0,0,10,0.0253,
1,142,208,0,0,10,0.0254,
1,143,222,0,0,10,0.0274,
1,144,236,0,0,10,0.0294,
1,145,252,0,0,10,0.0314,
0,141,1813,0,0,28,0.4335,
0,142,1821,0,0,29,0.4391,
0,143,1826,0,0,29,0.442,
0,144,1832,0,0,29,0.4463,
0,145,1837,0,0,29,0.4492,
1,141,81,0,0,12,0.1714,
1,142,-538,0,0,12,0.1713,
1,143,-542,0,0,12,0.1713,
1,144,-546,0,0,12,0.1713,
1,145,-538,0,0,12,0.1713,
0,141,957,0,0,16,0.0114,
0,142,841,0,0,16,0.0114,
0,143,856,0,0,14,0.01,
0,144,881,0,0,14,0.0119,
0,145,909,0,0,15,0.0312,
1,141,44,0,0,6,-0.1323,
1,142,51,0,0,6,-0.1371,
1,143,48,0,0,7,-0.1408,
1,144,28,0,0,8,-0.1415,
1,145,40,0,0,7,-0.1406,
0,141,475,0,0,2,0.1205,
0,142,458,0,0,2,0.1204,
0,143,424,0,0,2,0.1072,
0,144,286,0,0,2,0.0982,
0,145,256,0,0,2,0.0893,
1,141,-718,0,0,9,0.0177,
1,142,-729,0,0,9,0.0177,
1,143,-728,0,0,9,0.0177,
1,144,-728,0,0,7,0.0137,
1,145,-715,0,0,7,0.013,
1,141,112,0,0,-11,-0.1045,
1,142,85,0,0,-8,-0.1185,
1,143,70,0,0,-9,-0.1197,
1,144,47,0,0,-12,-0.1325,
1,145,34,0,0,-13,-0.1318,
0,141,139,0,0,-24,-0.5122,
0,142,110,0,0,-24,-0.5139,
0,143,94,0,0,-24,-0.5139,
0,144,78,0,0,-24,-0.5139,
0,145,70,0,0,-24,-0.5139,
1,141,-717,0,0,-25,-0.2149,
1,142,-836,0,0,-23,-0.2141,
1,143,-834,0,0,-23,-0.2107,
1,144,-821,0,0,-24,-0.209,
1,145,-706,0,0,-23,-0.205,
1,141,-111,0,0,-29,-0.2434,
1,142,-111,0,0,-28,-0.2334,
1,143,-120,0,0,-28,-0.2246,
1,144,-121,0,0,-25,-0.2133,
1,145,-120,0,0,-24,-0.2225,
0,141,67,0,0,2,-0.238,
0,142,163,0,0,1,-0.246,
0,143,637,0,0,2,-0.2485,
0,144,630,0,0,2,-0.2488,
0,145,526,0,0,2,-0.2488,
1,141,-845,0,0,9,0.319,
1,142,-798,0,0,9,0.3248,
1,143,-678,0,0,8,0.3208,
1,144,-680,0,0,7,0.3171,
1,145,-681,0,0,8,0.3179,
0,141,740,0,0,-3,-0.1921,
0,142,756,0,0,-1,-0.2002,
0,143,867,0,0,-3,-0.2179,
0,144,986,0,0,-3,-0.2171,
0,145,992,0,0,-3,-0.2171,
1,141,-140,0,0,4,0.1124,
1,142,-140,0,0,4,0.1171,
1,143,-125,0,0,-1,0.0985,
1,144,-108,0,0,0,0.102,
1,145,-217,0,0,2,0.1027,
0,141,706,0,0,29,0.4866,
0,142,598,0,0,29,0.4866,
0,143,600,0,0,29,0.4866,
0,144,721,0,0,29,0.4866,
0,145,842,0,0,29,0.4866,
0,141,116,0,0,23,0.1143,
0,142,112,0,0,23,0.119,
0,143,100,0,0,23,0.119,
0,144,88,0,0,23,0.119,
0,145,76,0,0,23,0.119,
0,141,176,0,0,3,0.238,
0,142,160,0,0,3,0.238,
0,143,144,0,0,3,0.238,
0,144,144,0,0,3,0.238,
0,145,35,0,0,4,0.238,
1,141,-1141,0,0,-34,-0.388,
1,142,-1055,0,0,-34,-0.388,
1,143,-1069,0,0,-34,-0.388,
1,144,-1063,0,0,-34,-0.388,
1,145,-1057,0,0,-34,-0.388,
1,141,-1122,0,0,-13,-0.2191,
1,142,-1131,0,0,-13,-0.2191,
1,143,-1130,0,0,-13,-0.2191,
1,144,-1129,0,0,-13,-0.2191,
1,145,-1108,0,0,-13,-0.2191,
1,141,73,0,0,7,-0.064,
1,142,69,0,0,7,-0.0669,
1,143,65,0,0,7,-0.0699,
1,144,61,0,0,7,-0.0728,
1,145,-47,0,0,7,-0.0758,
0,141,758,0,0,-4,-0.2528,
0,142,766,0,0,-4,-0.2498,
0,143,160,0,0,-4,-0.2469,
0,144,176,0,0,-4,-0.2469,
0,145,200,0,0,-4,-0.2469,
1,141,-904,0,0,4,0.0838,
1,142,-905,0,0,4,0.0836,
1,143,-906,0,0,4,0.0836,
1,144,-907,0,0,4,0.0836,
1,145,-931,0,0,4,0.0726,
0,141,1375,0,0,55,0.5037,
0,142,1391,0,0,55,0.5037,
0,143,1523,0,0,55,0.5037,
0,144,1551,0,0,55,0.5037,
0,145,1579,0,0,55,0.5037,
0,141,1232,0,0,23,0.1243,
0,142,1115,0,0,23,0.1224,
0,143,1083,0,0,23,0.1224,
0,144,1067,0,0,23,0.1224,
0,145,1091,0,0,22,0.1189,
0,141,305,0,0,10,0.1135,
0,142,298,0,0,9,0.1145,
0,143,327,0,0,8,0.1155,
0,144,455,0,0,6,0.1147,
0,145,455,0,0,7,0.1137,
1,141,-134,0,0,-6,-0.0669,
1,142,-119,0,0,-8,-0.0709,
1,143,-3,0,0,-10,-0.0759,
1,144,-95,0,0,-12,-0.0809,
1,145,-90,0,0,-11,-0.0839,
1,141,-1184,0,-33.600000,-21,-0.3537,
1,142,-1291,0,-33.600000,-21,-0.3543,
1,143,-1304,0,-33.600000,-21,-0.3602,
1,144,-1440,0,-36.000000,-23,-0.3741,
1,145,-1454,0,0,-23,-0.3741,
1,141,-937,0,0,-13,-0.4351,
1,142,-913,0,0,-13,-0.4351,
1,143,-983,0,0,-13,-0.4351,
1,144,-886,0,0,-13,-0.4353,
1,145,-891,0,0,-14,-0.4489,
1,141,-845,9.000000,-7.400000,-30,-0.6509,
1,142,-815,11.400000,-6.200000,-30,-0.6509,
1,143,-803,11.400000,0,-30,-0.6509,
1,144,-786,11.400000,0,-31,-0.6501,
1,145,-768,11.400000,0,-31,-0.6517,
1,141,-519,0,0,-3,-0.2454,
1,142,-550,0,0,-3,-0.2454,
1,143,-664,0,0,-4,-0.2454,
1,144,-675,0,0,-6,-0.2482,
1,145,-672,0,0,-6,-0.2459,
0,141,951,0,0,14,0.3879,
0,142,973,0,0,14,0.3879,
0,143,910,0,0,14,0.3879,
0,144,1037,0,0,14,0.3926,
0,145,1058,0,0,14,0.3988,
0,141,1272,0,0,17,0.6746,
0,142,1298,0,0,18,0.6746,
0,143,1309,0,0,19,0.6694,
0,144,1293,0,0,19,0.6694,
0,145,1285,0,0,19,0.6694,
1,141,-1065,0,0,-17,-0.3898,
1,142,-565,0,0,-17,-0.4026,
1,143,-565,0,0,-17,-0.4156,
1,144,-549,0,0,-17,-0.4196,
1,145,-658,0,0,-17,-0.4236,
0,141,414,0,0,-5,0.1505,
0,142,415,0,0,-5,0.1534,
0,143,409,0,0,-4,0.1585,
0,144,402,0,0,-3,0.1678,
0,145,395,0,0,-3,0.1678,
0,141,670,0,0,14,0.2473,
0,142,633,0,0,14,0.2459,
0,143,692,0,0,14,0.2467,
0,144,653,0,0,14,0.2467,
0,145,622,0,0,14,0.2467,
0,141,834,0,0,5,0.0246,
0,142,709,0,0,5,0.0251,
0,143,690,0,0,5,0.0181,
0,144,1207,0,0,5,0.0125,
0,145,1223,0,0,5,0.0125,
0,141,-142,0,0,4,0.1705,
0,142,-242,0,0,4,0.1705,
0,143,-234,0,0,4,0.1705,
0,144,-108,0,0,3,0.1668,
0,145,-78,0,0,3,0.1668,
1,141,-175,0,0,-16,-0.3967,
1,142,-174,0,0,-16,-0.3967,
1,143,-176,0,0,-16,-0.3967,
1,144,-194,0,0,-16,-0.3967,
1,145,-196,0,0,-16,-0.3967,
1,141,-814,0,0,-28,-0.3494,
1,142,-804,0,0,-28,-0.3494,
1,143,-802,0,0,-28,-0.3494,
1,144,-821,0,0,-28,-0.3535,
1,145,-738,0,0,-28,-0.3609,
0,141,416,0,0,36,0.5235,
0,142,415,0,0,32,0.5163,
0,143,413,0,0,30,0.5133,
0,144,428,0,0,30,0.507,
0,145,468,0,0,31,0.5067,
1,141,-393,0,0,-9,-0.1291,
1,142,-409,0,0,-8,-0.1279,
1,143,-432,0,0,-8,-0.1268,
1,144,-463,0,0,-8,-0.1251,
1,145,-464,0,0,-8,-0.1289,
0,141,1674,0,0,22,0.5102,
0,142,1680,0,0,22,0.5111,
0,143,1680,0,0,22,0.5111,
0,144,1680,0,0,22,0.5111,
0,145,1680,0,0,21,0.5132,
0,141,66,0,-32.000000,15,0.2299,
0,142,54,0,-34.400000,15,0.2299,
0,143,-65,0,-36.800000,15,0.2329,
0,144,39,0,-39.200000,15,0.2329,
0,145,43,0,-41.600000,15,0.2329,
0,141,437,0,0,21,0.0217,
0,142,551,0,0,21,0.0217,
0,143,573,0,0,21,0.0217,
0,144,1102,0,0,21,0.0217,
0,145,1136,0,0,21,0.0217,
1,141,-445,0,0,-36,-0.6089,
1,142,-453,0,0,-36,-0.6089,
1,143,-455,0,0,-36,-0.6089,
1,144,-381,0,0,-36,-0.6089,
1,145,-409,0,0,-36,-0.6089,
1,141,-806,0,0,-8,0.1111,
1,142,-806,0,0,-8,0.1111,
1,143,-822,0,0,-8,0.1111,
1,144,-812,0,0,-8,0.1111,
1,145,-714,0,0,-8,0.1138,
0,141,1178,0,0,37,0.6809,
0,142,685,0,0,37,0.6809,
0,143,598,0,0,37,0.6809,
0,144,724,0,0,38,0.6784,
0,145,857,0,0,38,0.6784,
0,141,118,0,0,-5,-0.0834,
0,142,118,0,0,-4,-0.0834,
0,143,214,0,0,-4,-0.0813,
0,144,207,0,0,-6,-0.0826,
0,145,704,0,0,-6,-0.084,
0,141,220,0,0,24,0.4635,
0,142,268,0,0,22,0.4573,
0,143,312,0,0,23,0.4541,
0,144,339,0,0,23,0.4511,
0,145,454,0,0,23,0.45,
0,141,1037,0,0,24,0.2348,
0,142,1145,0,0,25,0.2231,
0,143,1149,0,0,25,0.2231,
0,144,633,0,0,25,0.2231,
0,145,625,0,0,24,0.2162,
1,141,-749,0,0,-31,-0.4414,
1,142,-850,0,0,-31,-0.4451,
1,143,-748,0,0,-31,-0.4451,
1,144,-649,0,0,-31,-0.4451,
1,145,-730,0,0,-31,-0.4451,
1,141,-1124,0,0,-32,-0.5706,
1,142,-1103,0,0,-32,-0.5706,
1,143,-1114,0,0,-32,-0.5706,
1,144,-1126,0,0,-33,-0.5736,
1,145,-1038,0,0,-36,-0.5839,
1,141,-264,0,0,0,0.1035,
1,142,-240,0,0,0,0.1035,
1,143,-132,0,0,0,0.1035,
1,144,-152,0,0,0,0.1035,
1,145,-172,0,0,0,0.1035,
0,141,249,0,0,1,0.2174,
0,142,135,0,0,1,0.2161,
0,143,25,0,0,0,0.2118,
0,144,134,0,0,0,0.2103,
0,145,252,0,0,0,0.2103,
1,141,-337,0,0,10,0.1858,
1,142,-818,0,0,10,0.1822,
1,143,-813,0,0,10,0.1822,
1,144,-814,0,0,10,0.1822,
1,145,-815,0,0,10,0.1822,
1,141,-1703,0,0,-47,-0.655,
1,142,-1812,0,0,-48,-0.6578,
1,143,-1820,0,0,-48,-0.6578,
1,144,-1836,0,0,-48,-0.6578,
1,145,-1860,0,0,-48,-0.6616,
0,141,180,0,0,27,0.4599,
0,142,172,0,0,29,0.461,
0,143,189,0,0,28,0.4621,
0,144,207,0,0,28,0.4716,
0,145,223,0,0,28,0.4716,
1,141,-1161,0,0,-37,-0.5099,
1,142,-1167,0,0,-37,-0.5099,
1,143,-1163,0,0,-37,-0.5099,
1,144,-1162,0,0,-37,-0.5099,
1,145,-1256,0,0,-37,-0.5099,
0,141,247,0,0,21,0.3176,
0,142,235,0,0,21,0.3295,
0,143,323,0,0,21,0.339,
0,144,313,0,0,21,0.3539,
0,145,318,0,0,21,0.3698,
0,141,757,0,-6.000000,29,0.4704,
0,142,758,0,-9.200000,29,0.4713,
0,143,757,0,-12.400000,29,0.4713,
0,144,870,0,-15.600000,29,0.471,
0,145,877,0,-18.800000,30,0.4714,
0,141,206,0,0,-1,-0.1759,
0,142,214,0,0,-1,-0.1759,
0,143,208,0,0,-1,-0.1797,
0,144,194,0,0,-1,-0.1797,
0,145,170,0,0,-1,-0.1797,
0,141,574,0,0,24,0.383,
0,142,570,0,0,24,0.383,
0,143,678,0,0,24,0.3878,
0,144,782,0,0,26,0.3917,
0,145,782,0,0,26,0.3927,
0,141,910,0,0,-1,-0.0231,
0,142,901,0,0,-2,-0.0279,
0,143,900,0,0,-2,-0.0404,
0,144,908,0,0,-4,-0.0387,
0,145,916,0,0,-4,-0.0189,
1,141,-1058,0,0,-15,-0.5009,
1,142,-1065,0,0,-16,-0.5019,
1,143,-1072,0,0,-16,-0.5049,
1,144,-967,0,0,-19,-0.5019,
1,145,-986,0,0,-20,-0.4989,
0,141,729,0,0,9,0.0203,
0,142,737,0,0,9,0.0203,
0,143,749,0,0,9,0.0203,
0,144,773,0,0,9,0.0214,
0,145,761,0,0,9,0.0214,
0,141,-11,0,0,18,0.2881,
0,142,29,0,0,18,0.2721,
0,143,29,0,0,18,0.2561,
0,144,-387,0,0,19,0.2437,
0,145,-304,0,0,19,0.2425,
0,141,878,0,0,6,0.2437,
0,142,866,0,0,6,0.2437,
0,143,868,0,0,6,0.241,
0,144,856,0,0,6,0.241,
0,145,849,0,0,6,0.241,
0,141,297,0,0,9,0.1311,
0,142,281,0,0,9,0.1294,
0,143,273,0,0,9,0.1294,
0,144,281,0,0,9,0.1294,
0,145,287,0,0,9,0.1274,
1,141,54,0,0,-9,0.0803,
1,142,26,0,0,-9,0.068,
1,143,103,0,0,-7,0.0671,
1,144,96,0,0,-8,0.0713,
1,145,-30,0,0,-8,0.074,
0,141,403,0,0,14,0.2939,
0,142,403,0,0,14,0.2939,
0,143,403,0,0,14,0.2905,
0,144,302,0,0,14,0.2871,
0,145,207,0,0,15,0.2836,
1,141,-674,0,0,-26,-0.363,
1,142,-698,0,0,-26,-0.364,
1,143,-712,0,0,-26,-0.364,
1,144,-713,0,0,-26,-0.3635,
1,145,-730,0,0,-26,-0.3676,
0,141,1038,0,0,33,0.5762,
0,142,1054,0,0,35,0.5797,
0,143,1082,0,0,35,0.5797,
0,144,1110,0,0,35,0.5797,
0,145,1138,0,0,35,0.5797,
1,141,-507,0,0,-10,-0.255,
1,142,-495,0,0,-13,-0.2619,
1,143,-490,0,0,-15,-0.2721,
1,144,-485,0,0,-15,-0.2807,
1,145,-480,0,0,-15,-0.2857,
1,141,-873,0,0,-20,-0.3355,
1,142,-876,0,0,-20,-0.3355,
1,143,-882,0,0,-18,-0.3392,
1,144,-903,0,0,-18,-0.3443,
1,145,-925,0,0,-18,-0.347,
1,141,-981,0,0,-17,-0.2068,
1,142,-1100,0,0,-17,-0.2068,
1,143,-1144,0,0,-17,-0.2068,
1,144,-1174,0,0,-17,-0.2068,
1,145,-1173,0,0,-17,-0.2068,
0,141,292,0,0,14,0.0822,
0,142,306,0,0,13,0.0781,
0,143,195,0,0,13,0.0781,
0,144,169,0,0,13,0.0781,
0,145,193,0,0,13,0.0781,
1,141,-849,0,0,0,-0.0994,
1,142,-834,0,0,1,-0.0974,
1,143,-813,0,0,1,-0.0896,
1,144,-667,0,0,1,-0.0889,
1,145,-643,0,0,1,-0.0889,
1,141,-519,0,0,-34,-0.5599,
1,142,-507,0,0,-37,-0.5527,
1,143,-504,0,0,-39,-0.5501,
1,144,-522,0,0,-40,-0.5441,
1,145,-547,0,0,-40,-0.5441,
1,141,-223,0,0,-8,-0.0992,
1,142,-226,0,0,-8,-0.102,
1,143,-229,0,0,-6,-0.1047,
1,144,-243,0,0,-6,-0.1047,
1,145,-269,0,0,-6,-0.1047,
1,141,-1078,0,0,-29,-0.617,
1,142,-1204,0,0,-29,-0.6178,
1,143,-1215,0,0,-29,-0.618,
1,144,-1113,0,0,-29,-0.618,
1,145,-1131,0,0,-29,-0.618,
0,141,945,0,0,17,0.3602,
0,142,937,0,0,17,0.3602,
0,143,929,0,0,17,0.3596,
0,144,921,0,0,17,0.3589,
0,145,922,0,0,17,0.3579,
1,141,224,0,0,-34,-0.482,
1,142,-279,0,0,-34,-0.5071,
1,143,-279,0,0,-34,-0.5191,
1,144,-295,0,0,-34,-0.5191,
1,145,-303,0,0,-33,-0.5191,
0,141,337,0,0,24,0.4303,
0,142,439,0,0,24,0.4303,
0,143,429,0,0,24,0.4309,
0,144,536,0,0,23,0.4322,
0,145,545,0,0,23,0.4322,
0,141,169,0,0,8,0.089,
0,142,67,0,0,8,0.088,
0,143,186,0,0,8,0.088,
0,144,197,0,0,8,0.088,
0,145,194,0,0,8,0.088,
0,141,1444,0,0,45,0.7711,
0,142,1444,0,0,45,0.7711,
0,143,1444,0,0,45,0.7711,
0,144,1454,0,0,45,0.7711,
0,145,1464,0,0,45,0.7711,
1,141,-1149,0,0,-17,-0.045,
1,142,-1158,0,0,-14,-0.0481,
1,143,-1159,0,0,-15,-0.0676,
1,144,-1166,0,0,-16,-0.0802,
1,145,-1168,0,0,-16,-0.0797,
0,141,430,0,0,33,0.8394,
0,142,412,0,0,32,0.8387,
0,143,414,0,0,32,0.8399,
0,144,415,0,0,32,0.8399,
0,145,438,0,0,32,0.8399,
1,141,-288,0,0,1,0.1849,
1,142,-304,0,0,1,0.1849,
1,143,-194,0,0,1,0.1849,
1,144,-196,0,0,1,0.1849,
1,145,-214,0,0,1,0.1849,
1,141,-816,0,0,-17,-0.4398,
1,142,-1308,0,0,-17,-0.4398,
1,143,-1292,0,0,-20,-0.4468,
1,144,-1284,0,0,-20,-0.4468,
1,145,-1276,0,0,-20,-0.4468,
1,141,-1264,0,-37.400000,-3,-0.0185,
1,142,-1267,0,-36.000000,-3,-0.0185,
1,143,-1345,0,-34.600000,-4,-0.0151,
1,144,-1313,0,-33.200000,-5,-0.0164,
1,145,-1303,0,-33.200000,-5,-0.0164,
0,141,-124,0,0,-4,0.164,
0,142,374,0,0,-4,0.1687,
0,143,371,0,0,-4,0.1753,
0,144,476,0,0,-4,0.1752,
0,145,448,0,0,-4,0.1752,
1,141,-559,0,0,-22,-0.1339,
1,142,-565,0,0,-22,-0.1339,
1,143,-677,0,0,-22,-0.1339,
1,144,-682,0,0,-22,-0.1339,
1,145,-688,0,0,-22,-0.1398,
1,141,-920,0,0,-6,-0.0011,
1,142,-908,0,0,-6,-0.0011,
1,143,-914,0,0,-5,0.0024,
1,144,-912,0,0,-4,0.006,
1,145,-918,0,0,-4,0.006,
0,141,278,0,0,21,0.1699,
0,142,286,0,0,21,0.1716,
0,143,379,0,0,22,0.1763,
0,144,363,0,0,23,0.1822,
0,145,363,0,0,23,0.1832,
0,141,243,0,0,13,0.1328,
0,142,255,0,0,13,0.1328,
0,143,181,0,0,13,0.1328,
0,144,177,0,0,13,0.1328,
0,145,203,0,0,12,0.1295,
1,141,-126,0,0,-16,-0.1415,
1,142,-110,0,0,-16,-0.1377,
1,143,-94,0,0,-16,-0.134,
1,144,-218,0,0,-16,-0.1303,
1,145,-116,0,0,-15,-0.1278,
0,141,-12,0,0,-5,0.0415,
0,142,-22,0,0,-5,0.0415,
0,143,-27,0,0,-6,0.0322,
0,144,80,0,0,-4,0.0245,
0,145,100,0,0,-2,0.0255,
0,141,657,0,0,19,0.3912,
0,142,650,0,0,20,0.3982,
0,143,669,0,0,20,0.4031,
0,144,685,0,0,20,0.4031,
0,145,693,0,0,20,0.4031,
0,141,172,0,0,-20,-0.5293,
0,142,151,0,0,-21,-0.5274,
0,143,130,0,0,-21,-0.5273,
0,144,507,0,0,-21,-0.5389,
0,145,505,0,0,-21,-0.5498,
0,141,760,0,0,6,0.068,
0,142,770,0,0,6,0.068,
0,143,773,0,0,6,0.068,
0,144,812,0,0,6,0.068,
0,145,835,0,0,6,0.068,
0,141,394,0,0,11,0.161,
0,142,392,0,0,11,0.1644,
0,143,407,0,0,11,0.1651,
0,144,421,0,0,11,0.1685,
0,145,527,0,0,11,0.1719,
1,141,-210,0,0,1,0.2473,
1,142,-218,0,0,2,0.252,
1,143,-226,0,0,2,0.249,
1,144,-225,0,0,2,0.2461,
1,145,-97,0,0,2,0.2431,
1,141,178,0,0,-11,-0.1719,
1,142,283,0,0,-10,-0.1822,
1,143,301,0,0,-11,-0.1822,
1,144,102,0,0,-10,-0.1762,
1,145,104,0,0,-8,-0.1772,
1,141,-581,0,-4.000000,-32,-0.3091,
1,142,-616,0,-7.200000,-32,-0.3123,
1,143,-744,0,-7.200000,-32,-0.3123,
1,144,-744,0,-7.200000,-32,-0.3123,
1,145,-728,0,-7.200000,-32,-0.3123,
0,141,132,0,0,-5,-0.0375,
0,142,117,0,0,-5,-0.0295,
0,143,10,0,0,-6,-0.0218,
0,144,15,0,0,-6,-0.0303,
0,145,19,0,0,-6,-0.0359,
0,141,-312,0,0,-9,-0.0439,
0,142,-295,0,0,-11,-0.043,
0,143,-277,0,0,-11,-0.043,
0,144,-259,0,0,-10,-0.0484,
0,145,257,0,0,-10,-0.05,
1,141,-872,0,0,-9,-0.2584,
1,142,-661,0,0,-9,-0.2584,
1,143,-660,0,0,-9,-0.2611,
1,144,-779,0,0,-9,-0.2642,
1,145,-793,0,0,-9,-0.2647,
1,141,-442,0,0,-12,-0.2502,
1,142,-548,0,0,-12,-0.2502,
1,143,-563,0,0,-12,-0.2502,
1,144,-679,0,0,-12,-0.2502,
1,145,-677,0,0,-12,-0.2506,
0,141,232,0,0,11,0.1788,
0,142,249,0,0,10,0.1714,
0,143,273,0,0,9,0.1585,
0,144,411,0,0,8,0.1442,
0,145,314,0,0,8,0.1443,
1,141,-197,0,0,-23,-0.4805,
1,142,-211,0,0,-23,-0.4805,
1,143,-223,0,0,-24,-0.4873,
1,144,-237,0,0,-24,-0.49,
1,145,-241,0,0,-24,-0.49,
0,141,1272,0,0,15,0.2128,
0,142,1272,0,0,15,0.2112,
0,143,1274,0,0,15,0.2095,
0,144,1277,0,0,16,0.2011,
0,145,1279,0,0,16,0.2019,
0,141,-43,29.600000,0,-7,-0.2765,
0,142,68,32.000000,0,-7,-0.2765,
0,143,80,34.400000,0,-7,-0.2765,
0,144,199,36.800000,0,-8,-0.2775,
0,145,217,39.200000,0,-8,-0.2772,
1,141,-620,0,0,-20,-0.4244,
1,142,-616,0,0,-22,-0.4364,
1,143,-606,0,0,-26,-0.4433,
1,144,-597,0,0,-25,-0.4581,
1,145,-607,0,0,-27,-0.47,
1,141,-841,0,0,-34,-0.5571,
1,142,-822,0,0,-34,-0.5622,
1,143,-825,0,0,-36,-0.5766,
1,144,-821,0,0,-36,-0.5766,
1,145,-817,0,0,-36,-0.5766,
0,141,274,0,0,10,-0.0925,
0,142,267,0,0,12,-0.0835,
0,143,767,0,0,12,-0.0862,
0,144,760,0,0,12,-0.0931,
0,145,741,0,0,12,-0.1001,
0,141,1221,0,0,13,0.1629,
0,142,1228,0,0,13,0.1651,
0,143,1338,0,0,13,0.1651,
0,144,1250,0,0,14,0.1678,
0,145,1266,0,0,15,0.1704,
0,141,731,0,0,15,0.2656,
0,142,728,0,0,15,0.2625,
0,143,732,0,0,14,0.2674,
0,144,724,0,0,14,0.2675,
0,145,729,0,0,14,0.2675,
1,141,-58,0,0,-12,-0.2108,
1,142,-70,0,0,-12,-0.207,
1,143,-70,0,0,-12,-0.207,
1,144,-174,0,0,-12,-0.2074,
1,145,-66,0,0,-13,-0.209,
0,141,384,0,0,8,0.0774,
0,142,399,0,0,6,0.0724,
0,143,413,0,0,4,0.0642,
0,144,517,0,0,4,0.0642,
0,145,406,0,0,4,0.0642,
0,141,402,0,0,11,0.2344,
0,142,402,0,0,11,0.2344,
0,143,410,0,0,10,0.2364,
0,144,418,0,0,11,0.2384,
0,145,426,0,0,11,0.2404,
0,141,566,0,0,15,0.1757,
0,142,582,0,0,15,0.1629,
0,143,578,0,0,15,0.1554,
0,144,588,0,0,14,0.1429,
0,145,700,0,0,15,0.1432,
1,141,-200,0,0,11,0.1913,
1,142,-176,0,0,11,0.1913,
1,143,-152,0,0,11,0.1913,
1,144,-128,0,0,11,0.1913,
1,145,-88,0,0,11,0.1913,
0,141,634,61.600000,0,-4,0.0944,
0,142,620,63.200000,0,-4,0.0944,
0,143,606,64.800000,0,-4,0.0944,
0,144,598,66.400000,0,-4,0.0944,
0,145,615,68.000000,0,-2,0.1061,
0,141,1304,0,0,15,0.146,
0,142,1297,0,0,14,0.1562,
0,143,1282,0,0,14,0.162,
0,144,1307,0,0,14,0.162,
0,145,1440,0,0,14,0.1644,
1,141,-474,0,0,-13,-0.1468,
1,142,-430,0,0,-13,-0.1468,
1,143,-390,0,0,-13,-0.1468,
1,144,-770,0,0,-13,-0.1468,
1,145,-662,0,0,-13,-0.1468,
1,141,191,0,0,-7,-0.1268,
1,142,195,0,0,-8,-0.1268,
1,143,299,0,0,-8,-0.1268,
1,144,293,0,0,-8,-0.1356,
1,145,289,0,0,-10,-0.1491,
1,141,-553,0,0,-17,-0.3293,
1,142,-530,0,0,-14,-0.3283,
1,143,-531,0,0,-14,-0.3283,
1,144,-532,0,0,-14,-0.3283,
1,145,-533,0,0,-14,-0.3283,
0,141,1166,0,0,36,0.4339,
0,142,1070,0,0,36,0.4339,
0,143,1062,0,0,36,0.4339,
0,144,1064,0,0,36,0.4339,
0,145,1066,0,0,36,0.4339,
0,141,1308,24.000000,0,8,0.1491,
0,142,1282,24.800000,0,8,0.1491,
0,143,1372,25.600000,0,8,0.1491,
0,144,1372,26.400000,0,8,0.1491,
0,145,1372,27.200000,0,8,0.1491,
1,141,-1064,0,-33.800000,-6,-0.0035,
1,142,-1086,0,-33.800000,-6,0.0081,
1,143,-1112,0,-33.800000,-6,0.0081,
1,144,-1134,0,-37.000000,-6,0.0081,
1,145,-1150,0,-40.200000,-6,0.0081,
0,141,-160,0,0,0,0.0074,
0,142,-166,0,0,0,0.0088,
0,143,-151,0,0,1,0.0097,
0,144,-132,0,0,2,0.0095,
0,145,-112,0,0,2,0.0026,
0,141,236,0,0,18,0.137,
0,142,241,0,0,20,0.1262,
0,143,245,0,0,20,0.1182,
0,144,235,0,0,21,0.1092,
0,145,111,0,0,21,0.1036,
0,141,718,0,0,-8,-0.195,
0,142,696,0,0,-8,-0.195,
0,143,686,0,0,-8,-0.195,
0,144,160,0,0,-8,-0.195,
0,145,254,0,0,-8,-0.195,
1,141,-334,0,0,4,0.0552,
1,142,-436,0,0,4,0.0552,
1,143,-338,0,0,3,0.0632,
1,144,-344,0,0,2,0.0712,
1,145,-349,0,0,-2,0.0697,
0,141,548,0,0,11,0.1591,
0,142,433,0,0,11,0.1585,
0,143,411,0,0,11,0.1581,
0,144,431,0,0,11,0.1581,
0,145,438,0,0,11,0.1581,
1,141,-321,0,0,-1,0.1404,
1,142,-441,0,0,-1,0.1404,
1,143,-449,0,0,-1,0.1404,
1,144,-449,0,0,-1,0.1404,
1,145,-433,0,0,-1,0.144,
1,141,-250,0,0,0,-0.0296,
1,142,-262,0,0,0,-0.0296,
1,143,-286,0,0,0,-0.0296,
1,144,-412,0,0,0,-0.0296,
1,145,-530,0,0,0,-0.0296,
0,141,817,0,0,13,0.0797,
0,142,929,0,0,13,0.0797,
0,143,1037,0,0,12,0.1077,
0,144,1021,0,0,13,0.1357,
0,145,914,3.200000,0,13,0.1468,
1,141,781,0,0,5,0.3309,
1,142,755,0,0,5,0.3323,
1,143,586,0,0,5,0.3324,
1,144,534,0,0,5,0.3324,
1,145,489,0,0,5,0.3324,
0,141,39,0,0,-1,0.1859,
0,142,57,0,0,-1,0.1859,
0,143,87,0,0,-1,0.1859,
0,144,616,0,0,-1,0.1876,
0,145,587,0,0,-1,0.189,
0,141,376,0,0,15,0.192,
0,142,381,0,0,15,0.1922,
0,143,367,0,0,13,0.1902,
0,144,166,0,0,13,0.1957,
0,145,169,0,0,12,0.2003,
0,141,22,0,0,29,0.3358,
0,142,24,0,0,30,0.3495,
0,143,43,0,0,31,0.3712,
0,144,567,0,0,32,0.3791,
0,145,579,0,0,32,0.3791,
1,141,-197,0,0,6,0.2176,
1,142,-204,0,0,6,0.2176,
1,143,-211,0,0,6,0.2176,
1,144,-211,0,0,6,0.2176,
1,145,-203,0,0,6,0.2176,
0,141,-483,0,0,12,0.0441,
0,142,30,0,0,12,0.0426,
0,143,19,0,0,12,0.0433,
0,144,121,0,0,12,0.0433,
0,145,123,0,0,12,0.0459,
1,141,-999,0,0,-20,-0.2624,
1,142,-1043,0,0,-19,-0.2667,
1,143,-1096,0,0,-18,-0.278,
1,144,-1130,0,0,-18,-0.278,
1,145,-1126,0,0,-21,-0.2799,
1,141,-1569,0,0,-34,-0.596,
1,142,-1593,0,0,-34,-0.596,
1,143,-1617,0,0,-34,-0.596,
1,144,-1637,0,0,-34,-0.596,
1,145,-1655,0,0,-34,-0.596,
1,141,-223,0,0,2,-0.0477,
1,142,-326,0,0,2,-0.0477,
1,143,-213,0,0,2,-0.059,
1,144,-201,0,0,2,-0.0682,
1,145,-197,0,0,3,-0.0692,
1,141,-26,0,0,1,-0.0827,
1,142,-1,0,0,1,-0.0749,
1,143,24,0,0,2,-0.0639,
1,144,27,0,0,3,-0.0598,
1,145,-87,0,0,3,-0.0625,
1,141,282,0,0,-11,-0.3399,
1,142,150,0,0,-10,-0.3359,
1,143,135,0,0,-10,-0.3342,
1,144,-372,0,0,-8,-0.3322,
1,145,-372,0,0,-9,-0.3269,
0,141,581,0,0,2,0.0523,
0,142,596,0,0,1,0.0509,
0,143,595,0,0,2,0.0478,
0,144,601,0,0,2,0.0439,
0,145,705,0,0,2,0.0459,
0,141,-147,0,0,23,0.149,
0,142,-28,0,0,23,0.1469,
0,143,107,0,0,23,0.1448,
0,144,114,0,0,23,0.1452,
0,145,121,0,0,27,0.1412,
1,141,254,0,0,-20,-0.2937,
1,142,763,0,0,-23,-0.2906,
1,143,763,0,0,-24,-0.2998,
1,144,760,0,0,-22,-0.3086,
1,145,132,0,0,-22,-0.3119,
1,141,-280,0,0,-26,-0.5333,
1,142,-308,0,0,-26,-0.5359,
1,143,-337,0,0,-27,-0.539,
1,144,-363,0,0,-28,-0.5424,
1,145,-473,0,0,-27,-0.5447,
1,141,-625,0,0,-43,-0.6146,
1,142,-631,0,0,-43,-0.6146,
1,143,-645,0,0,-43,-0.6146,
1,144,-653,0,0,-43,-0.6146,
1,145,-669,0,0,-43,-0.6146,
0,141,536,0,0,41,0.3657,
0,142,536,0,0,41,0.3657,
0,143,1072,0,0,41,0.3657,
0,144,1108,0,0,41,0.3686,
0,145,1160,0,0,41,0.3716,
0,141,1119,0,0,25,0.2015,
0,142,1131,0,0,25,0.2015,
0,143,1139,0,0,24,0.1978,
0,144,1155,0,0,25,0.195,
0,145,1191,0,0,25,0.196,
1,141,-304,0,0,-21,-0.3791,
1,142,-300,0,0,-21,-0.3846,
1,143,-812,0,0,-21,-0.3882,
1,144,-827,0,0,-21,-0.391,
1,145,-730,0,0,-21,-0.391,
1,141,-323,0,0,16,0.2193,
1,142,-274,0,0,20,0.2143,
1,143,-256,0,0,23,0.2086,
1,144,-354,0,0,23,0.2027,
1,145,-339,0,0,22,0.2035,
0,141,550,0,0,17,0.2534,
0,142,550,0,0,17,0.2603,
0,143,550,0,0,17,0.2673,
0,144,550,0,0,17,0.2742,
0,145,550,0,0,17,0.2841,
1,141,-1064,0,0,-2,0.0548,
1,142,-1065,0,0,0,0.0495,
1,143,-948,0,0,2,0.0427,
1,144,-946,0,0,4,0.0301,
1,145,-940,0,0,3,0.0235,
1,141,-1862,0,0,-45,-0.8235,
1,142,-1862,0,0,-45,-0.8235,
1,143,-1862,0,0,-45,-0.8235,
1,144,-1862,0,0,-45,-0.8235,
1,145,-1862,0,0,-45,-0.8235,
0,141,336,0,0,17,0.367,
0,142,338,0,0,17,0.367,
0,143,354,0,0,17,0.367,
0,144,362,0,0,17,0.3712,
0,145,476,0,0,18,0.3712,
0,141,1106,0,0,34,0.5709,
0,142,1091,0,0,34,0.5704,
0,143,1192,0,0,34,0.5704,
0,144,1209,0,0,34,0.5704,
0,145,1226,0,0,34,0.5704,
0,141,934,0,0,27,0.363,
0,142,965,0,0,27,0.363,
0,143,986,0,0,26,0.366,
0,144,892,0,0,26,0.3689,
0,145,794,0,0,26,0.3689,
1,141,-1015,0,0,-19,-0.2916,
1,142,-1131,0,0,-19,-0.2932,
1,143,-1139,0,0,-19,-0.2948,
1,144,-1139,0,0,-19,-0.2948,
1,145,-1140,0,0,-19,-0.2988,
1,141,-1957,0,0,-35,-0.5874,
1,142,-1863,0,0,-35,-0.5874,
1,143,-1887,0,0,-34,-0.5911,
1,144,-2005,0,0,-34,-0.5911,
1,145,-2013,0,0,-34,-0.5911,
0,141,370,0,0,-3,-0.2207,
0,142,370,0,0,-3,-0.2244,
0,143,359,0,0,-3,-0.2283,
0,144,347,0,0,-3,-0.231,
0,145,343,0,0,-2,-0.2338,
0,141,431,0,0,-36,-0.3695,
0,142,407,0,0,-36,-0.3695,
0,143,392,0,0,-36,-0.3695,
0,144,385,0,0,-37,-0.3756,
0,145,394,0,0,-38,-0.376,
0,141,1044,0,0,30,0.5839,
0,142,1058,0,0,30,0.5848,
0,143,1062,0,0,30,0.5848,
0,144,1062,0,0,31,0.5854,
0,145,1070,0,0,31,0.5854,
1,141,-1053,0,0,-21,-0.6102,
1,142,-1046,0,0,-21,-0.6102,
1,143,-825,0,0,-21,-0.6102,
1,144,-815,0,0,-21,-0.6102,
1,145,-819,0,0,-21,-0.6102,
0,141,442,0,0,33,0.2343,
0,142,434,0,0,33,0.2343,
0,143,334,0,0,33,0.2343,
0,144,952,0,0,33,0.2343,
0,145,974,0,0,33,0.2343,
0,141,557,0,0,-3,-0.0031,
0,142,663,0,0,-3,-0.0056,
0,143,568,0,0,-4,-0.009,
0,144,563,0,0,-4,-0.009,
0,145,554,0,0,-3,-0.013,
0,141,1878,34.000000,0,11,0.4136,
0,142,1892,36.800000,0,11,0.4136,
0,143,1892,36.800000,0,11,0.4109,
0,144,1998,36.800000,0,11,0.4082,
0,145,2004,36.800000,0,11,0.4056,
1,141,-417,0,0,-17,-0.0927,
1,142,-416,0,0,-15,-0.0841,
1,143,-527,0,0,-15,-0.0911,
1,144,-533,0,0,-16,-0.0937,
1,145,-539,0,0,-16,-0.0968,
0,141,536,0,0,16,0.1925,
0,142,540,0,0,15,0.195,
0,143,617,0,0,15,0.195,
0,144,588,0,0,15,0.195,
0,145,578,0,0,15,0.195,
1,141,-422,0,0,-7,-0.0376,
1,142,-411,0,0,-7,-0.0376,
1,143,-412,0,0,-7,-0.0376,
1,144,-518,0,0,-7,-0.0376,
1,145,-544,0,0,-7,-0.0396,
0,141,2058,0,0,63,1.0851,
0,142,2074,0,0,63,1.0851,
0,143,2098,0,0,63,1.0851,
0,144,2222,0,0,63,1.0851,
0,145,2222,0,0,63,1.0851,
1,141,-252,0,0,-5,-0.0623,
1,142,-252,0,0,-5,-0.0623,
1,143,-267,0,0,-6,-0.0696,
1,144,-181,0,0,-8,-0.0853,
1,145,-180,0,0,-8,-0.0885,
1,141,-207,0,0,4,0.2411,
1,142,-209,0,0,5,0.228,
1,143,-199,0,0,5,0.2149,
1,144,-173,0,0,5,0.2033,
1,145,-175,0,0,7,0.1916,
1,141,-341,0,0,-20,-0.2141,
1,142,-436,0,0,-20,-0.2141,
1,143,-444,0,0,-20,-0.2141,
1,144,-460,0,0,-20,-0.2141,
1,145,-475,0,0,-20,-0.2141,
1,141,-360,0,0,-9,-0.3232,
1,142,-354,0,0,-9,-0.3232,
1,143,-264,0,0,-9,-0.3232,
1,144,-356,0,0,-9,-0.3232,
1,145,-359,0,0,-9,-0.3267,
0,141,-63,0,0,13,0.3332,
0,142,-56,0,0,15,0.3424,
0,143,-50,0,0,15,0.3424,
0,144,-46,0,0,14,0.3425,
0,145,476,0,0,14,0.3441,
1,141,-861,0,0,6,0.1306,
1,142,-857,0,0,6,0.1272,
1,143,-857,0,0,6,0.1272,
1,144,-741,0,0,6,0.1272,
1,145,-742,0,0,6,0.1289,
1,141,-1321,0,-28.400000,-5,-0.1344,
1,142,-1330,0,-31.200000,-5,-0.1315,
1,143,-1335,0,-34.000000,-5,-0.1285,
1,144,-1340,0,-36.800000,-5,-0.1285,
1,145,-1325,0,-39.600000,-5,-0.1285,
1,141,-242,0,0,-12,-0.1146,
1,142,-233,0,0,-12,-0.1146,
1,143,-244,0,0,-12,-0.1146,
1,144,-255,0,0,-12,-0.1146,
1,145,-260,0,0,-12,-0.1146,
1,141,-370,0,0,-13,-0.1871,
1,142,128,0,0,-13,-0.1869,
1,143,110,0,0,-13,-0.1866,
1,144,92,0,0,-13,-0.1864,
1,145,89,0,0,-12,-0.1857,
1,141,-602,0,0,-30,-0.4715,
1,142,-585,0,0,-29,-0.4718,
1,143,-685,0,0,-29,-0.4718,
1,144,-694,0,0,-29,-0.4703,
1,145,-702,0,0,-29,-0.4713,
0,141,205,0,0,6,0.0085,
0,142,224,0,0,6,0.0085,
0,143,227,0,0,6,0.0085,
0,144,234,0,0,6,0.0085,
0,145,229,0,0,6,0.0085,
0,141,-125,0,0,-1,-0.067,
0,142,-126,0,0,-1,-0.068,
0,143,-126,0,0,-1,-0.066,
0,144,-134,0,0,-1,-0.0693,
0,145,-144,0,0,-1,-0.0673,
1,141,-898,0,0,-18,-0.2502,
1,142,-812,0,0,-18,-0.2502,
1,143,-810,0,0,-20,-0.2538,
1,144,-809,0,0,-20,-0.2538,
1,145,-892,0,0,-20,-0.2538,
0,141,938,0,0,16,0.3449,
0,142,944,0,0,16,0.3476,
0,143,950,0,0,16,0.3476,
0,144,968,0,0,16,0.3476,
0,145,980,0,0,16,0.3488,
0,141,461,0,0,-1,-0.1361,
0,142,433,0,0,-1,-0.1361,
0,143,405,0,0,-1,-0.1361,
0,144,369,0,0,-1,-0.1361,
0,145,333,0,0,-1,-0.1361,
0,141,577,0,0,8,0.0501,
0,142,617,0,0,8,0.0355,
0,143,441,0,0,7,0.0208,
0,144,481,0,0,5,0.0061,
0,145,602,0,0,4,-0.0083,
1,141,-206,0,0,-6,-0.2609,
1,142,-721,0,0,-7,-0.2831,
1,143,-733,0,0,-9,-0.302,
1,144,-735,0,0,-11,-0.3108,
1,145,-627,0,0,-11,-0.3299,
0,141,619,0,0,7,0.1576,
0,142,594,0,0,8,0.1636,
0,143,471,0,0,8,0.1636,
0,144,455,0,0,8,0.1636,
0,145,467,0,0,8,0.1636,
1,141,-858,0,0,-16,-0.2173,
1,142,-753,0,0,-16,-0.2137,
1,143,-751,0,0,-15,-0.2169,
1,144,-749,0,0,-16,-0.2202,
1,145,-861,0,0,-14,-0.2125,
0,141,-449,0,0,-8,-0.0833,
0,142,-457,0,0,-8,-0.0833,
0,143,-465,0,0,-8,-0.0833,
0,144,-473,0,0,-8,-0.0833,
0,145,-481,0,0,-8,-0.0833,
0,141,456,0,0,-7,-0.0204,
0,142,469,0,0,-7,-0.0172,
0,143,463,0,0,-7,-0.0176,
0,144,451,0,0,-7,-0.0176,
0,145,471,0,0,-7,-0.0176,
1,141,-750,0,0,-11,-0.1259,
1,142,-762,0,0,-11,-0.1285,
1,143,-642,0,0,-10,-0.1312,
1,144,-614,0,0,-10,-0.1312,
1,145,-602,0,0,-10,-0.1275,
0,141,1419,0,0,31,0.4794,
0,142,1435,0,0,31,0.4794,
0,143,1561,0.800000,0,31,0.4794,
0,144,1561,0.800000,0,31,0.4794,
0,145,1561,0.800000,0,31,0.4794,
1,141,-764,0,0,-7,-0.1341,
1,142,-756,0,0,-7,-0.1345,
1,143,-748,0,0,-7,-0.1349,
1,144,-620,0,0,-7,-0.1337,
1,145,-600,0,0,-7,-0.1321,
0,141,84,0,0,12,0.2926,
0,142,120,0,0,12,0.297,
0,143,238,0,0,12,0.297,
0,144,222,0,0,12,0.297,
0,145,206,0,0,12,0.297,
1,141,-1046,0,0,-19,-0.2829,
1,142,-1034,0,0,-19,-0.2829,
1,143,-1124,0,0,-19,-0.2829,
1,144,-1124,0,0,-19,-0.2829,
1,145,-1124,0,0,-19,-0.2829,
1,141,-145,0,0,-23,-0.3879,
1,142,-162,0,0,-23,-0.3879,
1,143,-176,0,0,-23,-0.3879,
1,144,-176,0,0,-23,-0.3879,
1,145,-182,0,0,-23,-0.3862,
1,141,-120,0,0,-6,-0.1854,
1,142,-136,0,0,-6,-0.1854,
1,143,-152,0,0,-6,-0.1854,
1,144,-160,0,0,-6,-0.1854,
1,145,-160,0,0,-6,-0.1854,
1,141,18,0,0,12,0.05,
1,142,-16,0,0,12,0.05,
1,143,-130,0,0,12,0.05,
1,144,-27,0,0,12,0.05,
1,145,-30,0,0,10,0.0513,
1,141,97,0,0,18,0.0363,
1,142,69,0,0,17,0.0336,
1,143,15,0,0,17,0.0336,
1,144,-131,0,0,17,0.0336,
1,145,-173,0,0,14,0.0336,
0,141,931,0,0,10,0.2818,
0,142,931,0,0,10,0.2772,
0,143,931,0,0,10,0.2726,
0,144,931,0,0,12,0.2679,
0,145,931,0,0,11,0.2713,
0,141,876,0,0,28,0.2784,
0,142,883,0,0,28,0.2784,
0,143,933,0,0,28,0.2784,
0,144,983,0,0,28,0.2804,
0,145,1041,0,0,28,0.2824,
0,141,871,0,0,40,0.5354,
0,142,883,0,0,40,0.5354,
0,143,903,0,0,40,0.5354,
0,144,915,0,0,40,0.5354,
0,145,1010,0,0,40,0.5354,
1,141,265,0,0,-12,-0.4472,
1,142,249,0,0,-12,-0.4472,
1,143,139,0,0,-12,-0.4522,
1,144,131,0,0,-14,-0.4565,
1,145,122,0,0,-16,-0.4686,
1,141,-12,0,0,-1,-0.0053,
1,142,-48,0,0,-1,-0.0053,
1,143,-68,0,0,-1,-0.0053,
1,144,-97,0,0,-1,-0.0053,
1,145,-126,0,0,-1,-0.0053,
1,141,-831,0,0,-23,-0.4154,
1,142,-834,0,0,-23,-0.4154,
1,143,-837,0,0,-23,-0.4127,
1,144,-728,0,0,-22,-0.4113,
1,145,-720,0,0,-23,-0.4168,
0,141,205,0,0,-10,-0.1681,
0,142,312,0,0,-11,-0.1688,
0,143,201,0,0,-12,-0.1695,
0,144,191,0,0,-14,-0.1655,
0,145,179,0,0,-17,-0.1642,
1,141,-1136,0,0,-58,-0.9533,
1,142,-1142,0,0,-58,-0.9533,
1,143,-1142,0,0,-58,-0.9533,
1,144,-1142,0,0,-58,-0.9533,
1,145,-1142,0,0,-58,-0.9533,
0,141,1134,0,0,23,0.4586,
0,142,1165,0,0,24,0.4645,
0,143,1180,0,0,25,0.4738,
0,144,1304,0,0,25,0.4749,
0,145,1408,0,0,25,0.4749,
1,141,-662,0,0,6,0.0338,
1,142,-641,0,0,6,0.0338,
1,143,-516,0,0,6,0.0338,
1,144,-609,0,0,6,0.0338,
1,145,-601,0,0,6,0.0338,
1,141,-754,0,0,-18,-0.4073,
1,142,-735,0,0,-18,-0.4085,
1,143,-716,0,0,-18,-0.4096,
1,144,-713,0,0,-18,-0.4108,
1,145,-726,0,0,-18,-0.4108,
0,141,491,0,0,16,0.3444,
0,142,375,0,0,16,0.3462,
0,143,359,0,0,16,0.348,
0,144,254,0,0,16,0.3516,
0,145,249,0,0,16,0.3582,
1,141,-319,0,0,-3,-0.2673,
1,142,-409,0,0,-3,-0.2673,
1,143,-390,0,0,-3,-0.2673,
1,144,-363,0,0,-3,-0.2673,
1,145,-242,0,0,-3,-0.2673,
1,141,-1085,0,0,-25,-0.1838,
1,142,-1069,0,0,-25,-0.1838,
1,143,-1069,0,0,-25,-0.1838,
1,144,-1070,0,0,-24,-0.195,
1,145,-958,0,0,-25,-0.2084,
1,141,717,0,0,-8,-0.018,
1,142,602,0,0,-8,-0.018,
1,143,602,0,0,-8,-0.018,
1,144,490,0,0,-8,-0.0153,
1,145,367,0,0,-10,-0.0214,
1,141,-458,0,0,17,0.2121,
1,142,-443,0,0,17,0.2106,
1,143,-441,0,0,16,0.2036,
1,144,-438,0,0,16,0.2036,
1,145,-435,0,0,16,0.2036,
0,141,740,0,0,-4,-0.0143,
0,142,724,0,0,-3,-0.0075,
0,143,712,0,0,-2,0.0005,
0,144,701,0,0,-1,0.0066,
0,145,689,0,0,0,0.013,
0,141,451,0,0,-3,0.1335,
0,142,447,0,0,-3,0.1335,
0,143,363,0,0,-3,0.1335,
0,144,277,0,0,-3,0.141,
0,145,395,0,0,-3,0.141,
1,141,-943,0,0,-9,-0.2496,
1,142,-928,0,0,-9,-0.2447,
1,143,-928,0,0,-9,-0.2446,
1,144,-822,0,0,-9,-0.2483,
1,145,-932,0,0,-9,-0.2483,
0,141,134,0,0,-8,0.004,
0,142,114,0,0,-8,0.004,
0,143,114,0,0,-8,0.004,
0,144,114,0,0,-8,0.01,
0,145,110,0,0,-8,0.016,
1,141,185,0,0,-7,-0.3256,
1,142,177,0,0,-8,-0.327,
1,143,169,0,0,-10,-0.3283,
1,144,39,0,0,-12,-0.3355,
1,145,133,0,0,-13,-0.3349,
1,141,-905,0,0,-1,0.0827,
1,142,-921,0,0,-1,0.0827,
1,143,-938,0,0,-1,0.0773,
1,144,-1068,0,0,-1,0.0773,
1,145,-1062,0,0,-1,0.0773,
1,141,-548,0,0,-31,-0.4482,
1,142,-537,0,0,-31,-0.4485,
1,143,-526,0,0,-32,-0.4494,
1,144,-528,0,0,-32,-0.4473,
1,145,-544,0,0,-32,-0.4493,
1,141,-1004,0,0,-13,-0.3528,
1,142,-796,0,0,-13,-0.3493,
1,143,-788,0,0,-13,-0.3493,
1,144,-696,0,0,-13,-0.3493,
1,145,-720,0,0,-13,-0.35,
1,141,-171,0,0,-8,0.0555,
1,142,-164,0,0,-8,0.0547,
1,143,-299,0,0,-8,0.0546,
1,144,-304,0,0,-8,0.0546,
1,145,-311,0,0,-8,0.0546,
0,141,269,0,0,30,0.3673,
0,142,280,0,0,29,0.3673,
0,143,295,0,0,29,0.3673,
0,144,303,0,0,29,0.3673,
0,145,303,0,0,29,0.3673,
1,141,-261,0,0,-19,-0.3485,
1,142,-361,0,0,-18,-0.3637,
1,143,-359,0,0,-18,-0.3747,
1,144,-367,0,0,-18,-0.3814,
1,145,-586,0,0,-17,-0.3832,
0,141,58,34.400000,0,-20,-0.2272,
0,142,92,34.400000,0,-20,-0.2272,
0,143,132,34.400000,0,-20,-0.2272,
0,144,129,34.400000,0,-20,-0.2272,
0,145,109,34.400000,0,-21,-0.21,
0,141,635,0,0,-15,-0.1823,
0,142,625,0,0,-14,-0.1841,
0,143,504,0,0,-14,-0.1829,
0,144,512,0,0,-14,-0.1829,
0,145,388,0,0,-14,-0.1836,
1,141,-182,0,0,-3,0.0349,
1,142,-175,0,0,-4,0.0293,
1,143,-167,0,0,-4,0.0081,
1,144,-667,0,0,-3,-0.022,
1,145,-666,0,0,-3,-0.0372,
0,141,177,0,0,13,0.1539,
0,142,565,0,0,13,0.1523,
0,143,557,0,0,13,0.1523,
0,144,549,0,0,13,0.1523,
0,145,541,0,0,13,0.1523,
1,141,-152,0,0,-11,-0.2558,
1,142,-173,0,0,-11,-0.2558,
1,143,-194,0,0,-11,-0.2558,
1,144,-219,0,0,-11,-0.2558,
1,145,-236,0,0,-11,-0.2558,
0,141,239,0,0,3,0.2407,
0,142,231,0,0,3,0.2424,
0,143,211,0,0,2,0.2442,
0,144,201,0,0,1,0.2479,
0,145,209,0,0,1,0.2479,
1,141,29,0,0,-11,-0.1858,
1,142,11,0,0,-10,-0.1898,
1,143,-6,0,0,-9,-0.1938,
1,144,2,0,0,-9,-0.1968,
1,145,27,0,0,-10,-0.206,
1,141,-584,0,0,-9,-0.2011,
1,142,-572,0,0,-9,-0.2041,
1,143,-572,0,0,-10,-0.207,
1,144,-469,0,0,-11,-0.21,
1,145,-453,0,0,-11,-0.2129,
1,141,-696,0,0,-33,-0.4608,
1,142,-700,0,0,-31,-0.4584,
1,143,-812,0,0,-31,-0.4584,
1,144,-824,0,0,-31,-0.4584,
1,145,-820,0,0,-31,-0.4584,
1,141,-489,0,0,-22,-0.2401,
1,142,-387,0,0,-22,-0.2401,
1,143,-376,0,0,-22,-0.2406,
1,144,-410,0,0,-22,-0.2413,
1,145,-521,0,0,-22,-0.2413,
0,141,418,0,0,10,0.2783,
0,142,430,0,0,9,0.2836,
0,143,453,0,0,9,0.2852,
0,144,474,0,0,10,0.2899,
0,145,381,0,0,10,0.2899,
1,141,-1039,0,0,-29,-0.3208,
1,142,-1055,0,0,-29,-0.3208,
1,143,-1071,0,0,-29,-0.3245,
1,144,-1183,0,0,-27,-0.3282,
1,145,-1183,0,0,-27,-0.332,
0,141,-128,0,0,1,-0.0314,
0,142,-245,0,0,-1,-0.0262,
0,143,306,0,0,-1,-0.0257,
0,144,360,0,0,-1,-0.0257,
0,145,378,0,0,-1,-0.0257,
1,141,200,0,0,15,0.3834,
1,142,184,0,0,15,0.3834,
1,143,208,0,0,15,0.3834,
1,144,196,0,0,15,0.3861,
1,145,172,0,0,15,0.3861,
0,141,929,0,0,2,-0.1266,
0,142,901,0,0,2,-0.1266,
0,143,974,0,0,2,-0.1266,
0,144,851,0,0,2,-0.1293,
0,145,937,0,0,2,-0.1321,
0,141,350,0,0,10,0.2425,
0,142,371,0,0,10,0.2425,
0,143,395,0,0,8,0.2297,
0,144,402,0,0,7,0.22,
0,145,410,0,0,7,0.22,
0,141,1606,0,0,54,0.7708,
0,142,1631,0,0,55,0.775,
0,143,1656,0,0,55,0.7764,
0,144,1673,0,0,55,0.7793,
0,145,1690,0,0,56,0.7918,
0,141,-11,0,0,12,0.23,
0,142,-21,0,0,12,0.2412,
0,143,81,0,0,12,0.2477,
0,144,477,0,0,13,0.2573,
0,145,597,0,0,13,0.2573,
0,141,1001,0,0,19,0.3051,
0,142,516,0,0,20,0.317,
0,143,524,0,0,20,0.3169,
0,144,547,0,0,18,0.3199,
0,145,580,0,0,18,0.3234,
0,141,333,5.600000,-25.800000,29,0.277,
0,142,367,7.200000,-28.200000,30,0.2916,
0,143,464,8.800000,-30.600000,30,0.2953,
0,144,459,0,-30.600000,30,0.3018,
0,145,454,0,-30.600000,30,0.3018,
1,141,81,0,0,-2,0.086,
1,142,65,0,0,-2,0.086,
1,143,53,0,0,-2,0.086,
1,144,61,0,0,-2,0.086,
1,145,81,0,0,-2,0.0825,
0,141,1702,0,0,31,0.6731,
0,142,1754,0,0,31,0.6731,
0,143,1882,0,0,31,0.6694,
0,144,1784,0,0,31,0.6694,
0,145,1792,0,0,31,0.6694,
0,141,345,0,0,9,0.1907,
0,142,325,0,0,10,0.1846,
0,143,326,0,0,10,0.1846,
0,144,334,0,0,10,0.1846,
0,145,347,0,0,11,0.19,
1,141,-330,0,0,-19,-0.1977,
1,142,-841,0,0,-19,-0.1977,
1,143,-848,0,0,-19,-0.2015,
1,144,-849,0,0,-19,-0.2015,
1,145,-850,0,0,-19,-0.2015,
1,141,-594,0,0,-21,-0.3064,
1,142,-594,0,0,-21,-0.3064,
1,143,-696,0,0,-21,-0.3064,
1,144,-698,0,0,-21,-0.3064,
1,145,-700,0,0,-21,-0.3064,
0,141,1159,0,0,9,0.1647,
0,142,1177,0,0,9,0.1647,
0,143,1098,0,0,9,0.1687,
0,144,1197,0,0,9,0.1687,
0,145,1181,0,0,9,0.1687,
1,141,-92,0,0,-35,-0.3803,
1,142,-102,0,0,-34,-0.3864,
1,143,-109,0,0,-34,-0.3874,
1,144,-117,0,0,-35,-0.3898,
1,145,-137,0,0,-35,-0.3907,
0,141,14,0,0,16,0.4217,
0,142,-24,0,0,16,0.4217,
0,143,-40,0,0,16,0.4217,
0,144,-48,0,0,16,0.4217,
0,145,-56,0,0,16,0.4217,
0,141,399,0,0,11,0.2961,
0,142,399,0,0,11,0.2961,
0,143,394,0,0,11,0.2961,
0,144,394,0,0,11,0.2961,
0,145,402,0,0,11,0.2958,
1,141,-871,0,0,-17,-0.2859,
1,142,-958,0,0,-17,-0.2859,
1,143,-945,0,0,-17,-0.2859,
1,144,-932,0,0,-17,-0.2859,
1,145,-901,0,0,-17,-0.2859,
1,141,-523,0,0,-27,-0.3184,
1,142,-427,0,0,-29,-0.3207,
1,143,-422,0,0,-29,-0.3233,
1,144,-401,0,0,-27,-0.326,
1,145,-385,0,0,-24,-0.3313,
0,141,1519,0,0,39,0.7697,
0,142,1511,0,0,39,0.7697,
0,143,1503,0,0,39,0.7697,
0,144,1495,0,0,39,0.7697,
0,145,1487,0,0,39,0.7697,
1,141,-457,0,0,-21,-0.3738,
1,142,-479,0,0,-21,-0.3738,
1,143,-301,0,0,-21,-0.3738,
1,144,-291,0,0,-21,-0.3738,
1,145,-283,0,0,-19,-0.3689,
0,141,544,0,0,-2,0.1989,
0,142,656,0,0,-2,0.1989,
0,143,664,0,0,-2,0.1989,
0,144,648,0,0,-2,0.1989,
0,145,623,0,0,-3,0.2064,
0,141,521,0,0,23,0.3295,
0,142,400,0,0,23,0.3295,
0,143,11,0,0,23,0.3315,
0,144,28,0,0,23,0.3315,
0,145,41,0,0,23,0.3315,
1,141,-693,0,0,3,-0.0468,
1,142,-685,0,0,3,-0.0468,
1,143,-676,0,0,3,-0.0441,
1,144,-561,0,0,3,-0.0408,
1,145,-553,0,0,5,-0.0375,
1,141,-227,0,0,-1,-0.0606,
1,142,-332,0,0,-1,-0.0609,
1,143,-208,0,0,-2,-0.0638,
1,144,-200,0,0,-2,-0.0668,
1,145,-319,0,0,-3,-0.0697,
1,141,-268,0,0,-6,-0.0525,
1,142,-279,0,0,-6,-0.0525,
1,143,-282,0,0,-6,-0.0525,
1,144,-188,0,0,-6,-0.0525,
1,145,-709,0,0,-6,-0.0525,
0,141,303,0,0,29,0.249,
0,142,335,0,0,29,0.249,
0,143,349,0,0,29,0.249,
0,144,363,0,0,29,0.249,
0,145,378,0,0,29,0.2503,
1,141,-688,0,0,-12,-0.1858,
1,142,-684,0,0,-12,-0.1858,
1,143,-692,0,0,-12,-0.1858,
1,144,-704,0,0,-12,-0.1858,
1,145,-706,0,0,-13,-0.1758,
0,141,311,0,0,14,0.1872,
0,142,320,0,0,14,0.1892,
0,143,314,0,0,14,0.1929,
0,144,186,0,0,13,0.1965,
0,145,83,0,0,12,0.1979,
1,141,-1799,0,0,-31,-0.4961,
1,142,-1803,0,0,-31,-0.4977,
1,143,-1821,0,0,-32,-0.4996,
1,144,-1835,0,0,-32,-0.5008,
1,145,-1731,0,0,-32,-0.5029,
0,141,1205,0,0,24,0.3813,
0,142,1219,0,0,23,0.3785,
0,143,1247,3.600000,0,23,0.3777,
0,144,1280,9.600000,0,24,0.3891,
0,145,1299,12.400000,0,24,0.3891,
0,141,1100,0,0,36,0.3456,
0,142,1103,0,0,36,0.3494,
0,143,1114,0,0,37,0.3494,
0,144,1327,0,0,37,0.3494,
0,145,1214,0,0,37,0.3494,
1,141,-550,4.200000,0,-18,-0.2999,
1,142,-544,9.000000,0,-18,-0.3033,
1,143,-561,12.200000,0,-18,-0.3049,
1,144,-554,15.400000,0,-18,-0.3065,
1,145,-559,18.600000,0,-18,-0.3081,
1,141,-208,0,0,-11,-0.27,
1,142,-204,0,0,-11,-0.276,
1,143,-200,0,0,-13,-0.282,
1,144,-182,0,0,-14,-0.2918,
1,145,-164,0,0,-16,-0.3015,
1,141,-1014,0,0,14,0.2598,
1,142,-1042,0,0,14,0.2598,
1,143,-1140,0,0,14,0.2598,
1,144,-1116,0,0,14,0.2598,
1,145,-1088,0,0,14,0.2598,
1,141,-1075,0,0,-22,-0.3315,
1,142,-1276,0,0,-21,-0.3486,
1,143,-1272,0,0,-21,-0.3486,
1,144,-1286,0,0,-21,-0.3486,
1,145,-1306,0,0,-21,-0.3486,
1,141,-1155,0,0,-5,-0.0501,
1,142,-1066,0,0,-5,-0.0501,
1,143,-1149,0,0,-5,-0.0501,
1,144,-1124,0,0,-5,-0.0501,
1,145,-1110,0,0,-5,-0.0501,
0,141,269,0,0,9,0.2321,
0,142,249,0,0,9,0.2281,
0,143,631,0,0,9,0.2281,
0,144,631,0,0,9,0.2281,
0,145,647,0,0,9,0.2281,
1,141,-1001,0,0,-20,-0.1795,
1,142,-983,0,0,-20,-0.1795,
1,143,-987,0,0,-20,-0.1795,
1,144,-1079,0,0,-20,-0.1795,
1,145,-1079,0,0,-20,-0.1795,
1,141,-154,0,0,-9,-0.2856,
1,142,-57,0,0,-9,-0.2856,
1,143,-60,0,0,-9,-0.2856,
1,144,-64,0,0,-9,-0.2856,
1,145,-56,0,0,-9,-0.2856,
0,141,34,0,0,4,0.0595,
0,142,42,0,0,4,0.0595,
0,143,62,0,0,3,0.0595,
0,144,81,0,0,4,0.0595,
0,145,118,0,0,4,0.0565,
0,141,184,0,0,11,0.0742,
0,142,179,0,0,11,0.0742,
0,143,671,0,0,10,0.0643,
0,144,475,0,0,9,0.0573,
0,145,581,0,0,8,0.0476,
1,141,-707,0,0,-26,-0.2086,
1,142,-695,0,0,-26,-0.2086,
1,143,-672,0,0,-26,-0.2086,
1,144,-669,0,0,-26,-0.209,
1,145,-538,0,0,-26,-0.209,
1,141,-704,0,0,-23,-0.3603,
1,142,-720,0,0,-23,-0.362,
1,143,-750,0,0,-23,-0.362,
1,144,-752,0,0,-23,-0.362,
1,145,-759,0,0,-23,-0.362,
0,141,-238,0,0,5,0.0734,
0,142,-255,0,0,5,0.0636,
0,143,-264,0,0,4,0.0559,
0,144,-160,0,0,3,0.0489,
0,145,-156,0,0,3,0.0471,
0,141,1801,0,0,29,0.3424,
0,142,1808,0,0,26,0.3435,
0,143,1815,0,0,25,0.3447,
0,144,1928,0,0,25,0.348,
0,145,1942,0,0,25,0.348,
0,141,625,0,0,19,0.2542,
0,142,617,0,0,19,0.2542,
0,143,609,0,0,19,0.2542,
0,144,601,0,0,19,0.2542,
0,145,96,0,0,19,0.2542,
0,141,-200,0,0,7,0.0651,
0,142,-206,0,0,8,0.0731,
0,143,-195,0,0,8,0.0799,
0,144,24,0,0,8,0.0799,
0,145,106,0,0,8,0.0799,
1,141,-159,0,0,-7,-0.0926,
1,142,-191,0,0,-7,-0.0899,
1,143,-220,0,0,-7,-0.0899,
1,144,-328,0,0,-7,-0.0922,
1,145,-305,0,0,-7,-0.0922,
0,141,1199,0,0,20,0.373,
0,142,1297,0,0,20,0.3803,
0,143,1268,0,0,23,0.3874,
0,144,1148,0,0,23,0.3874,
0,145,1148,0,0,23,0.3884,
1,141,-504,0,0,3,-0.2519,
1,142,-480,0,0,3,-0.2515,
1,143,-464,0,0,3,-0.2515,
1,144,-448,0,0,3,-0.2515,
1,145,-432,0,0,3,-0.2515,
0,141,664,0,0,19,0.3033,
0,142,766,0,0,19,0.3033,
0,143,759,0,0,19,0.3033,
0,144,635,0,0,19,0.3125,
0,145,502,0,0,19,0.3125,
0,141,158,0,0,5,0.1152,
0,142,143,0,0,5,0.1152,
0,143,150,0,0,6,0.1225,
0,144,175,0,0,6,0.1233,
0,145,183,0,0,5,0.1213,
0,141,410,0,0,24,0.573,
0,142,394,0,0,24,0.573,
0,143,485,0,0,24,0.573,
0,144,476,0,0,24,0.573,
0,145,445,0,0,24,0.5763,
0,141,629,0,0,1,0.2667,
0,142,755,0,0,1,0.2693,
0,143,763,0,0,1,0.2693,
0,144,763,0,0,1,0.2693,
0,145,779,0,0,1,0.2693,
1,141,-164,0,0,-8,-0.2004,
1,142,-159,0,0,-5,-0.1994,
1,143,-187,0,0,-4,-0.1954,
1,144,-213,0,0,-3,-0.1948,
1,145,-329,0,0,-1,-0.1888,
0,141,333,0,0,5,0.2699,
0,142,237,0,0,6,0.2768,
0,143,140,0,0,7,0.2818,
0,144,642,0,0,7,0.2858,
0,145,646,0,0,7,0.2886,
0,141,357,0,0,7,0.114,
0,142,352,0,0,7,0.114,
0,143,344,0,0,7,0.114,
0,144,230,0,0,7,0.114,
0,145,340,0,0,7,0.126,
0,141,887,0,0,20,0.3653,
0,142,995,0,0,21,0.3756,
0,143,974,0,0,21,0.3783,
0,144,1062,0,0,22,0.3981,
0,145,1067,0,0,23,0.4156,
0,141,87,0,0,6,-0.0016,
0,142,82,0,0,6,-0.0009,
0,143,66,0,0,6,0.0008,
0,144,-32,0,0,6,0.0008,
0,145,-20,0,0,6,0.0046,
1,141,-1163,0,0,-16,-0.1782,
1,142,-695,0,0,-16,-0.1745,
1,143,-596,0,0,-15,-0.1717,
1,144,-591,0,0,-15,-0.1706,
1,145,-577,0,0,-14,-0.1706,
1,141,-1445,0,0,-48,-0.8107,
1,142,-1327,0,0,-48,-0.8107,
1,143,-1304,0,0,-48,-0.8107,
1,144,-1281,0,0,-48,-0.8107,
1,145,-1274,0,0,-48,-0.8107,
0,141,1070,0,0,15,0.2301,
0,142,1186,0,0,15,0.2301,
0,143,1194,0,0,15,0.2301,
0,144,1210,0,0,15,0.2301,
0,145,1218,0,0,15,0.2301,
0,141,21,0,0,-7,-0.0343,
0,142,29,0,0,-7,-0.0373,
0,143,29,0,0,-7,-0.0402,
0,144,29,0,0,-7,-0.0402,
0,145,-91,0,0,-7,-0.0402,
0,141,-370,0,0,-15,-0.2343,
0,142,-229,0,0,-15,-0.2343,
0,143,-217,0,0,-15,-0.2343,
0,144,-217,0,0,-15,-0.2343,
0,145,-229,0,0,-15,-0.2343,
1,141,-1056,0,0,-34,-0.5871,
1,142,-1055,0,0,-34,-0.5961,
1,143,-1081,0,0,-35,-0.6071,
1,144,-1209,0,0,-35,-0.6211,
1,145,-1221,0,0,-35,-0.6346,
1,141,-571,0,0,-18,-0.3573,
1,142,-570,0,0,-19,-0.3615,
1,143,-675,0,0,-21,-0.3642,
1,144,-675,0,0,-21,-0.3662,
1,145,-675,0,0,-22,-0.3667,
0,141,715,0,0,10,0.2924,
0,142,739,0,0,10,0.2924,
0,143,751,0,0,10,0.2924,
0,144,751,0,0,10,0.2924,
0,145,749,0,0,10,0.2924,
1,141,-885,0,0,-5,-0.0994,
1,142,-912,0,0,-5,-0.0998,
1,143,-812,0,0,-5,-0.0998,
1,144,-692,0,0,-5,-0.0998,
1,145,-660,0,0,-5,-0.1038,
1,141,-766,0,0,-21,-0.2547,
1,142,-656,0,0,-22,-0.2574,
1,143,-647,0,0,-22,-0.2601,
1,144,-647,0,0,-23,-0.2627,
1,145,-765,0,0,-24,-0.2599,
0,141,819,0,0,11,0.0964,
0,142,725,0,0,11,0.0964,
0,143,640,0,0,11,0.0964,
0,144,867,0,0,11,0.0964,
0,145,883,0,0,11,0.0964,
1,141,172,0,0,12,-0.0628,
1,142,-332,0,0,12,-0.0628,
1,143,-316,0,0,12,-0.0628,
1,144,-308,0,0,12,-0.0628,
1,145,-308,0,0,10,-0.0628,
0,141,907,0,0,8,0.027,
0,142,872,0,0,8,0.027,
0,143,837,0,0,8,0.027,
0,144,718,0,0,8,0.027,
0,145,614,0,0,6,0.0244,
0,141,960,0,0,25,0.6283,
0,142,974,0,0,26,0.6336,
0,143,988,0,0,27,0.6381,
0,144,1017,0,0,27,0.6463,
0,145,1037,0,0,27,0.6445,
1,141,-190,0,0,-2,-0.2006,
1,142,-214,0,0,-2,-0.1966,
1,143,-238,0,0,-2,-0.1938,
1,144,-238,0,0,-2,-0.1948,
1,145,-132,0,0,-2,-0.1948,
1,141,-569,0,0,-8,-0.1735,
1,142,-586,0,0,-9,-0.1725,
1,143,-702,0,0,-9,-0.1725,
1,144,-695,0,0,-9,-0.1725,
1,145,-572,0,0,-9,-0.1725,
1,141,-138,0,0,1,0.019,
1,142,-132,0,0,3,0.0171,
1,143,-244,0,0,3,0.0204,
1,144,-250,0,0,3,0.0231,
1,145,-251,0,0,3,0.0238,
0,141,264,0,0,36,0.4948,
0,142,380,0,0,36,0.4948,
0,143,272,0,0,36,0.4948,
0,144,255,0,0,36,0.4948,
0,145,254,0,0,36,0.4948,
1,141,-466,0,0,-8,0.0189,
1,142,-474,0,0,-9,0.0257,
1,143,-475,0,0,-9,0.0327,
1,144,-359,0,0,-10,0.0375,
1,145,-349,0,0,-10,0.0301,
0,141,901,0,0,9,0.0349,
0,142,913,0,0,9,0.0315,
0,143,905,0,0,10,0.0322,
0,144,880,0,0,11,0.0353,
0,145,848,0,0,11,0.0353,
0,141,767,0,0,-5,-0.2034,
0,142,783,0,0,-5,-0.2034,
0,143,687,0,0,-5,-0.2034,
0,144,800,0,0,-5,-0.2034,
0,145,832,0,0,-5,-0.2018,
1,141,-1226,0,0,-13,-0.2411,
1,142,-1231,0,0,-13,-0.2473,
1,143,-1236,0,0,-13,-0.2516,
1,144,-1287,0,0,-14,-0.2574,
1,145,-1432,0,0,-14,-0.2574,
1,141,-163,0,0,-12,-0.1159,
1,142,-265,0,0,-12,-0.1159,
1,143,-253,0,0,-12,-0.109,
1,144,-130,0,0,-12,-0.094,
1,145,-132,0,0,-12,-0.0791,
1,141,78,0,0,-14,-0.1081,
1,142,71,0,0,-10,-0.0752,
1,143,169,0,0,-8,-0.0552,
1,144,145,0,0,-8,-0.0552,
1,145,145,0,0,-8,-0.0552,
0,141,303,0,0,-3,0.1087,
0,142,198,0,0,-3,0.1087,
0,143,206,0,0,-3,0.1087,
0,144,322,0,0,-3,0.1087,
0,145,330,0,0,-3,0.1087,
0,141,56,0,0,18,0.4024,
0,142,73,0,0,18,0.3911,
0,143,90,0,0,18,0.3859,
0,144,108,0,0,18,0.3825,
0,145,114,0,0,19,0.3791,
0,141,-195,0,0,4,0.0283,
0,142,-171,0,0,3,0.0291,
0,143,-159,0,0,3,0.0301,
0,144,-147,0,0,3,0.0301,
0,145,-147,0,0,3,0.0301,
1,141,-1023,0,0,-5,-0.1769,
1,142,-975,0,0,-5,-0.1706,
1,143,-935,0,0,-5,-0.1706,
1,144,-919,0,0,-5,-0.1706,
1,145,-403,0,0,-5,-0.1706,
1,141,-141,0,0,-17,-0.3911,
1,142,-648,0,0,-15,-0.3764,
1,143,-631,0,0,-14,-0.3664,
1,144,-724,0,0,-15,-0.3644,
1,145,-734,0,0,-14,-0.3624,
0,141,327,0,0,13,0.1992,
0,142,351,0,0,14,0.2019,
0,143,359,0,0,14,0.2098,
0,144,343,0,0,14,0.2151,
0,145,313,0,0,13,0.2205,
0,141,15,0,0,7,0.2371,
0,142,-115,0,0,8,0.2276,
0,143,-218,0,0,8,0.2276,
0,144,-113,0,0,9,0.2301,
0,145,-108,0,0,10,0.2327,
0,141,513,0,0,11,0.1458,
0,142,512,0,0,13,0.1573,
0,143,514,0,0,14,0.1713,
0,144,515,0,0,14,0.1773,
0,145,504,0,0,15,0.1841,
0,141,929,0,0,21,0.3509,
0,142,935,0,0,21,0.3509,
0,143,923,0,0,21,0.3509,
0,144,923,0,0,21,0.3509,
0,145,1031,0,0,21,0.3509,
0,141,718,0,0,-13,-0.2824,
0,142,728,0,0,-14,-0.2804,
0,143,764,0,0,-14,-0.2773,
0,144,801,0,0,-14,-0.2746,
0,145,910,0,0,-13,-0.27,
0,141,545,0,0,21,0.3442,
0,142,662,0,0,21,0.3442,
0,143,670,0,0,21,0.3442,
0,144,670,0,0,20,0.3442,
0,145,649,0,0,20,0.3437,
0,141,867,0,0,24,0.3479,
0,142,876,0,0,23,0.3586,
0,143,887,0,0,23,0.3579,
0,144,786,0,0,23,0.3567,
0,145,798,0,0,23,0.3567,
0,141,376,0,0,3,-0.0266,
0,142,360,0,0,3,-0.0266,
0,143,360,0,0,3,-0.0266,
0,144,360,0,0,4,-0.0212,
0,145,352,0,0,4,-0.0212,
0,141,544,0,0,22,0.2915,
0,142,563,0,0,23,0.2969,
0,143,567,0,0,23,0.2992,
0,144,590,0,0,24,0.3077,
0,145,592,0,0,23,0.3094,
1,141,-430,0,0,-19,-0.3565,
1,142,-430,0,0,-19,-0.3565,
1,143,-422,0,0,-19,-0.3565,
1,144,-430,0,0,-19,-0.3565,
1,145,-447,0,0,-21,-0.3649,
1,141,-371,0,0,3,0.2728,
1,142,-379,0,0,5,0.2777,
1,143,-378,0,0,5,0.2826,
1,144,-393,0,0,7,0.2931,
1,145,-410,0,0,11,0.3032,
1,141,-463,0,0,-4,-0.2211,
1,142,-433,0,0,-4,-0.2211,
1,143,-395,0,0,-4,-0.2211,
1,144,-368,0,0,-6,-0.2358,
1,145,-228,0,0,-7,-0.2482,
0,141,913,0,0,6,0.1113,
0,142,905,0,0,6,0.1084,
0,143,761,0,0,5,0.1054,
0,144,729,0,0,4,0.1025,
0,145,729,0,0,2,0.0869,
1,141,-667,0,0,-4,-0.0029,
1,142,-661,0,0,-3,0.0064,
1,143,-635,0,0,-5,0.0158,
1,144,-213,0,0,-4,0.0286,
1,145,-201,0,0,-4,0.0286,
0,141,-477,0,0,10,0.1338,
0,142,-566,0,0,10,0.1338,
0,143,-447,0,0,10,0.1338,
0,144,-560,0,0,10,0.1338,
0,145,-539,0,0,10,0.1338,
0,141,611,0,0,15,0.2306,
0,142,825,0,0,15,0.2306,
0,143,842,0,0,15,0.2306,
0,144,946,0,0,15,0.2306,
0,145,830,0,0,15,0.2306,
0,141,930,0,0,-3,-0.0115,
0,142,927,0,0,-3,-0.0115,
0,143,841,0,0,-3,-0.0115,
0,144,863,0,0,-3,-0.0115,
0,145,878,0,0,-3,-0.0115,
0,141,1247,0,0,36,0.4161,
0,142,1131,0,0,37,0.4264,
0,143,1002,0,0,37,0.4257,
0,144,996,0,0,37,0.424,
0,145,1004,0,0,37,0.424,
0,141,481,0,0,20,0.1543,
0,142,396,0,0,20,0.1543,
0,143,411,0,0,20,0.1543,
0,144,442,0,0,20,0.1543,
0,145,466,0,0,20,0.1543,
1,141,-531,0,0,-6,-0.0854,
1,142,-519,0,0,-6,-0.0854,
1,143,-503,0,0,-6,-0.0854,
1,144,-511,0,0,-6,-0.0854,
1,145,-526,0,0,-4,-0.088,
1,141,-466,0,0,-10,-0.277,
1,142,-483,0,0,-11,-0.2893,
1,143,-483,0,0,-10,-0.2879,
1,144,-498,0,0,-11,-0.2901,
1,145,-499,0,0,-11,-0.2874,
1,141,-850,0,0,5,0.0862,
1,142,-850,0,0,5,0.0862,
1,143,-854,0,0,5,0.0862,
1,144,-846,0,0,5,0.0862,
1,145,-866,0,0,5,0.0862,
1,141,-663,0,0,-5,-0.198,
1,142,-687,0,0,-5,-0.214,
1,143,-588,0,0,-6,-0.2293,
1,144,-589,0,0,-6,-0.2459,
1,145,-478,0,0,-10,-0.2629,
0,141,-458,0,0,-7,-0.1517,
0,142,-344,0,0,-6,-0.1525,
0,143,-359,0,0,-6,-0.1525,
0,144,-470,0,0,-6,-0.1465,
0,145,-457,0,0,-5,-0.1405,
0,141,1469,0,0,36,0.5389,
0,142,1388,0,0,36,0.5389,
0,143,1407,0,0,36,0.5389,
0,144,1301,0,0,36,0.5389,
0,145,1293,0,0,37,0.5517,
0,141,1560,0,0,29,0.5566,
0,142,1559,0,0,29,0.5611,
0,143,1572,0,0,29,0.5654,
0,144,1585,0,0,30,0.5669,
0,145,1597,0,0,30,0.5669,
1,141,-733,0,0,-4,-0.1987,
1,142,-719,0,0,-4,-0.1938,
1,143,-712,0,0,-1,-0.1835,
1,144,-708,0,0,-1,-0.1835,
1,145,-706,0,0,-3,-0.1907,
1,141,-732,0,0,-12,-0.3024,
1,142,-776,0,0,-12,-0.3024,
1,143,-915,0,0,-12,-0.3024,
1,144,-957,0,0,-12,-0.3024,
1,145,-974,0,0,-13,-0.2994,
0,141,1158,0,0,38,0.5139,
0,142,1174,0,0,38,0.5139,
0,143,1190,0,0,38,0.5139,
0,144,1234,0,0,38,0.5241,
0,145,1352,0,0,38,0.5241,
1,141,-191,0,0,15,0.0298,
1,142,-195,0,0,15,0.0331,
1,143,-184,0,0,15,0.0331,
1,144,-181,0,0,15,0.0331,
1,145,-182,0,0,15,0.0331,
0,141,-364,0,0,-11,-0.2164,
0,142,-362,0,0,-11,-0.2164,
0,143,-348,0,0,-10,-0.2204,
0,144,-340,0,0,-9,-0.2264,
0,145,-301,0,0,-9,-0.2264,
0,141,696,0,0,23,0.1053,
0,142,680,0,0,23,0.1053,
0,143,691,0,0,25,0.1248,
0,144,709,0,0,25,0.1214,
0,145,703,0,0,25,0.118,
0,141,919,0,0,0,-0.1079,
0,142,945,0,0,0,-0.1079,
0,143,955,0,0,0,-0.1079,
0,144,939,0,0,0,-0.1079,
0,145,925,0,0,0,-0.1097,
0,141,483,0,0,18,0.0875,
0,142,408,0,0,16,0.0835,
0,143,425,0,0,16,0.0811,
0,144,425,0,0,16,0.0808,
0,145,419,0,0,15,0.0811,
0,141,-242,0,0,12,0.433,
0,142,-251,0,0,12,0.4344,
0,143,-259,0,0,13,0.445,
0,144,257,0,0,14,0.4527,
0,145,273,0,0,14,0.456,
0,141,390,0,0,26,0.275,
0,142,419,0,0,25,0.2772,
0,143,432,0,0,25,0.2789,
0,144,444,0,0,25,0.2789,
0,145,554,0,0,25,0.2789,
0,141,-165,0,0,4,-0.0632,
0,142,-171,0,0,4,-0.0632,
0,143,-177,0,0,4,-0.0632,
0,144,-183,0,0,4,-0.0632,
0,145,-297,0,0,2,-0.0845,
0,141,136,0,0,3,0.057,
0,142,144,0,0,4,0.061,
0,143,163,0,0,5,0.0654,
0,144,77,0,0,6,0.066,
0,145,81,0,0,9,0.0677,
1,141,-529,0,0,14,0.2461,
1,142,-428,0,0,14,0.2461,
1,143,-420,0,0,14,0.2461,
1,144,-399,0,0,14,0.2461,
1,145,-374,0,0,14,0.2461,
1,141,-513,0,0,3,0.1573,
1,142,-482,0,0,3,0.1533,
1,143,-465,0,0,3,0.1553,
1,144,-461,0,0,3,0.1573,
1,145,-457,0,0,3,0.1573,
0,141,362,0,0,-11,-0.0141,
0,142,382,0,0,-11,-0.0141,
0,143,386,0,0,-11,-0.0141,
0,144,278,0,0,-11,-0.0141,
0,145,380,0,0,-11,-0.0112,
1,141,-1311,0,0,-14,-0.3241,
1,142,-1295,0,0,-14,-0.3181,
1,143,-1177,0,0,-13,-0.3151,
1,144,-1273,0,0,-13,-0.3151,
1,145,-1281,0,0,-13,-0.3151,
1,141,-588,0,0,4,0.1139,
1,142,-573,0,0,4,0.1139,
1,143,-550,0,0,4,0.1139,
1,144,-428,0,0,5,0.1145,
1,145,-439,0,0,5,0.1145,
0,141,252,0,0,14,0.0069,
0,142,247,0,0,14,0.0029,
0,143,234,0,0,14,0.0029,
0,144,226,0,0,14,0.0029,
0,145,219,0,0,14,0.0029,
1,141,-2174,0,0,-33,-0.2613,
1,142,-2086,0,0,-32,-0.2647,
1,143,-2184,0,0,-32,-0.2664,
1,144,-2074,0,0,-30,-0.2682,
1,145,-2064,0,0,-30,-0.2699,
1,141,-696,0,0,-9,-0.2726,
1,142,-716,0,0,-9,-0.2726,
1,143,-724,0,0,-9,-0.2726,
1,144,-824,0,0,-9,-0.2696,
1,145,-809,0,0,-9,-0.2696,
0,141,912,0,0,26,0.5243,
0,142,914,0,0,29,0.5323,
0,143,906,0,0,31,0.5407,
0,144,896,0,0,29,0.535,
0,145,888,0,0,28,0.5247,
1,141,-684,0,-22.400000,-29,-0.4591,
1,142,-680,0,-22.400000,-29,-0.4591,
1,143,-688,0,-22.400000,-29,-0.4591,
1,144,-712,0,-22.400000,-28,-0.4618,
1,145,-744,0,-22.400000,-28,-0.4618,
1,141,-320,0,0,0,0.0559,
1,142,-309,0,0,-1,0.0521,
1,143,-314,0,0,-1,0.0494,
1,144,-335,0,0,0,0.0467,
1,145,-554,0,0,0,0.0439,
0,141,-198,0,0,35,0.4895,
0,142,320,0,0,35,0.4829,
0,143,442,0,0,35,0.4762,
0,144,450,0,0,35,0.4695,
0,145,450,0,0,34,0.4629,
1,141,-1154,0,0,-41,-0.5506,
1,142,-1151,0,0,-41,-0.5519,
1,143,-1161,0,0,-41,-0.5519,
1,144,-1166,0,0,-41,-0.549,
1,145,-1177,0,0,-40,-0.55,
0,141,431,0,0,-1,-0.032,
0,142,421,0,0,-1,-0.032,
0,143,411,0,0,-1,-0.032,
0,144,532,0,0,-1,-0.032,
0,145,545,0,0,-1,-0.0325,
0,141,347,0,0,19,0.3259,
0,142,350,0,0,19,0.336,
0,143,359,0,0,19,0.336,
0,144,377,0,0,20,0.3406,
0,145,416,0,0,20,0.3406,
0,141,1455,0,0,20,0.2666,
0,142,1438,0,0,20,0.2626,
0,143,1332,0,0,20,0.2586,
0,144,1320,0,0,19,0.2546,
0,145,1308,0,0,19,0.2546,
1,141,-326,0,0,-11,-0.0655,
1,142,-324,0,0,-11,-0.0602,
1,143,-333,0,0,-11,-0.0573,
1,144,-333,0,0,-11,-0.0558,
1,145,-352,0,0,-11,-0.0489,
1,141,-1511,0,0,-22,-0.3825,
1,142,-1486,0,0,-22,-0.3825,
1,143,-1470,0,0,-22,-0.3825,
1,144,-1346,0,0,-22,-0.3825,
1,145,-1438,0,0,-22,-0.3825,
0,141,1585,5.600000,0,15,0.2371,
0,142,1597,7.200000,0,15,0.2371,
0,143,1601,7.200000,0,15,0.2371,
0,144,1605,7.200000,0,15,0.2409,
0,145,1417,7.200000,0,15,0.2446,
1,141,-1478,0,-69.400000,-13,-0.0857,
1,142,-1471,0,-69.400000,-12,-0.0899,
1,143,-1479,0,-69.400000,-13,-0.0969,
1,144,-1480,0,-69.400000,-15,-0.1069,
1,145,-1592,0,-70.800000,-15,-0.1082,
1,141,-1506,0,-16.000000,-25,-0.2933,
1,142,-1498,0,-14.400000,-25,-0.2933,
1,143,-1490,0,-12.800000,-25,-0.2933,
1,144,-1482,0,-11.200000,-25,-0.2933,
1,145,-1490,0,-9.600000,-25,-0.2922,
1,141,85,0,0,14,0.1822,
1,142,82,0,0,13,0.1859,
1,143,72,0,0,11,0.1839,
1,144,79,0,0,11,0.1832,
1,145,78,0,0,11,0.1839,
1,141,461,0,0,0,-0.0118,
1,142,453,0,0,-3,-0.0211,
1,143,451,0,0,-4,-0.0234,
1,144,451,0,0,-6,-0.0335,
1,145,440,0,0,-6,-0.0368,
0,141,15,0,0,13,0.229,
0,142,9,0,0,13,0.229,
0,143,111,0,0,13,0.229,
0,144,105,0,0,13,0.229,
0,145,-9,0,0,13,0.229,
1,141,183,0,0,6,0.3159,
1,142,395,0,0,6,0.3159,
1,143,391,0,0,6,0.3159,
1,144,387,0,0,6,0.3159,
1,145,377,0,0,6,0.3159,
0,141,1419,0,0,41,0.7682,
0,142,1419,0,0,42,0.7706,
0,143,1314,0,0,42,0.7722,
0,144,1310,0,0,42,0.7722,
0,145,1308,0,0,42,0.7722,
1,141,210,0,0,-30,-0.4328,
1,142,195,0,0,-30,-0.4328,
1,143,192,0,0,-30,-0.4328,
1,144,205,0,0,-30,-0.4328,
1,145,212,0,0,-30,-0.4328,
1,141,-315,0,0,0,0.0637,
1,142,-291,0,0,0,0.0599,
1,143,-178,0,0,0,0.0599,
1,144,-186,0,0,0,0.0599,
1,145,-296,0,0,0,0.0559,
1,141,-1316,0,0,-9,-0.1239,
1,142,-1324,0,0,-9,-0.1239,
1,143,-1446,0,0,-9,-0.1239,
1,144,-1434,0,0,-9,-0.1239,
1,145,-1422,0,0,-9,-0.1239,
0,141,685,0,0,18,0.1565,
0,142,681,0,0,17,0.1492,
0,143,677,0,0,15,0.1498,
0,144,674,0,0,13,0.1478,
0,145,162,0,0,12,0.1716,
0,141,457,0,0,24,0.3323,
0,142,451,0,0,24,0.3323,
0,143,471,0,0,24,0.3323,
0,144,492,0,0,24,0.3273,
0,145,630,0,0,26,0.3336,
1,141,-448,0,0,11,0.1782,
1,142,-428,0,0,11,0.1782,
1,143,-436,0,0,11,0.1782,
1,144,-629,0,0,12,0.1835,
1,145,-620,0,0,12,0.1767,
1,141,-13,0,0,-12,-0.032,
1,142,-29,0,0,-12,-0.0324,
1,143,-9,0,0,-12,-0.0417,
1,144,-1,0,0,-12,-0.0537,
1,145,15,0,0,-13,-0.0657,
1,141,-361,0,0,-27,-0.3764,
1,142,-385,0,0,-26,-0.3881,
1,143,-510,0,0,-24,-0.4183,
1,144,-518,0,0,-24,-0.4277,
1,145,-518,0,0,-24,-0.4281,
0,141,692,0,0,7,0.4312,
0,142,587,0,0,7,0.4303,
0,143,587,0,0,7,0.4303,
0,144,579,0,0,5,0.4176,
0,145,569,0,0,2,0.4164,
1,141,-757,0,0,-35,-0.442,
1,142,-676,0,0,-35,-0.442,
1,143,-704,0,0,-36,-0.4507,
1,144,-1232,0,0,-36,-0.4519,
1,145,-759,0,0,-36,-0.4519,
0,141,31,0,0,0,0.2091,
0,142,33,0,0,0,0.2091,
0,143,35,0,0,0,0.2091,
0,144,538,0,0,0,0.2091,
0,145,537,0,0,0,0.2091,
0,141,157,0,0,-13,-0.1605,
0,142,141,0,0,-12,-0.1613,
0,143,132,0,0,-11,-0.1622,
0,144,115,0,0,-11,-0.1675,
0,145,97,0,0,-11,-0.1671,
0,141,81,0,0,-14,-0.134,
0,142,86,0,0,-14,-0.134,
0,143,70,0,0,-16,-0.1444,
0,144,52,0,0,-16,-0.1505,
0,145,142,0,0,-16,-0.1505,
1,141,-9,0,0,-11,0.0003,
1,142,-130,0,0,-12,-0.0072,
1,143,-165,0,0,-13,-0.0133,
1,144,-291,0,0,-13,-0.0118,
1,145,-309,0,0,-13,-0.0118,
1,141,-840,0,0,0,-0.0358,
1,142,-846,0,0,0,-0.032,
1,143,-843,0,0,0,-0.0326,
1,144,-954,0,0,0,-0.0322,
1,145,-966,0,0,0,-0.0322,
0,141,123,0,0,-18,-0.562,
0,142,119,0,0,-18,-0.562,
0,143,131,0,0,-18,-0.5594,
0,144,143,0,0,-18,-0.5725,
0,145,160,0,0,-18,-0.5856,
0,141,-441,0,0,-4,-0.0186,
0,142,-356,0,0,-3,-0.0104,
0,143,35,0,0,-2,-0.0059,
0,144,53,0,0,-2,-0.0059,
0,145,79,0,0,-2,-0.0059,
1,141,-512,0,0,0,0.1646,
1,142,-496,0,0,1,0.1847,
1,143,-371,0,0,5,0.2021,
1,144,-336,0,0,6,0.2108,
1,145,-327,0,0,6,0.2143,
1,141,9,0,0,-33,-0.4988,
1,142,9,0,0,-33,-0.4988,
1,143,1,0,0,-33,-0.4988,
1,144,-7,0,0,-33,-0.5119,
1,145,-15,0,0,-34,-0.525,
0,141,1000,0,0,9,0.1979,
0,142,984,0,0,9,0.1979,
0,143,973,0,0,9,0.1979,
0,144,954,0,0,9,0.2013,
0,145,943,0,0,9,0.2013,
1,141,50,0,0,-5,0.0496,
1,142,53,0,0,-5,0.0421,
1,143,56,0,0,-5,0.0336,
1,144,44,0,0,-5,0.0336,
1,145,32,0,0,-5,0.0427,
0,141,396,0,0,1,-0.0193,
0,142,397,0,0,1,-0.0193,
0,143,374,0,0,1,-0.0193,
0,144,351,0,-2.600000,1,-0.0193,
0,145,220,0,-7.200000,1,-0.0193,
1,141,-680,0,0,-1,-0.0186,
1,142,-800,0,0,-1,-0.0186,
1,143,-811,0,0,-1,-0.0186,
1,144,-707,0,0,-1,-0.0121,
1,145,-719,0,0,-1,-0.0116,
1,141,-39,0,0,29,0.3533,
1,142,-19,0,0,29,0.3493,
1,143,-107,0,0,27,0.3453,
1,144,-115,0,0,27,0.3453,
1,145,-121,0,0,27,0.3453,
0,141,271,0,0,4,0.0768,
0,142,164,0,0,4,0.0768,
0,143,134,0,0,4,0.0768,
0,144,116,0,0,4,0.0889,
0,145,96,0,0,5,0.0989,
1,141,112,0,0,-21,-0.335,
1,142,179,0,0,-22,-0.3424,
1,143,156,0,0,-22,-0.3464,
1,144,135,0,0,-23,-0.3501,
1,145,103,0,0,-23,-0.3506,
0,141,-19,0,0,16,0.3111,
0,142,-19,0,0,16,0.3134,
0,143,-18,0,0,16,0.3162,
0,144,-30,0,0,16,0.315,
0,145,-34,0,0,16,0.3139,
1,141,-632,0,0,-20,-0.0323,
1,142,-612,0,0,-20,-0.0323,
1,143,-584,0,0,-20,-0.0323,
1,144,-604,0,0,-20,-0.0323,
1,145,-610,0,0,-20,-0.0491,
1,141,163,0,0,-10,-0.3042,
1,142,171,0,0,-11,-0.3028,
1,143,-40,0,0,-11,-0.2987,
1,144,-56,0,0,-11,-0.2987,
1,145,-56,0,0,-11,-0.2987,
0,141,304,0,0,10,0.226,
0,142,296,0,0,10,0.2463,
0,143,401,0,0,10,0.2663,
0,144,289,0,0,12,0.2869,
0,145,272,0,0,14,0.3045,
0,141,322,0,0,9,0.2261,
0,142,316,0,0,9,0.2191,
0,143,294,0,0,9,0.2211,
0,144,288,0,0,9,0.2231,
0,145,290,0,0,11,0.2277,
0,141,46,0,0,22,0.2995,
0,142,54,0,0,22,0.2995,
0,143,60,0,0,21,0.3022,
0,144,66,0,0,20,0.3001,
0,145,62,0,0,20,0.3027,
1,141,-627,0,0,-15,-0.205,
1,142,-616,0,0,-15,-0.205,
1,143,-615,0,0,-15,-0.205,
1,144,-613,0,0,-15,-0.2016,
1,145,-600,0,0,-15,-0.2024,
1,141,-854,0,0,-21,-0.4298,
1,142,-831,0,0,-21,-0.4298,
1,143,-803,0,0,-21,-0.4298,
1,144,-775,0,0,-21,-0.4298,
1,145,-763,0,0,-21,-0.4298,
0,141,530,13.600000,0,11,0.3363,
0,142,447,16.400000,0,12,0.3405,
0,143,354,16.400000,0,12,0.3448,
0,144,365,16.400000,0,12,0.34,
0,145,398,18.800000,0,13,0.332,
0,141,-11,0,0,-7,-0.1637,
0,142,-11,0,0,-5,-0.1607,
0,143,-21,0,0,-5,-0.1578,
0,144,19,0,0,-4,-0.1549,
0,145,159,0,0,-4,-0.1549,
0,141,966,0,0,21,0.3064,
0,142,944,0,0,21,0.3064,
0,143,926,0,0,21,0.3064,
0,144,1134,0,0,22,0.305,
0,145,1118,0,0,22,0.3022,
0,141,628,0,0,1,-0.0685,
0,142,628,0,0,1,-0.0685,
0,143,628,0,0,1,-0.0685,
0,144,529,0,0,4,-0.0554,
0,145,1019,0,0,4,-0.0607,
0,141,1130,0,0,31,0.7029,
0,142,1031,0,0,32,0.7055,
0,143,1037,0,0,32,0.7055,
0,144,1043,0,0,33,0.7097,
0,145,1047,0,0,33,0.7131,
1,141,-520,0,0,-13,-0.1113,
1,142,-396,0,0,-13,-0.1113,
1,143,-372,0,0,-13,-0.1113,
1,144,-248,0,0,-13,-0.0968,
1,145,-224,0,0,-14,-0.0813,
0,141,84,0,0,-1,-0.0732,
0,142,-436,0,0,-1,-0.0767,
0,143,-436,0,0,-2,-0.0732,
0,144,76,0,0,-2,-0.0698,
0,145,-16,0,0,-2,-0.0664,
0,141,993,0,0,3,-0.0577,
0,142,980,0,0,3,-0.055,
0,143,974,0,0,3,-0.055,
0,144,977,0,0,3,-0.055,
0,145,951,0,0,3,-0.055,
1,141,-122,0,0,-6,-0.0924,
1,142,-118,0,0,-6,-0.0914,
1,143,-129,0,0,-6,-0.0849,
1,144,-141,0,0,-8,-0.0886,
1,145,-153,0,0,-10,-0.0924,
1,141,-947,0,0,14,0.0065,
1,142,-932,0,0,14,0.0065,
1,143,-909,0,0,14,0.0065,
1,144,-890,0,0,13,0.0056,
1,145,-879,0,0,11,0.0047,
1,141,-581,0,0,-25,-0.2568,
1,142,-707,0,0,-25,-0.2568,
1,143,-619,0,0,-25,-0.2568,
1,144,-631,0,0,-25,-0.2568,
1,145,-623,0,0,-25,-0.2568,
0,141,364,0,0,6,0.0148,
0,142,340,0,0,6,0.0148,
0,143,308,0,0,6,0.0148,
0,144,284,0,0,6,0.0148,
0,145,376,0,0,6,0.0266,
1,141,-668,0,0,-17,-0.2413,
1,142,-666,0,0,-14,-0.236,
1,143,-661,0,0,-13,-0.2255,
1,144,-683,0,0,-13,-0.2152,
1,145,-711,0,0,-13,-0.2152,
0,141,1074,0,0,15,0.3356,
0,142,1080,0,0,15,0.3356,
0,143,1094,0,0,15,0.3356,
0,144,1080,0,0,15,0.3406,
0,145,1074,0,0,15,0.3456,
0,141,445,0,0,24,0.3058,
0,142,461,0,0,25,0.319,
0,143,476,0,0,25,0.3217,
0,144,508,0,0,25,0.3217,
0,145,532,0,0,25,0.3217,
1,141,-1446,0,0,32,0.6485,
1,142,-1422,0,0,32,0.6485,
1,143,-1398,0,0,32,0.6485,
1,144,-1374,0,0,32,0.6485,
1,145,-1268,0,0,32,0.6485,
1,141,-842,0,0,32,0.842,
1,142,-818,0,0,32,0.842,
1,143,-818,0,0,32,0.842,
1,144,-921,0,0,34,0.842,
1,145,-800,0,0,38,0.842,
1,141,-1087,0,0,20,0.5379,
1,142,-1087,0,0,20,0.5379,
1,143,-1087,0,0,20,0.5379,
1,144,-1087,0,0,20,0.5379,
1,145,-1087,0,0,20,0.5379,
0,141,156,0,0,33,0.5407,
0,142,140,0,0,34,0.5447,
0,143,45,0,0,34,0.5482,
0,144,57,0,0,34,0.5482,
0,145,97,0,0,34,0.5482,
1,141,-1508,0,0,16,0.6637,
1,142,-1508,0,0,16,0.6637,
1,143,-1508,0,0,16,0.6637,
1,144,-1508,0,0,16,0.6637,
1,145,-1468,0,0,16,0.6637,
1,141,-1609,0,0,39,0.8874,
1,142,-1610,0,0,40,0.8952,
1,143,-1588,0,0,40,0.9051,
1,144,-1568,0,0,40,0.9051,
1,145,-1548,0,0,40,0.9051,
1,141,-1251,0,0,7,0.2902,
1,142,-1267,0,0,6,0.2797,
1,143,-1268,0,0,6,0.2698,
1,144,-1268,0,0,6,0.2672,
1,145,-1219,0,0,4,0.2647,
1,141,-515,0,0,38,0.7574,
1,142,-523,0,0,38,0.7574,
1,143,-531,0,0,38,0.7574,
1,144,-539,0,0,38,0.7574,
1,145,-547,0,0,38,0.7574,
0,141,-587,0,0,14,0.3146,
0,142,-587,0,0,14,0.3146,
0,143,-586,0,0,17,0.3211,
0,144,-584,0,0,17,0.3198,
0,145,-533,0,0,18,0.3158,
1,141,-374,0,0,31,0.8145,
1,142,-258,0,0,31,0.8145,
1,143,-253,0,0,31,0.8145,
1,144,-260,0,0,31,0.8145,
1,145,-156,0,0,31,0.8145,
0,141,-296,0,0,31,0.6955,
0,142,-204,0,0,31,0.6955,
0,143,-230,0,0,31,0.6955,
0,144,-244,0,0,31,0.6955,
0,145,-206,0,0,31,0.6955,
1,141,-980,0,0,25,0.588,
1,142,-980,0,0,25,0.588,
1,143,-980,0,0,25,0.588,
1,144,-980,0,0,25,0.588,
1,145,-840,0,0,25,0.588,
1,141,-278,0,0,20,0.4448,
1,142,-270,0,0,20,0.4528,
1,143,-152,0,0,20,0.4608,
1,144,-128,0,0,20,0.4608,
1,145,-90,0,0,20,0.4608,
1,141,-922,0,0,44,1.1589,
1,142,-928,0,0,44,1.1589,
1,143,-928,0,0,44,1.1589,
1,144,-1147,0,0,44,1.1589,
1,145,-1163,0,0,44,1.1589,
1,141,-727,0,0,3,0.1172,
1,142,-618,0,0,2,0.1153,
1,143,-609,0,0,2,0.1142,
1,144,-605,0,0,2,0.1142,
1,145,-589,0,0,2,0.1142,
1,141,-1576,0,0,3,0.2494,
1,142,-1592,0,0,2,0.2598,
1,143,-1560,0,0,4,0.2697,
1,144,-1528,0,0,4,0.2697,
1,145,-1404,0,0,4,0.2697,
0,141,163,0,0,19,0.489,
0,142,147,0,0,19,0.489,
0,143,35,0,0,19,0.489,
0,144,35,0,0,19,0.489,
0,145,63,0,0,19,0.489,
1,141,-316,0,0,42,0.9782,
1,142,-329,0,0,42,0.9782,
1,143,-342,0,0,42,0.9782,
1,144,-852,0,0,42,0.9782,
1,145,-862,0,0,42,0.9782,
1,141,-1308,0,0,28,0.7547,
1,142,-1316,0,0,28,0.7547,
1,143,-1324,0,0,28,0.7547,
1,144,-1332,0,0,28,0.7547,
1,145,-1332,0,0,28,0.7547,
1,141,-171,0,0,24,0.5075,
1,142,-131,0,0,24,0.5155,
1,143,-91,0,0,24,0.5155,
1,144,31,0,0,24,0.5155,
1,145,-63,0,0,24,0.5155,
1,141,-502,0,0,24,0.5705,
1,142,-510,0,0,24,0.5788,
1,143,-518,0,0,23,0.5873,
1,144,-539,0,0,22,0.5987,
1,145,-541,0,0,26,0.6079,
1,141,-1298,0,0,27,0.7347,
1,142,-1278,0,0,27,0.7347,
1,143,-1258,0,0,27,0.7347,
1,144,-1146,0,0,27,0.7347,
1,145,-1146,0,0,27,0.7347,
1,141,-767,0,0,40,0.9983,
1,142,-784,0,0,40,0.9983,
1,143,-787,0,0,40,0.9983,
1,144,-790,0,0,40,0.9983,
1,145,-750,0,0,40,0.9983,
0,141,538,0,0,16,0.4082,
0,142,519,0,0,17,0.4105,
0,143,491,0,0,17,0.4146,
0,144,485,0,0,17,0.4174,
0,145,500,0,0,17,0.4174,
0,141,-1168,0,0,29,0.618,
0,142,-1144,0,0,30,0.6281,
0,143,-1096,0,0,30,0.6284,
0,144,-1063,0,0,30,0.6284,
0,145,-933,0,0,30,0.6284,
1,141,-1440,0,0,41,0.9474,
1,142,-1335,0,0,41,0.9474,
1,143,-1352,0,0,41,0.9474,
1,144,-1481,0,0,41,0.9474,
1,145,-1393,0,0,41,0.9474,
1,141,-1486,0,0,27,0.8851,
1,142,-1469,0,0,30,0.8963,
1,143,-1368,0,0,30,0.8963,
1,144,-1386,0,0,30,0.8963,
1,145,-1247,0,0,30,0.8963,
1,141,-1240,0,0,23,0.6155,
1,142,-1256,0,0,23,0.6155,
1,143,-1264,0,0,23,0.6155,
1,144,-1272,0,0,23,0.6155,
1,145,-1176,0,0,23,0.6155,
1,141,-1374,0,0,2,0.0498,
1,142,-1379,0,0,2,0.0498,
1,143,-1395,0,0,2,0.0498,
1,144,-1412,0,0,2,0.0498,
1,145,-1388,0,0,1,0.0487,
0,141,1650,0,0,-32,-0.8594,
0,142,1642,0,0,-32,-0.8594,
0,143,1526,0,0,-32,-0.8594,
0,144,1534,0,0,-32,-0.8594,
0,145,1502,0,0,-32,-0.8594,
0,141,1160,0,0,-18,-0.3447,
0,142,1135,0,0,-17,-0.3461,
0,143,1135,0,0,-15,-0.3425,
0,144,1143,0,0,-15,-0.3397,
0,145,1105,0,0,-14,-0.3344,
0,141,378,0,0,-10,-0.3649,
0,142,355,0,0,-10,-0.3649,
0,143,332,0,0,-10,-0.3649,
0,144,332,0,0,-10,-0.3649,
0,145,329,0,0,-10,-0.3613,
0,141,1397,0,0,-38,-0.8847,
0,142,1405,0,0,-38,-0.8847,
0,143,1413,0,0,-38,-0.8847,
0,144,1421,0,0,-38,-0.8847,
0,145,1308,0,0,-38,-0.8847,
0,141,484,0,0,-10,-0.3936,
0,142,460,0,0,-10,-0.4132,
0,143,436,0,0,-10,-0.4212,
0,144,404,0,0,-11,-0.4292,
0,145,376,0,0,-11,-0.4292,
1,141,-369,0,0,-17,-0.3322,
1,142,-385,0,0,-17,-0.3432,
1,143,-401,0,0,-17,-0.3543,
1,144,-323,0,0,-17,-0.3653,
1,145,-349,0,0,-17,-0.3767,
0,141,824,0,0,-33,-0.7139,
0,142,824,0,0,-33,-0.7139,
0,143,824,0,0,-33,-0.7139,
0,144,830,0,0,-33,-0.7139,
0,145,830,0,0,-33,-0.7139,
1,141,574,0,0,-25,-0.5028,
1,142,587,0,0,-25,-0.5084,
1,143,599,0,0,-27,-0.5161,
1,144,588,0,0,-27,-0.5291,
1,145,514,0,0,-27,-0.5291,
1,141,-624,0,0,-32,-0.567,
1,142,-748,0,0,-32,-0.567,
1,143,-748,0,0,-32,-0.567,
1,144,-748,0,0,-32,-0.567,
1,145,-776,0,0,-32,-0.567,
0,141,1365,0,0,-26,-0.6919,
0,142,1473,0,0,-26,-0.6919,
0,143,1473,0,0,-26,-0.6919,
0,144,1473,0,0,-26,-0.6919,
0,145,1473,0,0,-26,-0.6919,
0,141,583,0,0,-27,-0.6554,
0,142,607,0,0,-27,-0.6643,
0,143,631,0,0,-29,-0.6851,
0,144,654,0,0,-32,-0.7047,
0,145,650,0,0,-33,-0.7223,
0,141,722,0,0,-18,-0.3982,
0,142,731,0,0,-19,-0.399,
0,143,601,0,0,-19,-0.3995,
0,144,605,0,0,-19,-0.3995,
0,145,597,0,0,-19,-0.3995,
1,141,571,0,0,-22,-0.3483,
1,142,548,0,0,-22,-0.3563,
1,143,548,0,0,-22,-0.3643,
1,144,648,0,0,-23,-0.3753,
1,145,478,0,0,-20,-0.3783,
0,141,1179,0,0,2,-0.0756,
0,142,1153,0,0,3,-0.0716,
0,143,1011,0,0,3,-0.0716,
0,144,976,0,0,3,-0.0716,
0,145,948,0,0,3,-0.0716,
0,141,1259,0,0,-42,-0.9296,
0,142,1379,0,0,-42,-0.9296,
0,143,1394,0,0,-42,-0.9296,
0,144,1407,0,0,-42,-0.9296,
0,145,1419,0,0,-42,-0.9296,
0,141,1236,0,0,-27,-0.6589,
0,142,1360,0,0,-27,-0.6698,
0,143,1370,0,0,-28,-0.6807,
0,144,1380,0,0,-32,-0.6917,
0,145,1295,0,0,-33,-0.701,
1,141,-313,0,0,-36,-0.7247,
1,142,-321,0,0,-36,-0.7247,
1,143,-189,0,0,-36,-0.7247,
1,144,-174,0,0,-35,-0.7109,
1,145,-186,0,0,-35,-0.699,
0,141,993,0,0,-20,-0.4781,
0,142,980,0,0,-20,-0.4861,
0,143,984,0,0,-22,-0.4921,
0,144,967,0,0,-24,-0.5061,
0,145,913,0,0,-25,-0.5151,
0,141,584,0,0,-43,-0.9472,
0,142,598,0,0,-43,-0.9472,
0,143,1119,0,0,-43,-0.9472,
0,144,1148,0,0,-43,-0.9472,
0,145,1177,0,0,-43,-0.9472,
0,141,1855,0,0,7,-0.3013,
0,142,1855,0,0,7,-0.3013,
0,143,1855,0,0,7,-0.2979,
0,144,1855,0,0,7,-0.2945,
0,145,1855,0,0,10,-0.2911,
0,141,421,0,0,-19,-0.4511,
0,142,409,0,0,-19,-0.4591,
0,143,402,0,0,-19,-0.4671,
0,144,371,0,0,-19,-0.4751,
0,145,-191,0,0,-19,-0.4751,
0,141,1133,0,0,-18,-0.4516,
0,142,1109,0,0,-18,-0.4516,
0,143,1193,0,0,-18,-0.4516,
0,144,1177,0,0,-18,-0.4516,
0,145,1137,0,0,-18,-0.4516,
0,141,1377,0,0,-32,-0.6326,
0,142,1359,0,0,-32,-0.6326,
0,143,1255,0,0,-32,-0.6326,
0,144,1261,0,0,-32,-0.6326,
0,145,1383,0,0,-32,-0.6326,
0,141,549,0,0,-33,-0.6705,
0,142,549,0,0,-33,-0.6705,
0,143,657,0,0,-33,-0.6705,
0,144,673,0,0,-33,-0.6705,
0,145,689,0,0,-33,-0.6705,
0,141,967,0,0,-16,-0.4307,
0,142,959,0,0,-16,-0.4307,
0,143,1056,0,0,-16,-0.4307,
0,144,1053,0,0,-16,-0.4307,
0,145,1058,0,0,-16,-0.4307,
0,141,1668,0,0,-18,-0.6444,
0,142,1688,0,0,-18,-0.6444,
0,143,1708,0,0,-18,-0.6444,
0,144,1716,0,0,-18,-0.6444,
0,145,1724,0,0,-18,-0.6444,
0,141,1553,0.0,0.0,0,-0.2759,
0,142,1530,0.0,0.0,-3,-0.2769,
0,143,1506,0.0,0.0,-2,-0.2764,
0,144,1463,0.0,0.0,-3,-0.2758,
0,145,1404,0.0,0.0,-3,-0.2758,
0,141,175,0.0,0.0,-12,-0.5168,
0,142,65,0.0,0.0,-12,-0.5168,
0,143,-37,0.0,0.0,-12,-0.5168,
0,144,-21,0.0,0.0,-12,-0.5168,
0,145,-21,0.0,0.0,-12,-0.5168,
1,141,641,0.0,0.0,-11,-0.49,
1,142,652,0.0,0.0,-11,-0.4863,
1,143,663,0.0,0.0,-11,-0.4827,
1,144,649,0.0,0.0,-11,-0.4823,
1,145,609,0.0,0.0,-11,-0.4743,
1,141,118,0.0,0.0,-24,-0.6483,
1,142,114,0.0,0.0,-24,-0.6483,
1,143,110,0.0,0.0,-24,-0.6483,
1,144,94,0.0,0.0,-24,-0.6483,
1,145,70,0.0,0.0,-24,-0.6483,
0,141,859,0.0,0.0,-37,-0.9743,
0,142,859,0.0,0.0,-42,-0.9802,
0,143,1370,0.0,0.0,-43,-0.9865,
0,144,1380,0.0,0.0,-44,-0.9935,
0,145,1376,0.0,0.0,-44,-0.9932,
0,141,1410,0.0,0.0,4,-0.4182,
0,142,1410,0.0,0.0,4,-0.4182,
0,143,1410,0.0,0.0,4,-0.4182,
0,144,1410,0.0,0.0,4,-0.4182,
0,145,1410,0.0,0.0,4,-0.4182,
0,141,849,0.0,0.0,4,-0.0138,
0,142,867,0.0,0.0,4,-0.0138,
0,143,885,0.0,0.0,4,-0.0138,
0,144,903,0.0,0.0,4,-0.0138,
0,145,903,0.0,0.0,4,-0.0138,
0,141,710,0.0,0.0,3,-0.132,
0,142,694,0.0,0.0,3,-0.132,
0,143,670,0.0,0.0,3,-0.1435,
0,144,568,0.0,0.0,3,-0.1546,
0,145,568,0.0,0.0,1,-0.1657,
0,141,846,0.0,0.0,-34,-0.6234,
0,142,822,0.0,0.0,-34,-0.6234,
0,143,729,0.0,0.0,-34,-0.6234,
0,144,745,0.0,0.0,-34,-0.6234,
0,145,761,0.0,0.0,-34,-0.6234,
0,141,1722,0.0,0.0,-24,-0.8196,
0,142,1723,0.0,0.0,-24,-0.8202,
0,143,1724,0.0,0.0,-24,-0.8206,
0,144,1724,0.0,0.0,-24,-0.82,
0,145,1606,0.0,0.0,-24,-0.8195,
0,141,794,0.0,0.0,-18,-0.8047,
0,142,707,0.0,0.0,-18,-0.8047,
0,143,707,0.0,0.0,-18,-0.8047,
0,144,707,0.0,0.0,-18,-0.8047,
0,145,707,0.0,0.0,-18,-0.8047,
0,141,693,0.0,0.0,-38,-0.7314,
0,142,693,0.0,0.0,-38,-0.7314,
0,143,701,0.0,0.0,-38,-0.7314,
0,144,709,0.0,0.0,-38,-0.7314,
0,145,709,0.0,0.0,-38,-0.7314,
0,141,975,0.0,0.0,-17,-0.9145,
0,142,1083,0.0,0.0,-17,-0.9145,
0,143,1083,0.0,0.0,-17,-0.9145,
0,144,1083,0.0,0.0,-17,-0.9145,
0,145,967,0.0,0.0,-17,-0.9145,
1,141,203,0.0,0.0,-17,-0.4898,
1,142,181,0.0,0.0,-17,-0.4898,
1,143,159,0.0,0.0,-17,-0.4898,
1,144,137,0.0,0.0,-17,-0.4898,
1,145,-286,0.0,0.0,-17,-0.4898,
0,141,1899,0.0,0.0,-10,-0.5714,
0,142,1915,0.0,0.0,-10,-0.5714,
0,143,1923,0.0,0.0,-10,-0.5714,
0,144,1915,0.0,0.0,-10,-0.5714,
0,145,1923,0.0,0.0,-10,-0.5714,
0,141,1324,0.0,0.0,-12,-0.3796,
0,142,1196,0.0,0.0,-12,-0.3796,
0,143,1088,0.0,0.0,-12,-0.3796,
0,144,1095,0.0,0.0,-12,-0.3796,
0,145,1095,0.0,0.0,-12,-0.3796,
1,141,-246,0.0,0.0,-21,-0.4592,
1,142,-246,0.0,0.0,-23,-0.4729,
1,143,-270,0.0,0.0,-26,-0.4863,
1,144,-271,0.0,0.0,-27,-0.4974,
1,145,-326,0.0,0.0,-28,-0.5124,
0,141,463,0.0,0.0,-16,-0.3766,
0,142,463,0.0,0.0,-16,-0.3766,
0,143,463,0.0,0.0,-17,-0.388,
0,144,463,0.0,0.0,-18,-0.3994,
0,145,426,0.0,0.0,-19,-0.4079,
1,141,214,0.0,0.0,-20,-0.2808,
1,142,166,0.0,0.0,-20,-0.2808,
1,143,134,0.0,0.0,-20,-0.2808,
1,144,102,0.0,0.0,-20,-0.2808,
1,145,-130,0.0,0.0,-20,-0.2808,
0,141,719,0.0,0.0,-32,-0.7659,
0,142,719,0.0,0.0,-32,-0.7659,
0,143,719,0.0,0.0,-32,-0.7659,
0,144,835,0.0,0.0,-32,-0.7659,
0,145,851,0.0,0.0,-32,-0.7659,
0,141,1613,0.0,0.0,-31,-0.818,
0,142,1589,0.0,0.0,-31,-0.818,
0,143,1565,0.0,0.0,-31,-0.818,
0,144,1541,0.0,0.0,-31,-0.818,
0,145,1625,0.0,0.0,-31,-0.818,
0,141,673,0.0,0.0,-47,-1.0281,
0,142,673,0.0,0.0,-47,-1.0281,
0,143,673,0.0,0.0,-47,-1.0281,
0,144,673,0.0,0.0,-47,-1.0281,
0,145,565,0.0,0.0,-47,-1.0281,
0,141,1493,0.0,0.0,-38,-0.8684,
0,142,1485,0.0,0.0,-38,-0.8684,
0,143,1477,0.0,0.0,-38,-0.8684,
0,144,1469,0.0,0.0,-38,-0.8684,
0,145,1337,0.0,0.0,-38,-0.8684,
0,141,344,0.0,0.0,-39,-0.7277,
0,142,320,0.0,0.0,-39,-0.7277,
0,143,206,0.0,0.0,-39,-0.7277,
0,144,214,0.0,0.0,-39,-0.7277,
0,145,172,0.0,0.0,-43,-0.7358,
1,141,288,0.0,0.0,-24,-0.5373,
1,142,264,0.0,0.0,-24,-0.5373,
1,143,240,0.0,0.0,-24,-0.5373,
1,144,124,0.0,0.0,-24,-0.5373,
1,145,-404,0.0,0.0,-24,-0.5373,
0,141,834,0.0,0.0,-30,-0.8016,
0,142,836,0.0,0.0,-30,-0.8016,
0,143,838,0.0,0.0,-30,-0.8016,
0,144,840,0.0,0.0,-30,-0.8016,
0,145,850,0.0,0.0,-30,-0.8016,
0,141,434,0.0,0.0,-26,-0.4595,
0,142,434,0.0,0.0,-26,-0.4595,
0,143,434,0.0,0.0,-26,-0.4595,
0,144,434,0.0,0.0,-26,-0.4595,
0,145,434,0.0,0.0,-26,-0.4595,
1,141,432,0.0,0.0,-23,-0.418,
1,142,416,0.0,0.0,-23,-0.418,
1,143,424,0.0,0.0,-23,-0.418,
1,144,323,0.0,0.0,-23,-0.4225,
1,145,299,0.0,0.0,-23,-0.4225,
0,141,59,0.0,0.0,-29,-0.7816,
0,142,68,0.0,0.0,-29,-0.7816,
0,143,77,0.0,0.0,-29,-0.7816,
0,144,79,0.0,0.0,-29,-0.7932,
0,145,66,0.0,0.0,-30,-0.7975,
0,141,1663,0.0,0.0,-29,-0.632,
0,142,1647,0.0,0.0,-29,-0.632,
0,143,1623,0.0,0.0,-29,-0.632,
0,144,1623,0.0,0.0,-29,-0.632,
0,145,1483,0.0,0.0,-29,-0.636,
1,141,266,0.0,0.0,-45,-0.7744,
1,142,248,0.0,0.0,-45,-0.7855,
1,143,230,0.0,0.0,-48,-0.7968,
1,144,211,0.0,0.0,-48,-0.8073,
1,145,-46,0.0,0.0,-49,-0.8191,
0,141,1043,0.0,0.0,-30,-0.8835,
0,142,1049,0.0,0.0,-30,-0.8946,
0,143,1056,0.0,0.0,-29,-0.9064,
0,144,1062,0.0,0.0,-29,-0.9164,
0,145,1164,0.0,0.0,-29,-0.9265,
0,141,717,0.0,0.0,-37,-0.8331,
0,142,717,0.0,0.0,-37,-0.8331,
0,143,717,0.0,0.0,-37,-0.8331,
0,144,825,0.0,0.0,-37,-0.8331,
0,145,833,0.0,0.0,-36,-0.8419,
0,141,635,0.0,0.0,-29,-0.5367,
0,142,554,0.0,0.0,-29,-0.54,
0,143,579,0.0,0.0,-30,-0.5427,
0,144,586,0.0,0.0,-30,-0.5457,
0,145,550,0.0,0.0,-30,-0.5457,
1,141,-536,0.0,0.0,35,0.4844,
1,142,-413,0.0,0.0,34,0.4877,
1,143,-511,0.0,0.0,34,0.4877,
1,144,-421,0.0,0.0,34,0.4877,
1,145,-401,0.0,0.0,34,0.4877,
1,141,-866,0.0,0.0,18,0.5881,
1,142,-978,0.0,0.0,18,0.5881,
1,143,-986,0.0,0.0,18,0.5881,
1,144,-986,0.0,0.0,18,0.5881,
1,145,-1494,0.0,0.0,20,0.5961,
1,141,-1016,0.0,0.0,12,0.258,
1,142,-1128,0.0,0.0,12,0.258,
1,143,-1128,0.0,0.0,12,0.258,
1,144,-1128,0.0,0.0,12,0.258,
1,145,-578,0.0,0.0,12,0.258,
0,141,-502,0.0,0.0,5,0.1904,
0,142,-367,0.0,0.0,5,0.1904,
0,143,-356,0.0,0.0,5,0.1904,
0,144,-345,0.0,0.0,5,0.1904,
0,145,274,0.0,0.0,5,0.1904,
1,141,-850,0.0,0.0,30,0.6475,
1,142,-850,0.0,0.0,30,0.6475,
1,143,-862,0.0,0.0,30,0.6475,
1,144,-873,0.0,0.0,30,0.6482,
1,145,-940,0.0,0.0,30,0.6482,
1,141,-167,0.0,0.0,11,0.3225,
1,142,-167,0.0,0.0,11,0.3205,
1,143,-50,0.0,0.0,9,0.3185,
1,144,-31,0.0,0.0,9,0.3191,
1,145,-2,0.0,0.0,9,0.3191,
0,141,-313,0.0,0.0,10,0.3634,
0,142,-175,0.0,0.0,10,0.3634,
0,143,-86,0.0,0.0,10,0.3634,
0,144,-93,0.0,0.0,10,0.3634,
0,145,-50,0.0,0.0,10,0.3634,
1,141,-318,0.0,0.0,43,1.0572,
1,142,-326,0.0,0.0,43,1.0572,
1,143,-334,0.0,0.0,43,1.0572,
1,144,-342,0.0,0.0,43,1.0572,
1,145,-338,0.0,0.0,43,1.0572,
0,141,429,0.0,0.0,39,0.6807,
0,142,429,0.0,0.0,39,0.6807,
0,143,429,0.0,0.0,39,0.6807,
0,144,429,0.0,0.0,39,0.6807,
0,145,457,0.0,0.0,39,0.6807,
1,141,-905,0.0,0.0,11,0.6263,
1,142,-889,0.0,0.0,11,0.6263,
1,143,-773,0.0,0.0,11,0.6263,
1,144,-1297,0.0,0.0,11,0.6263,
1,145,-1273,0.0,0.0,11,0.6263,
1,141,-970,0.0,0.0,22,0.6665,
1,142,-972,0.0,0.0,22,0.6665,
1,143,-988,0.0,0.0,22,0.6665,
1,144,-1004,0.0,0.0,22,0.6665,
1,145,-1020,0.0,0.0,22,0.6665,
1,141,-1593,0.0,0.0,48,0.9563,
1,142,-1589,0.0,0.0,48,0.9563,
1,143,-1585,0.0,0.0,48,0.9563,
1,144,-1593,0.0,0.0,48,0.9563,
1,145,-1601,0.0,0.0,48,0.9563,
1,141,-1554,0.0,0.0,16,0.6259,
1,142,-1538,0.0,0.0,16,0.6259,
1,143,-1514,0.0,0.0,16,0.6259,
1,144,-1514,0.0,0.0,16,0.6259,
1,145,-1515,0.0,0.0,19,0.6261,
1,141,-1230,0.0,0.0,15,0.6311,
1,142,-1229,0.0,0.0,15,0.6311,
1,143,-1236,0.0,0.0,15,0.6311,
1,144,-1243,0.0,0.0,15,0.6311,
1,145,-1250,0.0,0.0,15,0.6311,
1,141,-1274,0.0,0.0,-4,0.2911,
1,142,-1290,0.0,0.0,-4,0.2911,
1,143,-1290,0.0,0.0,-4,0.2911,
1,144,-1290,0.0,0.0,-4,0.3025,
1,145,-1266,0.0,0.0,-4,0.3025,
1,141,-498,0.0,0.0,8,0.3445,
1,142,-450,0.0,0.0,8,0.3445,
1,143,-510,0.0,0.0,8,0.3445,
1,144,-282,0.0,0.0,8,0.3445,
1,145,-246,0.0,0.0,8,0.3445,
1,141,-740,0.0,0.0,34,0.8261,
1,142,-643,0.0,0.0,34,0.8261,
1,143,-662,0.0,0.0,34,0.8261,
1,144,-670,0.0,0.0,34,0.8261,
1,145,-678,0.0,0.0,34,0.8261,
1,141,-1500,0.0,0.0,23,0.4213,
1,142,-1500,0.0,0.0,23,0.4213,
1,143,-1500,0.0,0.0,23,0.4213,
1,144,-1500,0.0,0.0,23,0.4213,
1,145,-1500,0.0,0.0,23,0.4213,
0,141,-392,0.0,0.0,37,0.7705,
0,142,-373,0.0,0.0,37,0.7705,
0,143,-354,0.0,0.0,37,0.7705,
0,144,-330,0.0,0.0,37,0.7705,
0,145,-254,0.0,0.0,37,0.7705,
1,141,-1212,0.0,0.0,27,0.7824,
1,142,-1212,0.0,0.0,27,0.7824,
1,143,-1212,0.0,0.0,27,0.7824,
1,144,-1212,0.0,0.0,27,0.7824,
1,145,-1084,0.0,0.0,27,0.7824,
1,141,-148,0.0,0.0,28,0.6143,
1,142,-268,0.0,0.0,28,0.6257,
1,143,-276,0.0,0.0,28,0.6371,
1,144,-284,0.0,0.0,28,0.6484,
1,145,-256,0.0,0.0,28,0.6598,
1,141,-1715,0.0,0.0,16,0.5949,
1,142,-1611,0.0,0.0,16,0.5949,
1,143,-1612,0.0,0.0,16,0.5949,
1,144,-1613,0.0,0.0,16,0.6058,
1,145,-1613,0.0,0.0,16,0.6171,
1,141,-441,0.0,0.0,34,0.4359,
1,142,-431,0.0,0.0,34,0.4359,
1,143,-421,0.0,0.0,34,0.4359,
1,144,-327,0.0,0.0,34,0.4359,
1,145,-303,0.0,0.0,34,0.4359,
0,141,420,0.0,0.0,17,0.5063,
0,142,420,0.0,0.0,17,0.5063,
0,143,420,0.0,0.0,17,0.5063,
0,144,420,0.0,0.0,17,0.5063,
0,145,446,0.0,0.0,17,0.5063,
1,141,-1093,0.0,0.0,27,0.7105,
1,142,-1109,0.0,0.0,27,0.7105,
1,143,-1125,0.0,0.0,27,0.7105,
1,144,-1141,0.0,0.0,27,0.7105,
1,145,-1009,0.0,0.0,27,0.7105,
1,141,-793,0.0,0.0,38,0.9002,
1,142,-801,0.0,0.0,38,0.9002,
1,143,-809,0.0,0.0,38,0.9002,
1,144,-817,0.0,0.0,38,0.9002,
1,145,-708,0.0,0.0,38,0.9002,
1,141,-763,0.0,0.0,-1,0.1441,
1,142,-783,0.0,0.0,-1,0.1441,
1,143,-795,0.0,0.0,-1,0.1441,
1,144,-791,0.0,0.0,-1,0.1441,
1,145,-767,0.0,0.0,-1,0.1441,
1,141,-1435,0.0,0.0,21,0.451,
1,142,-1450,0.0,0.0,22,0.4615,
1,143,-1465,0.0,0.0,24,0.4711,
1,144,-1370,0.0,0.0,25,0.4775,
1,145,-1386,0.0,0.0,25,0.4775,
1,141,-2008,0.0,0.0,19,0.677,
1,142,-2021,0.0,0.0,19,0.677,
1,143,-2034,0.0,0.0,19,0.677,
1,144,-2034,0.0,0.0,19,0.677,
1,145,-2034,0.0,0.0,19,0.677,
