0,146,273,0,0,37,0.5391,
0,147,300,0,0,40,0.5449,
0,148,331,0,0,40,0.5511,
0,149,255,0,0,40,0.5553,
0,150,283,0,0,40,0.5553,
0,146,462,0,0,34,0.3405,
0,147,462,0,0,34,0.3528,
0,148,468,0,0,30,0.3653,
0,149,485,0,0,30,0.3694,
0,150,503,0,0,30,0.3715,
1,146,-533,0,0,-29,-0.337,
1,147,-514,0,0,-29,-0.337,
1,148,-523,0,0,-29,-0.337,
1,149,-637,0,0,-29,-0.337,
1,150,-635,0,0,-29,-0.337,
0,146,1020,0,0,2,0.0007,
0,147,1018,0,0,1,0.0009,
0,148,1135,0,0,1,0.0122,
0,149,1147,0,0,0,0.0145,
0,150,1056,0,0,0,0.0145,
1,146,-329,0,0,16,0.1855,
1,147,-329,0,0,16,0.1855,
1,148,-318,0,0,16,0.1893,
1,149,-308,0,0,18,0.1961,
1,150,-283,0,0,18,0.2,
1,146,-1444,0,0,-36,-0.606,
1,147,-1456,0,0,-36,-0.606,
1,148,-1574,0,0,-36,-0.6097,
1,149,-1586,0,0,-36,-0.6097,
1,150,-1598,0,0,-36,-0.6097,
1,146,-488,0,0,-7,-0.0655,
1,147,-360,0,0,-8,-0.0669,
1,148,-330,0,0,-8,-0.0668,
1,149,-202,0,0,-8,-0.0668,
1,150,-204,0,0,-7,-0.0664,
0,146,1634,0,0,34,0.5595,
0,147,2158,0,0,34,0.5595,
0,148,2194,5.000000,0,34,0.5595,
0,149,2218,10.000000,0,34,0.5595,
0,150,2336,15.000000,0,34,0.5595,
0,146,80,0,0,37,0.6719,
0,147,102,0,0,37,0.6719,
0,148,112,0,0,37,0.6719,
0,149,122,0,0,36,0.6591,
0,150,253,0,0,37,0.6463,
1,146,73,0,0,-29,-0.2163,
1,147,-18,0,0,-29,-0.2163,
1,148,-21,0,0,-29,-0.2163,
1,149,-48,0,0,-27,-0.2123,
1,150,-75,0,0,-27,-0.2123,
1,146,-238,0,0,-11,-0.2623,
1,147,-214,0,0,-11,-0.2657,
1,148,-605,0,0,-11,-0.2646,
1,149,-580,0,0,-11,-0.2646,
1,150,-555,0,0,-11,-0.2526,
1,146,-814,0,0,-36,-0.4483,
1,147,-702,0,0,-36,-0.4483,
1,148,-690,0,0,-36,-0.4483,
1,149,-686,0,0,-36,-0.4483,
1,150,-1178,0,0,-36,-0.4483,
1,146,-2010,0,0,-48,-0.6987,
1,147,-2134,0,0,-48,-0.7021,
1,148,-2163,0,0,-48,-0.7021,
1,149,-2191,0,0,-48,-0.7021,
1,150,-2219,0,0,-48,-0.7021,
0,146,448,0,0,3,0.106,
0,147,456,0,0,4,0.1156,
0,148,452,0,0,4,0.1218,
0,149,424,0,0,6,0.1314,
0,150,504,0,0,7,0.141,
1,146,-1210,0,0,-11,-0.2268,
1,147,-1184,0,0,-11,-0.2268,
1,148,-1286,0,0,-11,-0.2268,
1,149,-1279,0,0,-11,-0.2246,
1,150,-1271,0,0,-11,-0.2228,
0,146,403,0,0,27,0.5103,
0,147,412,0,0,27,0.5104,
0,148,313,0,0,27,0.5104,
0,149,321,0,0,27,0.5104,
0,150,329,0,0,27,0.5104,
0,146,812,0,0,23,0.3891,
0,147,825,0,0,23,0.3891,
0,148,837,0,0,23,0.3891,
0,149,863,0,0,23,0.3891,
0,150,889,0,0,23,0.3891,
0,146,247,0,0,24,0.4241,
0,147,248,0,0,24,0.4241,
0,148,265,0,0,24,0.4241,
0,149,260,0,0,24,0.4241,
0,150,255,0,0,24,0.4241,
1,146,-452,0,0,-18,-0.3715,
1,147,-565,0,0,-18,-0.3668,
1,148,-579,0,0,-18,-0.3668,
1,149,-679,0,0,-18,-0.3668,
1,150,-600,0,0,-18,-0.3681,
1,146,-450,0,0,-22,-0.3391,
1,147,-450,0,0,-22,-0.3391,
1,148,-450,0,0,-22,-0.3391,
1,149,-450,0,0,-22,-0.3391,
1,150,-442,0,0,-22,-0.3435,
0,146,424,0,0,16,0.3649,
0,147,442,0,0,16,0.3649,
0,148,448,0,0,16,0.3649,
0,149,440,0,0,16,0.3649,
0,150,546,0,0,18,0.3417,
1,146,236,0,0,-2,-0.0162,
1,147,322,0,0,-2,-0.0162,
1,148,-196,0,0,-2,-0.0162,
1,149,-303,0,0,-2,-0.0162,
1,150,-305,0,0,-2,-0.0231,
1,146,-522,0,0,-3,-0.1156,
1,147,-539,0,0,-3,-0.1156,
1,148,-556,0,0,-3,-0.1186,
1,149,-665,0,0,-3,-0.1215,
1,150,-666,0,0,-3,-0.1178,
0,146,68,0,0,7,0.0646,
0,147,-34,0,0,8,0.0689,
0,148,-33,0,0,8,0.07,
0,149,-29,0,0,8,0.07,
0,150,82,0,0,8,0.07,
1,146,-1042,0,0,-7,-0.0253,
1,147,-930,0,0,-7,-0.0253,
1,148,-918,0,0,-7,-0.0253,
1,149,-898,0,0,-7,-0.0253,
1,150,-1490,0,0,-7,-0.0253,
1,146,-552,0,0,-13,-0.3014,
1,147,-563,0,0,-13,-0.2977,
1,148,-576,0,0,-13,-0.2977,
1,149,-468,0,0,-13,-0.2977,
1,150,-464,0,0,-13,-0.2977,
1,146,110,0,0,-19,-0.3585,
1,147,56,0,0,-19,-0.3604,
1,148,36,0,0,-18,-0.3584,
1,149,-76,0,0,-19,-0.358,
1,150,-80,0,0,-19,-0.348,
1,146,-626,0,-45.600000,-3,0.0459,
1,147,-610,0,-42.400000,-3,0.0419,
1,148,-594,0,-39.200000,-3,0.0419,
1,149,-554,0,-36.000000,-3,0.0419,
1,150,-530,0,-36.000000,-3,0.0409,
1,146,-829,0,0,-25,-0.3117,
1,147,-831,0,0,-24,-0.327,
1,148,-841,0,0,-24,-0.3339,
1,149,-851,0,0,-24,-0.3339,
1,150,-861,0,0,-24,-0.3339,
1,146,-112,0,0,13,0.2065,
1,147,-96,0,0,13,0.2065,
1,148,-86,0,0,13,0.2065,
1,149,-90,0,0,13,0.2065,
1,150,-118,0,0,13,0.2071,
0,146,777,0,0,11,0.0829,
0,147,753,0,0,11,0.0829,
0,148,525,0,0,11,0.0829,
0,149,516,0,0,11,0.0867,
0,150,508,0,0,8,0.0881,
0,146,428,0,0,6,0.236,
0,147,297,0,0,6,0.2344,
0,148,384,0,0,7,0.2327,
0,149,493,0,0,7,0.2327,
0,150,478,0,0,5,0.23,
1,146,-367,0,0,20,0.2287,
1,147,-387,0,0,20,0.2287,
1,148,-411,0,0,20,0.2287,
1,149,-447,0,0,20,0.2287,
1,150,-471,0,0,20,0.2287,
1,146,-666,0,0,-38,-0.551,
1,147,-706,0,0,-38,-0.551,
1,148,-747,0,0,-38,-0.5566,
1,149,-866,0,0,-39,-0.5625,
1,150,-868,0,0,-39,-0.5625,
1,146,-167,0,0,-2,0.1191,
1,147,-167,0,0,-2,0.1302,
1,148,-167,0,0,0,0.143,
1,149,-166,0,0,1,0.1554,
1,150,-680,0,0,2,0.1688,
1,146,-680,0,0,-5,-0.2026,
1,147,-690,0,0,-5,-0.2026,
1,148,-683,0,0,-5,-0.2026,
1,149,-668,0,0,-6,-0.2086,
1,150,-654,0,0,-6,-0.2086,
0,146,1756,0,0,21,0.2775,
0,147,1744,0,0,21,0.2775,
0,148,1765,0,0,21,0.3029,
0,149,1788,0,0,20,0.3121,
0,150,1794,0,0,20,0.3228,
1,146,-179,0,0,-3,0.0373,
1,147,-78,0,0,-3,0.0381,
1,148,-76,0,0,-3,0.0381,
1,149,-190,0,0,-3,0.0381,
1,150,-272,0,0,-3,0.0381,
0,146,676,0,0,1,0.0154,
0,147,716,0,0,1,0.0154,
0,148,620,0,0,1,0.0154,
0,149,108,0,0,1,0.0154,
0,150,183,0,0,1,0.0154,
1,146,-1468,0,0,-49,-0.5437,
1,147,-1596,0,0,-49,-0.5437,
1,148,-1620,0,0,-49,-0.5437,
1,149,-1644,0,0,-49,-0.5437,
1,150,-1652,0,0,-49,-0.5437,
0,146,631,0,0,-2,-0.0072,
0,147,749,0,0,-3,-0.0117,
0,148,757,0,0,-3,-0.0117,
0,149,765,0,0,-3,-0.0117,
0,150,649,0,0,-3,-0.0117,
1,146,-257,0,0,-7,0.0563,
1,147,-225,0,0,-6,0.0633,
1,148,-208,0,0,-4,0.0706,
1,149,-413,0,0,-3,0.0667,
1,150,-433,0,0,-4,0.0636,
0,146,1887,0,0,12,0.3559,
0,147,1893,0,0,12,0.3559,
0,148,1911,0,0,12,0.3559,
0,149,2029,0,0,12,0.3559,
0,150,2043,0,0,12,0.3559,
0,146,4,0,0,16,0.2966,
0,147,12,0,0,18,0.2989,
0,148,127,0,0,20,0.3012,
0,149,157,0,0,22,0.3015,
0,150,703,0,0,22,0.305,
1,146,-1323,0,0,-48,-0.9255,
1,147,-1347,0,0,-46,-0.943,
1,148,-1386,0,0,-45,-0.9604,
1,149,-1494,0,0,-45,-0.9786,
1,150,-1494,0,0,-47,-0.997,
0,146,391,0,0,11,0.2165,
0,147,403,0,0,10,0.2256,
0,148,409,0,0,11,0.2347,
0,149,423,0,0,12,0.2451,
0,150,431,0,0,12,0.2502,
0,146,418,0,0,11,0.1999,
0,147,418,0,0,11,0.1999,
0,148,530,0,0,11,0.1999,
0,149,534,0,0,11,0.1999,
0,150,538,0,0,11,0.1999,
1,146,-812,0,0,15,-0.0254,
1,147,-812,0,0,15,-0.0194,
1,148,-698,0,0,14,-0.0134,
1,149,-690,0,0,15,-0.0205,
1,150,-681,0,0,15,-0.0312,
0,146,523,0,0,-8,-0.1308,
0,147,557,0,0,-9,-0.1142,
0,148,584,0,0,-9,-0.1142,
0,149,619,0,0,-9,-0.1142,
0,150,639,0,0,-9,-0.1142,
1,146,-311,0,0,-7,0.0228,
1,147,-349,0,0,-5,0.0168,
1,148,-387,0,0,-5,0.0116,
1,149,-523,0,0,-5,0.0116,
1,150,-526,0,0,-5,0.0116,
1,146,-791,0,0,3,0.0188,
1,147,-783,0,0,3,0.0188,
1,148,-661,0,0,2,0.0123,
1,149,-656,0,0,2,0.0092,
1,150,-659,0,0,2,0.0092,
1,146,284,0,0,9,0.0334,
1,147,-216,0,0,10,0.0394,
1,148,-215,0,0,10,0.0422,
1,149,-120,0,0,10,0.0464,
1,150,-128,0,0,9,0.0504,
0,146,1941,0,0,29,0.4492,
0,147,1431,0,0,29,0.4492,
0,148,1427,0,0,29,0.4492,
0,149,927,0,0,28,0.4543,
0,150,930,0,0,28,0.4543,
1,146,-422,0,0,12,0.1703,
1,147,-406,0,0,12,0.1693,
1,148,-390,0,0,12,0.1693,
1,149,-374,0,0,12,0.1693,
1,150,-350,0,0,12,0.1693,
0,146,933,0,0,18,0.0584,
0,147,959,0,0,21,0.0727,
0,148,878,0,0,20,0.0765,
0,149,880,0,0,20,0.0817,
0,150,993,0,0,21,0.0924,
1,146,-451,0,0,6,-0.1436,
1,147,-441,0,0,3,-0.1445,
1,148,-330,0,0,2,-0.1453,
1,149,-328,0,0,1,-0.143,
1,150,-323,0,0,-3,-0.146,
0,146,232,0,0,0,0.0803,
0,147,215,0,0,-2,0.0723,
0,148,13,0,0,-3,0.0627,
0,149,5,0,0,-4,0.0545,
0,150,5,0,0,-5,0.0475,
1,146,-691,0,0,7,0.013,
1,147,-678,0,0,7,0.013,
1,148,-658,0,0,7,0.013,
1,149,-650,0,0,7,0.013,
1,150,-641,0,0,7,0.013,
1,146,14,0,0,-13,-0.1328,
1,147,-500,0,0,-13,-0.1296,
1,148,-495,0,0,-14,-0.134,
1,149,-523,0,0,-14,-0.1361,
1,150,-537,0,0,-14,-0.1361,
0,146,167,0,0,-24,-0.5139,
0,147,164,0,0,-24,-0.5139,
0,148,164,0,0,-24,-0.5139,
0,149,180,0,0,-26,-0.5192,
0,150,196,0,0,-27,-0.5363,
1,146,-808,0,0,-23,-0.205,
1,147,-810,0,0,-23,-0.205,
1,148,-834,0,0,-23,-0.205,
1,149,-770,0,0,-23,-0.2143,
1,150,-879,0,0,-23,-0.2176,
1,146,-7,0,0,-23,-0.2455,
1,147,-19,0,0,-24,-0.2767,
1,148,-116,0,0,-24,-0.2796,
1,149,-104,0,0,-25,-0.2797,
1,150,-92,0,0,-25,-0.2797,
0,146,521,0,0,2,-0.2488,
0,147,518,0,0,2,-0.2488,
0,148,503,0,0,2,-0.2488,
0,149,388,0,0,2,-0.2488,
0,150,390,0,0,2,-0.2488,
1,146,-791,0,0,10,0.3167,
1,147,-677,0,0,8,0.319,
1,148,-670,0,0,8,0.325,
1,149,-640,0,0,9,0.3323,
1,150,-607,0,0,12,0.3385,
0,146,899,0,0,-3,-0.2171,
0,147,878,0,0,-3,-0.2171,
0,148,761,0,0,-3,-0.2171,
0,149,746,0,0,-3,-0.2171,
0,150,730,0,0,-3,-0.2237,
1,146,-210,0,0,2,0.1027,
1,147,-203,0,0,2,0.1027,
1,148,-196,0,0,2,0.1027,
1,149,-95,0,0,2,0.1027,
1,150,-88,0,0,4,0.0836,
0,146,841,0,0,29,0.4866,
0,147,721,0,0,27,0.4894,
0,148,820,0,0,26,0.4927,
0,149,817,0,0,26,0.4995,
0,150,814,0,0,27,0.5078,
0,146,64,0,0,23,0.119,
0,147,52,0,0,23,0.119,
0,148,164,0,0,23,0.119,
0,149,176,0,0,23,0.1169,
0,150,292,0,0,23,0.1148,
0,146,137,0,0,4,0.238,
0,147,123,0,0,4,0.238,
0,148,15,0,0,4,0.238,
0,149,23,0,0,4,0.238,
0,150,29,0,0,4,0.238,
1,146,-1057,0,0,-34,-0.388,
1,147,-1057,0,0,-34,-0.388,
1,148,-1055,0,0,-35,-0.397,
1,149,-1074,0,0,-37,-0.404,
1,150,-1068,0,0,-37,-0.404,
1,146,-1097,0,0,-13,-0.2191,
1,147,-1202,0,0,-13,-0.2191,
1,148,-1207,0,0,-13,-0.2191,
1,149,-1194,0,0,-13,-0.2191,
1,150,-1181,0,0,-13,-0.2191,
1,146,-63,0,0,7,-0.0787,
1,147,-188,0,0,7,-0.0787,
1,148,-205,0,0,7,-0.0787,
1,149,-198,0,0,7,-0.0787,
1,150,-300,0,0,7,-0.0787,
0,146,224,0,0,-4,-0.2469,
0,147,240,0,0,-4,-0.2469,
0,148,364,0,0,-4,-0.2464,
0,149,364,0,0,-4,-0.2464,
0,150,364,0,0,-4,-0.2464,
1,146,-956,0,0,2,0.0623,
1,147,-980,0,0,2,0.0623,
1,148,-380,0,0,2,0.0623,
1,149,-380,0,0,1,0.0603,
1,150,-399,0,0,2,0.0571,
0,146,2083,0,0,55,0.5037,
0,147,2081,0,0,55,0.5037,
0,148,2079,0,0,55,0.5147,
0,149,2083,0,0,57,0.5256,
0,150,2087,0,0,59,0.5286,
0,146,1013,0,0,22,0.1189,
0,147,1135,0,0,22,0.1189,
0,148,1151,0,0,22,0.1189,
0,149,1167,0,0,19,0.1207,
0,150,1179,0,0,19,0.1224,
0,146,467,0,0,8,0.1195,
0,147,482,0,0,8,0.1208,
0,148,499,0,0,8,0.1208,
0,149,504,0,0,8,0.1208,
0,150,598,0,0,8,0.1208,
1,146,-107,0,0,-12,-0.0907,
1,147,-124,0,0,-9,-0.0919,
1,148,-16,0,0,-7,-0.0943,
1,149,-32,0,0,-6,-0.0989,
1,150,-63,0,0,-7,-0.1009,
1,146,-1468,0,0,-23,-0.3741,
1,147,-1482,0,0,-23,-0.3741,
1,148,-1496,0,0,-23,-0.3741,
1,149,-1510,0,0,-23,-0.3741,
1,150,-1524,0,0,-23,-0.3741,
1,146,-899,0,0,-14,-0.4597,
1,147,-1031,0,0,-14,-0.4602,
1,148,-1040,0,0,-14,-0.4602,
1,149,-955,0,0,-14,-0.4602,
1,150,-954,0,0,-14,-0.4602,
1,146,-645,11.400000,0,-32,-0.6531,
1,147,-621,11.400000,0,-33,-0.6565,
1,148,-602,11.400000,0,-34,-0.6615,
1,149,-591,11.800000,0,-36,-0.6643,
1,150,-695,12.200000,-6.200000,-36,-0.6643,
1,146,-654,0,0,-6,-0.249,
1,147,-630,0,0,-4,-0.2425,
1,148,-608,0,0,-6,-0.2508,
1,149,-606,0,0,-8,-0.2609,
1,150,-607,0,0,-7,-0.2674,
0,146,1165,0,0,14,0.3978,
0,147,1172,0,0,16,0.4034,
0,148,1194,0,0,15,0.4091,
0,149,1220,0,0,15,0.4091,
0,150,1337,0,0,15,0.4091,
0,146,1290,0,0,19,0.6681,
0,147,1402,0,0,18,0.6652,
0,148,1409,0,0,18,0.6679,
0,149,1422,0,0,18,0.664,
0,150,1396,0,0,18,0.6676,
1,146,-666,0,0,-16,-0.4241,
1,147,-674,0,0,-15,-0.4236,
1,148,-683,0,0,-15,-0.4215,
1,149,-580,0,0,-15,-0.4274,
1,150,-590,0,0,-16,-0.4431,
0,146,388,0,0,-3,0.1678,
0,147,489,0,0,-3,0.1678,
0,148,490,0,0,-3,0.1678,
0,149,488,0,0,-5,0.1534,
0,150,489,0,0,-6,0.1474,
0,146,599,0,0,14,0.2464,
0,147,577,0,0,14,0.2485,
0,148,475,0,0,15,0.2503,
0,149,472,0,0,15,0.2503,
0,150,369,0,0,15,0.2465,
0,146,1207,0,0,5,0.0125,
0,147,1199,0,0,5,0.0125,
0,148,1197,0,0,6,0.0242,
0,149,1091,0,0,8,0.0369,
0,150,1093,0,0,9,0.0443,
0,146,-48,0,0,3,0.1668,
0,147,-60,0,0,3,0.1668,
0,148,-72,0,0,3,0.1704,
0,149,-36,0,0,4,0.178,
0,150,70,0,0,4,0.178,
1,146,-198,0,0,-16,-0.3967,
1,147,-216,0,0,-16,-0.3967,
1,148,-328,0,0,-14,-0.3882,
1,149,-338,0,0,-12,-0.3806,
1,150,-350,0,0,-12,-0.3836,
1,146,-748,0,0,-28,-0.3609,
1,147,-768,0,0,-28,-0.3609,
1,148,-777,0,0,-28,-0.3609,
1,149,-782,0,0,-28,-0.3609,
1,150,-795,0,0,-28,-0.3609,
0,146,484,0,0,31,0.507,
0,147,601,0,0,31,0.5043,
0,148,602,0,0,31,0.4931,
0,149,635,0,0,31,0.4931,
0,150,668,0,0,31,0.4952,
1,146,-454,0,0,-11,-0.1362,
1,147,-468,0,0,-11,-0.1437,
1,148,-474,0,0,-10,-0.146,
1,149,-577,0,0,-10,-0.15,
1,150,-585,0,0,-11,-0.153,
0,146,1572,0,0,20,0.5153,
0,147,1570,0,0,19,0.5212,
0,148,1570,0,0,20,0.519,
0,149,1568,0,0,21,0.5178,
0,150,1456,0,0,22,0.5098,
0,146,155,0,-44.000000,15,0.2329,
0,147,135,0,-46.400000,15,0.2329,
0,148,46,0,-47.200000,15,0.2329,
0,149,165,0,-48.000000,15,0.2329,
0,150,170,0,-48.800000,15,0.2329,
0,146,1256,0,0,21,0.0217,
0,147,1256,0,0,21,0.0217,
0,148,1256,0,0,20,0.0257,
0,149,1260,0,0,20,0.0297,
0,150,1256,0,0,20,0.0297,
1,146,-329,0,0,-36,-0.6089,
1,147,-465,0,0,-36,-0.6089,
1,148,-701,0,0,-36,-0.6097,
1,149,-713,0,0,-36,-0.6097,
1,150,-817,0,0,-36,-0.6097,
1,146,-730,0,0,-7,0.1165,
1,147,-714,0,0,-7,0.1036,
1,148,-698,0,0,-7,0.0806,
1,149,-690,0,0,-7,0.0652,
1,150,-689,0,0,-7,0.0652,
0,146,1378,0,0,38,0.6784,
0,147,1492,0,0,38,0.6784,
0,148,1505,0,0,38,0.6784,
0,149,1518,0,0,38,0.6784,
0,150,1425,0,0,38,0.6781,
0,146,692,0,0,-6,-0.0822,
0,147,575,0,0,-6,-0.0826,
0,148,563,0,0,-6,-0.0839,
0,149,557,0,0,-6,-0.0839,
0,150,547,0,0,-6,-0.0839,
0,146,466,0,0,23,0.4527,
0,147,470,0,0,23,0.4517,
0,148,482,0,0,23,0.4511,
0,149,591,0,0,24,0.4597,
0,150,494,0,0,26,0.4662,
0,146,611,0,0,25,0.2222,
0,147,509,0,0,25,0.2314,
0,148,525,0,0,25,0.2322,
0,149,539,0,0,26,0.2377,
0,150,540,0,0,26,0.243,
1,146,-709,0,0,-32,-0.4404,
1,147,-810,0,0,-33,-0.4442,
1,148,-1338,0,0,-33,-0.4442,
1,149,-1358,0,0,-33,-0.4442,
1,150,-1378,0,0,-33,-0.4442,
1,146,-523,0,0,-36,-0.5887,
1,147,-508,0,0,-36,-0.5918,
1,148,-494,0,0,-36,-0.5946,
1,149,-497,0,0,-36,-0.5965,
1,150,-512,0,0,-36,-0.6045,
1,146,-288,0,0,0,0.1035,
1,147,-185,0,0,0,0.1035,
1,148,-161,0,0,0,0.1035,
1,149,-161,0,0,0,0.1035,
1,150,-174,0,0,0,0.1005,
0,146,260,0,0,0,0.2103,
0,147,160,0,0,0,0.2103,
0,148,168,0,0,0,0.2103,
0,149,177,0,0,3,0.207,
0,150,301,0,0,4,0.205,
1,146,-922,0,0,10,0.1822,
1,147,-519,0,0,10,0.1822,
1,148,-382,0,0,10,0.1822,
1,149,-354,0,0,10,0.1822,
1,150,-326,0,0,10,0.1822,
1,146,-1884,0,0,-48,-0.6653,
1,147,-1908,0,0,-48,-0.669,
1,148,-1916,0,0,-48,-0.6728,
1,149,-1908,0,0,-48,-0.6765,
1,150,-1914,0,0,-48,-0.6802,
0,146,331,0,0,28,0.4716,
0,147,212,0,0,28,0.4755,
0,148,62,0,0,28,0.475,
0,149,51,0,0,28,0.475,
0,150,41,0,0,27,0.4679,
1,146,-1246,0,0,-37,-0.5099,
1,147,-1232,0,0,-37,-0.5099,
1,148,-1210,0,0,-37,-0.5099,
1,149,-1099,0,0,-37,-0.5132,
1,150,-1102,0,0,-38,-0.517,
0,146,848,0,0,21,0.3658,
0,147,885,0,0,22,0.3631,
0,148,922,0,0,25,0.3604,
0,149,951,0,0,25,0.3604,
0,150,872,0,0,25,0.3604,
0,146,885,0,-23.600000,30,0.4723,
0,147,789,0,-28.400000,31,0.4752,
0,148,798,0,-33.200000,33,0.482,
0,149,889,0,-38.000000,31,0.4876,
0,150,861,0,-42.800000,31,0.4891,
0,146,146,0,0,-1,-0.1797,
0,147,638,0,0,-1,-0.1797,
0,148,594,0,0,-1,-0.1797,
0,149,674,0,0,-1,-0.1797,
0,150,662,0,0,-2,-0.1826,
0,146,791,0,0,27,0.3927,
0,147,796,0,0,27,0.3925,
0,148,1296,0,0,28,0.3959,
0,149,1288,0,0,28,0.3959,
0,150,1160,0,0,28,0.3959,
0,146,934,0,0,-5,-0.0081,
0,147,952,0,0,-5,-0.0081,
0,148,855,0,0,-5,-0.0081,
0,149,849,0,0,-5,-0.0087,
0,150,834,0,0,-5,0.0023,
1,146,-1095,0,0,-20,-0.4942,
1,147,-1083,0,0,-19,-0.4984,
1,148,-1070,0,0,-19,-0.5011,
1,149,-961,0,0,-19,-0.5011,
1,150,-940,0,0,-19,-0.5027,
0,146,761,0,0,9,0.0214,
0,147,761,0,0,9,0.0214,
0,148,749,0,0,9,0.0214,
0,149,727,0,0,7,0.0126,
0,150,697,0,0,6,0.0046,
0,146,180,0,0,19,0.2325,
0,147,178,0,0,19,0.2325,
0,148,188,0,0,19,0.2325,
0,149,198,0,0,19,0.2325,
0,150,190,0,0,19,0.2323,
0,146,857,0,0,6,0.241,
0,147,981,0,0,6,0.241,
0,148,1097,0,0,6,0.241,
0,149,1105,0,0,5,0.237,
0,150,1078,0,0,7,0.2366,
0,146,303,0,0,8,0.1254,
0,147,189,0,0,8,0.1224,
0,148,193,0,0,8,0.1224,
0,149,309,0,0,8,0.1224,
0,150,313,0,0,8,0.1224,
1,146,-64,0,0,-8,0.074,
1,147,-98,0,0,-8,0.074,
1,148,-132,0,0,-8,0.074,
1,149,-556,0,0,-8,0.074,
1,150,-667,0,0,-8,0.074,
0,146,310,0,0,16,0.288,
0,147,311,0,0,16,0.2923,
0,148,311,0,0,16,0.2923,
0,149,311,0,0,16,0.2923,
0,150,295,0,0,16,0.2923,
1,146,-740,0,0,-26,-0.3783,
1,147,-858,0,0,-26,-0.3773,
1,148,-857,0,0,-28,-0.3826,
1,149,-857,0,0,-28,-0.3864,
1,150,-850,0,0,-28,-0.3864,
0,146,1154,0,0,35,0.5797,
0,147,1170,0,0,35,0.5797,
0,148,1186,0,0,35,0.5827,
0,149,1086,0,0,35,0.5856,
0,150,1182,0,0,35,0.5856,
1,146,-441,0,0,-13,-0.2899,
1,147,-518,0,0,-12,-0.2877,
1,148,-479,0,0,-12,-0.286,
1,149,-347,0,0,-12,-0.285,
1,150,-346,0,0,-12,-0.2846,
1,146,-931,0,0,-18,-0.347,
1,147,-823,0,0,-18,-0.347,
1,148,-723,0,0,-18,-0.347,
1,149,-308,0,0,-18,-0.347,
1,150,-297,0,0,-18,-0.347,
1,146,-1172,0,0,-16,-0.2088,
1,147,-1054,0,0,-15,-0.2118,
1,148,-1054,0,0,-15,-0.2118,
1,149,-1164,0,0,-15,-0.2118,
1,150,-1180,0,0,-15,-0.2118,
0,146,313,0,0,11,0.0705,
0,147,215,0,0,11,0.0693,
0,148,228,0,0,11,0.0693,
0,149,131,0,0,11,0.0693,
0,150,245,0,0,11,0.0693,
1,146,-627,0,0,0,-0.0889,
1,147,-621,0,0,0,-0.095,
1,148,-613,0,0,-1,-0.104,
1,149,-594,0,0,-2,-0.1167,
1,150,-558,0,0,-3,-0.1279,
1,146,-571,0,0,-40,-0.5475,
1,147,-611,0,0,-40,-0.5415,
1,148,-639,0,0,-40,-0.5427,
1,149,-658,0,0,-39,-0.5461,
1,150,-673,0,0,-41,-0.5495,
1,146,-173,0,0,-6,-0.1084,
1,147,-166,0,0,-6,-0.1084,
1,148,-135,0,0,-6,-0.1084,
1,149,-108,0,0,-6,-0.1084,
1,150,-98,0,0,-6,-0.1084,
1,146,-1233,0,0,-29,-0.618,
1,147,-1235,0,0,-30,-0.623,
1,148,-1235,0,0,-30,-0.623,
1,149,-1343,0,0,-30,-0.623,
1,150,-1351,0,0,-30,-0.623,
0,146,805,0,0,15,0.3606,
0,147,804,0,0,17,0.3641,
0,148,803,0,0,15,0.3694,
0,149,801,0,0,18,0.3742,
0,150,800,0,0,18,0.3776,
1,146,-421,0,0,-33,-0.5191,
1,147,-439,0,0,-33,-0.5191,
1,148,-552,0,0,-33,-0.5191,
1,149,-586,0,0,-35,-0.5262,
1,150,-601,0,0,-35,-0.5297,
0,146,562,0,0,23,0.4322,
0,147,569,0,0,23,0.4322,
0,148,385,0,0,23,0.4322,
0,149,404,0,0,23,0.4322,
0,150,538,0,0,23,0.4327,
0,146,190,0,0,8,0.0871,
0,147,81,0,0,10,0.0896,
0,148,70,0,0,8,0.0896,
0,149,57,0,0,7,0.0895,
0,150,46,0,0,7,0.0895,
0,146,1506,0,0,45,0.7711,
0,147,1446,0,0,45,0.7711,
0,148,948,0,0,45,0.7711,
0,149,1042,0,0,45,0.7711,
0,150,1030,0,0,45,0.7711,
1,146,-1281,0,0,-16,-0.079,
1,147,-1281,0,0,-16,-0.0762,
1,148,-1173,0,0,-16,-0.073,
1,149,-1157,0,0,-16,-0.0699,
1,150,-1045,0,0,-17,-0.0731,
0,146,352,0,0,32,0.8399,
0,147,367,0,0,33,0.8384,
0,148,355,0,0,36,0.8444,
0,149,353,0,0,37,0.8593,
0,150,481,0,0,37,0.8613,
1,146,-224,0,0,1,0.1849,
1,147,-210,0,0,1,0.1849,
1,148,-206,0,0,1,0.189,
1,149,-219,0,0,0,0.1847,
1,150,-203,0,0,0,0.1847,
1,146,-1268,0,0,-20,-0.4468,
1,147,-1268,0,0,-20,-0.4468,
1,148,-1169,0,0,-21,-0.4582,
1,149,-1284,0,0,-21,-0.4598,
1,150,-1177,0,0,-22,-0.4602,
1,146,-1079,0,-33.200000,-5,-0.0164,
1,147,-1076,0,-33.200000,-5,-0.0164,
1,148,-1064,0,-33.200000,-5,-0.0164,
1,149,-1166,0,-33.200000,-5,-0.0164,
1,150,-1186,0,-36.400000,-5,-0.0164,
0,146,323,0,0,-6,0.1723,
0,147,328,0,0,-6,0.1723,
0,148,229,0,0,-6,0.1723,
0,149,374,0,0,-6,0.1723,
0,150,274,0,0,-6,0.1723,
1,146,-811,0,0,-22,-0.1398,
1,147,-823,0,0,-22,-0.1398,
1,148,-928,0,0,-22,-0.1398,
1,149,-924,0,0,-22,-0.1398,
1,150,-932,0,0,-22,-0.1398,
1,146,-924,0,0,-4,0.006,
1,147,-930,0,0,-4,0.0117,
1,148,-926,0,0,-5,0.014,
1,149,-930,0,0,-5,0.0196,
1,150,-926,0,0,-6,0.0253,
0,146,374,0,0,23,0.1832,
0,147,374,0,0,23,0.1832,
0,148,382,0,0,23,0.1832,
0,149,370,0,0,23,0.1832,
0,150,375,0,0,23,0.1825,
0,146,222,0,0,12,0.1395,
0,147,224,0,0,12,0.1395,
0,148,220,1.600000,0,12,0.1395,
0,149,230,4.800000,0,12,0.1395,
0,150,339,4.800000,0,12,0.1395,
1,146,-100,0,0,-14,-0.1287,
1,147,-192,0,0,-11,-0.1247,
1,148,-180,0,0,-11,-0.1201,
1,149,-164,0,0,-12,-0.1261,
1,150,-174,0,0,-12,-0.129,
0,146,125,0,0,-2,0.0283,
0,147,150,0,0,-1,0.0318,
0,148,79,0,0,-1,0.035,
0,149,99,0,0,-1,0.0378,
0,150,10,0,0,-1,0.039,
0,146,709,0,0,20,0.4031,
0,147,717,0,0,20,0.4071,
0,148,625,0,0,20,0.4071,
0,149,633,0,0,20,0.4071,
0,150,641,0,0,20,0.4071,
0,146,503,0,0,-21,-0.5498,
0,147,596,0,0,-21,-0.5478,
0,148,606,0,0,-21,-0.5462,
0,149,632,0,0,-21,-0.5452,
0,150,658,0,0,-21,-0.5452,
0,146,842,0,0,6,0.068,
0,147,865,0,0,6,0.068,
0,148,872,0,0,6,0.068,
0,149,973,0,0,3,0.0797,
0,150,965,0,0,3,0.0927,
0,146,437,0,0,11,0.1674,
0,147,439,0,0,15,0.1594,
0,148,438,0,0,13,0.1526,
0,149,429,0,0,11,0.1406,
0,150,419,0,0,11,0.1329,
1,146,-69,0,0,1,0.2303,
1,147,-85,0,0,1,0.2303,
1,148,-117,0,0,1,0.2159,
1,149,-133,0,0,1,0.2044,
1,150,-149,0,0,1,0.195,
1,146,90,0,0,-10,-0.1782,
1,147,66,0,0,-10,-0.1792,
1,148,36,0,0,-12,-0.1641,
1,149,-1,0,0,-11,-0.1565,
1,150,-40,0,0,-11,-0.1602,
1,146,-708,0,-7.200000,-32,-0.3123,
1,147,-704,0,-7.200000,-32,-0.3123,
1,148,-720,0,-7.200000,-32,-0.3123,
1,149,-752,0,-7.200000,-32,-0.3123,
1,150,-776,0,-7.200000,-32,-0.3123,
0,146,124,0,0,-6,-0.0479,
0,147,144,0,0,-6,-0.0479,
0,148,169,0,0,-6,-0.047,
0,149,166,0,0,-6,-0.046,
0,150,173,0,0,-6,-0.0499,
0,146,370,0,0,-10,-0.05,
0,147,371,0,0,-10,-0.05,
0,148,372,0,0,-10,-0.05,
0,149,373,0,0,-10,-0.05,
0,150,380,0,0,-10,-0.05,
1,146,-688,0,0,-9,-0.2649,
1,147,-693,0,0,-9,-0.2649,
1,148,-712,0,0,-9,-0.2649,
1,149,-696,0,0,-9,-0.2649,
1,150,-652,0,0,-9,-0.2649,
1,146,-677,0,0,-12,-0.2506,
1,147,-677,0,0,-13,-0.2543,
1,148,-676,0,0,-12,-0.2545,
1,149,-676,0,0,-14,-0.2678,
1,150,-587,0,0,-16,-0.2834,
0,146,213,0,0,8,0.1402,
0,147,212,0,0,6,0.1361,
0,148,210,0,0,6,0.1436,
0,149,316,0,0,8,0.1497,
0,150,327,0,0,9,0.1546,
1,146,-246,0,0,-25,-0.4972,
1,147,-344,0,0,-26,-0.5124,
1,148,-348,0,0,-30,-0.5261,
1,149,-359,0,0,-29,-0.5358,
1,150,-367,0,0,-29,-0.5358,
0,146,1290,0,0,16,0.2012,
0,147,1405,0,0,15,0.2019,
0,148,1408,0,0,16,0.2006,
0,149,1411,0,0,14,0.1974,
0,150,1411,0,0,14,0.2058,
0,146,220,41.600000,0,-11,-0.2782,
0,147,131,44.000000,0,-11,-0.2782,
0,148,150,46.400000,0,-11,-0.2782,
0,149,169,48.800000,0,-11,-0.2782,
0,150,188,51.200000,0,-11,-0.2782,
1,146,-485,0,0,-27,-0.4741,
1,147,-469,0,0,-27,-0.4741,
1,148,-366,0,0,-27,-0.4741,
1,149,-386,0,0,-27,-0.4719,
1,150,-406,0,0,-27,-0.4876,
1,146,-821,0,0,-36,-0.5766,
1,147,-713,0,0,-36,-0.5766,
1,148,-705,0,0,-36,-0.5766,
1,149,-698,0,0,-36,-0.57,
1,150,-700,0,0,-36,-0.5704,
0,146,741,0,0,11,-0.0873,
0,147,765,0,0,11,-0.0745,
0,148,782,0,0,10,-0.0617,
0,149,682,0,0,10,-0.0489,
0,150,682,0,0,10,-0.0489,
0,146,1290,0,0,15,0.1704,
0,147,1294,0,0,15,0.1704,
0,148,1178,0,0,15,0.1704,
0,149,1162,0,0,15,0.1704,
0,150,1060,0,0,15,0.1704,
0,146,734,0,0,14,0.2675,
0,147,745,0,0,16,0.2675,
0,148,764,0,0,16,0.2675,
0,149,795,0,0,16,0.2675,
0,150,819,0,0,16,0.2675,
1,146,-66,0,0,-14,-0.2106,
1,147,-186,0,0,-14,-0.2106,
1,148,-74,0,0,-14,-0.2106,
1,149,-78,0,0,-14,-0.2106,
1,150,-94,0,0,-14,-0.2133,
0,146,403,0,0,4,0.0642,
0,147,403,0,0,4,0.0642,
0,148,419,0,0,4,0.0642,
0,149,419,0,0,4,0.0642,
0,150,419,0,0,4,0.0642,
0,146,333,0,0,13,0.2404,
0,147,339,0,0,13,0.2404,
0,148,339,0,0,13,0.2404,
0,149,349,0,0,13,0.2404,
0,150,357,0,0,13,0.2404,
0,146,726,0,0,17,0.1406,
0,147,696,0,0,12,0.1225,
0,148,693,0,0,13,0.1243,
0,149,681,0,0,13,0.1243,
0,150,686,0,0,13,0.1243,
1,146,-40,0,0,11,0.1913,
1,147,-8,0,0,11,0.1913,
1,148,-106,0,0,11,0.1913,
1,149,-212,0,0,11,0.1913,
1,150,-218,0,0,11,0.1913,
0,146,625,69.600000,0,-2,0.1203,
0,147,639,71.200000,0,-1,0.1334,
0,148,643,72.800000,0,-1,0.1334,
0,149,647,74.400000,0,-1,0.1334,
0,150,643,76.000000,0,-1,0.1334,
0,146,1470,0,0,16,0.1738,
0,147,1415,0,0,16,0.1802,
0,148,1430,0,0,16,0.1802,
0,149,1653,0,0,16,0.1802,
0,150,1567,0,0,16,0.1802,
1,146,-670,0,0,-13,-0.1468,
1,147,-674,0,0,-13,-0.1468,
1,148,-678,0,0,-13,-0.1468,
1,149,-802,0,0,-13,-0.1434,
1,150,-826,0,0,-13,-0.1434,
1,146,305,0,0,-10,-0.1491,
1,147,321,0,0,-10,-0.1491,
1,148,313,0,0,-10,-0.1491,
1,149,-83,0,0,-10,-0.1491,
1,150,-204,0,0,-9,-0.1504,
1,146,-541,0,0,-14,-0.3283,
1,147,-559,0,0,-12,-0.328,
1,148,-580,0,0,-12,-0.328,
1,149,-477,0,0,-12,-0.328,
1,150,-396,0,0,-12,-0.328,
0,146,1082,0,0,36,0.4339,
0,147,898,0,0,36,0.4339,
0,148,930,0,0,36,0.4339,
0,149,970,0,0,36,0.4419,
0,150,1018,0,0,34,0.4385,
0,146,1377,28.000000,0,8,0.1491,
0,147,1393,31.200000,0,8,0.1491,
0,148,1425,34.400000,0,8,0.1491,
0,149,1449,34.400000,0,8,0.1491,
0,150,1379,34.400000,0,8,0.1571,
1,146,-1150,0,-43.400000,-6,0.0081,
1,147,-1151,0,-46.600000,-6,0.017,
1,148,-1160,0,-49.800000,-6,0.0243,
1,149,-1173,0,-53.000000,-5,0.0274,
1,150,-977,0,-56.200000,-5,0.0225,
0,146,-94,0,0,2,0.0012,
0,147,-93,0,0,2,-0.003,
0,148,27,0,0,1,-0.0048,
0,149,47,0,0,1,-0.0048,
0,150,83,0,0,1,-0.0048,
0,146,93,0,0,21,0.102,
0,147,75,0,0,21,0.102,
0,148,165,0,0,21,0.102,
0,149,173,0,0,21,0.0951,
0,150,181,0,0,20,0.0881,
0,146,248,0,0,-8,-0.195,
0,147,242,0,0,-8,-0.195,
0,148,242,0,0,-8,-0.195,
0,149,254,0,0,-9,-0.1874,
0,150,264,0,0,-9,-0.1784,
1,146,-452,0,0,-1,0.0704,
1,147,-443,0,0,-2,0.0638,
1,148,-435,0,0,-3,0.0599,
1,149,-417,0,0,-3,0.0604,
1,150,-417,0,0,-3,0.0604,
0,146,338,0,0,10,0.1615,
0,147,358,0,0,8,0.1619,
0,148,268,0,0,9,0.1615,
0,149,291,0,0,9,0.1509,
0,150,179,0,0,9,0.1484,
1,146,-320,0,0,-1,0.1372,
1,147,-327,0,0,0,0.139,
1,148,-351,0,0,0,0.1419,
1,149,-451,0,0,0,0.1419,
1,150,-367,0,0,0,0.1419,
1,146,-553,0,0,0,-0.0296,
1,147,-569,0,0,-2,-0.0226,
1,148,-585,0,0,-2,-0.0226,
1,149,-587,0,0,-2,-0.0196,
1,150,-576,0,0,-3,-0.0174,
0,146,914,6.400000,0,15,0.1593,
0,147,915,9.600000,0,16,0.1711,
0,148,1022,12.800000,0,17,0.1821,
0,149,1031,16.000000,0,17,0.1886,
0,150,531,19.200000,0,16,0.192,
1,146,452,0,0,5,0.3324,
1,147,415,0,0,5,0.3294,
1,148,-207,0,0,5,0.3265,
1,149,-208,0,0,5,0.3265,
1,150,-217,0,0,5,0.3265,
0,146,588,0,0,-1,0.189,
0,147,587,0,0,-1,0.189,
0,148,590,0,0,-1,0.1844,
0,149,597,0,0,-1,0.1844,
0,150,710,0,0,-1,0.1844,
0,146,290,0,0,12,0.2051,
0,147,309,0,0,13,0.217,
0,148,308,0,0,13,0.2179,
0,149,305,0,0,13,0.2177,
0,150,289,0,0,13,0.2209,
0,146,600,0,0,32,0.3809,
0,147,620,0,0,32,0.3809,
0,148,638,0,0,32,0.3845,
0,149,658,0,0,32,0.3845,
0,150,678,0,0,32,0.3845,
1,146,-203,0,0,6,0.2194,
1,147,-190,0,0,6,0.2231,
1,148,-197,0,0,7,0.2241,
1,149,-209,0,0,7,0.2232,
1,150,-205,0,0,7,0.2204,
0,146,115,0,0,11,0.0486,
0,147,99,0,0,11,0.0513,
0,148,83,0,0,10,0.0539,
0,149,66,0,0,10,0.057,
0,150,88,0,0,8,0.0587,
1,146,-1018,0,0,-22,-0.2818,
1,147,-1029,0,0,-23,-0.2827,
1,148,-1054,0,0,-24,-0.2865,
1,149,-1209,0,0,-23,-0.2842,
1,150,-1255,0,0,-23,-0.2842,
1,146,-1551,0,0,-34,-0.596,
1,147,-1449,0,0,-35,-0.596,
1,148,-1447,0,0,-35,-0.596,
1,149,-1549,0,0,-35,-0.596,
1,150,-1557,0,0,-35,-0.596,
1,146,-195,0,0,2,-0.0708,
1,147,-208,0,0,1,-0.0671,
1,148,-222,0,0,2,-0.0548,
1,149,-229,0,0,5,-0.0426,
1,150,-224,0,0,4,-0.0343,
1,146,-191,0,0,3,-0.0651,
1,147,-191,0,0,3,-0.0678,
1,148,-179,0,0,5,-0.0643,
1,149,-147,0,0,5,-0.0603,
1,150,-235,0,0,5,-0.067,
1,146,-260,0,0,-9,-0.3269,
1,147,-248,0,0,-9,-0.3298,
1,148,-248,0,0,-9,-0.3328,
1,149,-248,0,0,-9,-0.3397,
1,150,-248,0,0,-9,-0.3397,
0,146,681,0,0,2,0.0459,
0,147,657,0,0,2,0.0419,
0,148,743,0,0,2,0.0379,
0,149,851,0,0,2,0.0339,
0,150,850,0,0,1,0.0298,
0,146,129,0,0,28,0.1364,
0,147,144,0,0,29,0.1344,
0,148,152,0,0,29,0.1327,
0,149,246,0,0,28,0.1314,
0,150,246,0,0,28,0.1314,
1,146,109,0,0,-23,-0.308,
1,147,106,0,0,-22,-0.313,
1,148,80,0,0,-23,-0.3128,
1,149,-43,0,0,-24,-0.3235,
1,150,-75,0,0,-23,-0.3241,
1,146,-463,0,0,-29,-0.5494,
1,147,-470,0,0,-28,-0.553,
1,148,-476,0,0,-28,-0.5586,
1,149,-373,0,0,-27,-0.5626,
1,150,-467,0,0,-27,-0.5626,
1,146,-773,0,0,-43,-0.6146,
1,147,-773,0,0,-43,-0.6146,
1,148,-773,0,0,-43,-0.6146,
1,149,-781,0,0,-43,-0.6146,
1,150,-781,0,0,-43,-0.6146,
0,146,1192,0,0,41,0.3745,
0,147,1320,0,0,41,0.3745,
0,148,1344,0,0,41,0.3745,
0,149,1360,0,0,41,0.3745,
0,150,1376,0,0,41,0.3745,
0,146,1319,0,0,25,0.196,
0,147,1339,0,0,25,0.196,
0,148,1243,0,0,25,0.196,
0,149,1255,0,0,25,0.196,
0,150,1255,0,0,25,0.196,
1,146,-757,0,0,-21,-0.391,
1,147,-652,0,0,-21,-0.3925,
1,148,-658,0,0,-21,-0.3925,
1,149,-661,0,0,-21,-0.3937,
1,150,-563,0,0,-21,-0.3896,
1,146,-317,0,0,21,0.2029,
1,147,-281,0,0,21,0.2019,
1,148,-167,0,0,21,0.201,
1,149,-137,0,0,20,0.199,
1,150,-91,0,0,20,0.199,
0,146,564,0,0,17,0.294,
0,147,586,0,0,18,0.3039,
0,148,608,0,0,18,0.3108,
0,149,624,0,0,18,0.3178,
0,150,532,0,0,18,0.3247,
1,146,-908,0,0,5,0.0246,
1,147,-878,0,0,8,0.0269,
1,148,-892,0,0,9,0.0215,
1,149,-818,0,-6.400000,9,0.0215,
1,150,-1036,0,-10.000000,9,0.0215,
1,146,-1862,0,0,-47,-0.8246,
1,147,-1862,0,0,-47,-0.8258,
1,148,-1870,0,0,-47,-0.8258,
1,149,-1870,0,0,-47,-0.8258,
1,150,-1878,0,0,-47,-0.8258,
0,146,460,0,0,18,0.3712,
0,147,461,0,0,19,0.3702,
0,148,478,0,0,17,0.3692,
0,149,466,0,0,18,0.3601,
0,150,469,0,0,17,0.359,
0,146,1246,0,0,34,0.5704,
0,147,1242,0,0,34,0.5704,
0,148,1127,0,0,34,0.5704,
0,149,1136,0,0,34,0.5704,
0,150,1030,0,0,34,0.5704,
0,146,862,0,0,26,0.3689,
0,147,858,0,0,26,0.3689,
0,148,848,0,0,26,0.379,
0,149,1042,0,0,26,0.379,
0,150,910,0,0,26,0.379,
1,146,-1237,0,0,-19,-0.3037,
1,147,-1130,0,0,-20,-0.3101,
1,148,-1123,0,0,-20,-0.3074,
1,149,-1095,0,0,-20,-0.3048,
1,150,-1079,0,0,-21,-0.3021,
1,146,-2021,0,0,-34,-0.5911,
1,147,-2029,0,0,-34,-0.5911,
1,148,-2029,0,0,-34,-0.5911,
1,149,-2026,0,0,-34,-0.5872,
1,150,-2026,0,0,-34,-0.5872,
0,146,352,0,0,-1,-0.2295,
0,147,358,0,0,-3,-0.2316,
0,148,257,0,0,-4,-0.2375,
0,149,242,0,0,-5,-0.2522,
0,150,130,0,0,-6,-0.2543,
0,146,380,0,0,-38,-0.376,
0,147,350,0,0,-38,-0.376,
0,148,240,0,0,-38,-0.376,
0,149,119,0,0,-38,-0.3822,
0,150,111,0,0,-38,-0.3822,
0,146,1070,0,0,31,0.5854,
0,147,1077,0,0,33,0.5923,
0,148,1193,0,0,33,0.5923,
0,149,1090,0,0,32,0.5944,
0,150,1103,0,0,32,0.5944,
1,146,-937,0,0,-21,-0.6102,
1,147,-925,0,0,-21,-0.6102,
1,148,-1009,0,0,-21,-0.6102,
1,149,-879,0,0,-21,-0.6102,
1,150,-849,0,0,-21,-0.6102,
0,146,982,0,0,33,0.2343,
0,147,890,0,0,33,0.2343,
0,148,914,0,0,33,0.2343,
0,149,938,0,0,33,0.2343,
0,150,962,0,0,33,0.2343,
0,146,437,0,0,-6,-0.017,
0,147,426,0,0,-7,-0.0194,
0,148,407,0,0,-8,-0.023,
0,149,406,0,0,-8,-0.023,
0,150,421,0,0,-8,-0.023,
0,146,2010,36.800000,0,11,0.4029,
0,147,2010,36.800000,0,11,0.4029,
0,148,2010,36.800000,0,9,0.3962,
0,149,2024,36.800000,0,7,0.3896,
0,150,2024,36.800000,0,6,0.3829,
1,146,-544,0,0,-18,-0.1008,
1,147,-679,0,0,-19,-0.1038,
1,148,-716,0,0,-19,-0.1038,
1,149,-756,0,0,-19,-0.1038,
1,150,-788,0,0,-19,-0.1047,
0,146,477,0,0,15,0.195,
0,147,467,0,0,15,0.195,
0,148,461,0,0,15,0.195,
0,149,970,0,0,15,0.195,
0,150,975,0,0,15,0.195,
1,146,-569,0,0,-7,-0.0396,
1,147,-605,0,0,-5,-0.0396,
1,148,-625,0,0,-5,-0.0396,
1,149,-637,0,0,-5,-0.0396,
1,150,-637,0,0,-5,-0.0396,
0,146,2222,0,0,63,1.0867,
0,147,2210,0,0,63,1.0903,
0,148,2198,0,0,63,1.0903,
0,149,2186,0,0,63,1.0903,
0,150,2214,0,0,63,1.0903,
1,146,-162,0,0,-8,-0.0885,
1,147,-168,0,0,-8,-0.0885,
1,148,-273,0,0,-9,-0.0919,
1,149,-248,0,0,-9,-0.0954,
1,150,-752,0,0,-10,-0.1058,
1,146,-194,0,0,7,0.1798,
1,147,-192,0,0,9,0.1702,
1,148,-194,0,0,9,0.1685,
1,149,-176,0,0,10,0.172,
1,150,-164,0,0,10,0.1755,
1,146,-490,0,0,-20,-0.2141,
1,147,-505,0,0,-20,-0.2141,
1,148,-520,0,0,-20,-0.2141,
1,149,-631,0,0,-20,-0.2141,
1,150,-538,0,0,-20,-0.2141,
1,146,-363,0,0,-9,-0.3284,
1,147,-563,0,0,-9,-0.3301,
1,148,-551,0,0,-8,-0.3319,
1,149,-539,0,0,-10,-0.3336,
1,150,-539,0,0,-10,-0.3353,
0,146,506,0,0,12,0.3457,
0,147,611,0,0,12,0.3513,
0,148,618,0,0,12,0.3599,
0,149,626,0,0,15,0.3622,
0,150,644,0,0,15,0.3657,
1,146,-730,0,0,6,0.1336,
1,147,-826,0,0,7,0.1382,
1,148,-330,0,0,10,0.1415,
1,149,-326,0,0,11,0.1449,
1,150,-321,0,0,12,0.1472,
1,146,-1310,0,-42.400000,-5,-0.1285,
1,147,-1316,0,-45.200000,-5,-0.1285,
1,148,-1322,0,-48.000000,-5,-0.1285,
1,149,-1324,0,-50.800000,-5,-0.1285,
1,150,-1352,0,-56.400000,-5,-0.1285,
1,146,-278,0,0,-12,-0.1189,
1,147,-296,0,0,-13,-0.1258,
1,148,-213,0,0,-13,-0.1325,
1,149,-238,0,0,-13,-0.1325,
1,150,-263,0,0,-13,-0.1325,
1,146,88,0,0,-13,-0.1827,
1,147,86,0,0,-13,-0.1832,
1,148,96,0,0,-13,-0.1877,
1,149,-11,0,0,-14,-0.1914,
1,150,-11,0,0,-15,-0.1947,
1,146,-706,0,0,-30,-0.4748,
1,147,-711,0,0,-30,-0.4782,
1,148,-827,0,0,-30,-0.4789,
1,149,-857,0,0,-30,-0.4789,
1,150,-781,0,0,-30,-0.4789,
0,146,341,0,0,6,0.011,
0,147,458,0,0,7,0.0187,
0,148,495,0,0,8,0.0268,
0,149,518,0,0,8,0.0268,
0,150,341,0,0,8,0.0268,
0,146,-144,0,0,-1,-0.0691,
0,147,-144,0,0,-3,-0.0708,
0,148,381,0,0,-7,-0.0746,
0,149,406,0,0,-7,-0.0746,
0,150,431,0,0,-7,-0.0746,
1,146,-884,0,0,-20,-0.2538,
1,147,-892,0,0,-20,-0.2538,
1,148,-996,0,0,-20,-0.2538,
1,149,-996,0,0,-20,-0.2538,
1,150,-969,0,0,-21,-0.2578,
0,146,898,0,0,16,0.3488,
0,147,925,0,0,17,0.3508,
0,148,837,0,0,18,0.3548,
0,149,841,0,0,18,0.3548,
0,150,831,0,0,18,0.3548,
0,146,297,0,0,-1,-0.1361,
0,147,261,0,0,-1,-0.1361,
0,148,130,0,0,-1,-0.1361,
0,149,114,0,0,-1,-0.1361,
0,150,98,0,0,-1,-0.1361,
0,146,602,0,0,3,-0.0237,
0,147,615,0,0,0,-0.032,
0,148,713,0,0,0,-0.045,
0,149,722,0,0,0,-0.045,
0,150,830,0,0,0,-0.045,
1,146,-629,0,0,-12,-0.3383,
1,147,-628,0,0,-12,-0.3379,
1,148,-623,0,0,-12,-0.3383,
1,149,-721,0,0,-12,-0.3409,
1,150,-835,0,0,-12,-0.3396,
0,146,482,0,0,9,0.174,
0,147,496,0,0,10,0.1852,
0,148,490,0,0,11,0.1865,
0,149,590,0,0,10,0.1865,
0,150,609,0,0,10,0.1856,
1,146,-871,0,0,-13,-0.2072,
1,147,-745,0,0,-13,-0.2058,
1,148,-711,0,0,-13,-0.2058,
1,149,-197,0,0,-13,-0.2058,
1,150,-93,0,0,-13,-0.2058,
0,146,-485,0,0,-8,-0.0833,
0,147,23,0,0,-8,-0.0833,
0,148,47,0,0,-8,-0.0833,
0,149,71,0,0,-8,-0.0833,
0,150,91,0,0,-8,-0.0833,
0,146,490,0,0,-7,-0.0176,
0,147,406,0,0,-7,-0.0149,
0,148,439,0,0,-7,-0.0149,
0,149,467,0,0,-7,-0.0149,
0,150,465,0,0,-7,-0.0149,
1,146,-602,0,0,-10,-0.1275,
1,147,-718,0,0,-10,-0.1275,
1,148,-634,0,0,-11,-0.1273,
1,149,-665,0,0,-11,-0.1227,
1,150,-669,0,0,-11,-0.1227,
0,146,1561,0.800000,0,31,0.4794,
0,147,1561,0.800000,0,31,0.4759,
0,148,1577,0.800000,0,31,0.4759,
0,149,1593,0.800000,0,31,0.4759,
0,150,1729,3.200000,0,31,0.4759,
1,146,-580,0,0,-7,-0.1399,
1,147,-59,0,0,-7,-0.1495,
1,148,-154,0,0,-7,-0.1504,
1,149,-137,0,0,-7,-0.1592,
1,150,-29,0,0,-7,-0.166,
0,146,698,0,0,12,0.297,
0,147,682,0,0,12,0.297,
0,148,690,0,0,12,0.2943,
0,149,698,0,0,12,0.2916,
0,150,706,0,0,12,0.289,
1,146,-1120,0,0,-19,-0.2829,
1,147,-1110,0,0,-19,-0.2829,
1,148,-1103,0,0,-19,-0.2823,
1,149,-1096,0,0,-20,-0.2837,
1,150,-1095,0,0,-20,-0.2866,
1,146,-188,0,0,-25,-0.3937,
1,147,-187,0,0,-26,-0.394,
1,148,-189,0,0,-26,-0.3924,
1,149,-198,0,0,-26,-0.3906,
1,150,-222,0,0,-26,-0.3906,
1,146,-160,0,0,-6,-0.1854,
1,147,-160,0,0,-6,-0.1854,
1,148,-160,0,0,-6,-0.1854,
1,149,-156,0,0,-6,-0.1854,
1,150,-164,0,0,-6,-0.1854,
1,146,-40,0,0,10,0.0483,
1,147,-51,0,0,10,0.0454,
1,148,-50,0,0,10,0.0424,
1,149,-61,0,0,9,0.0395,
1,150,-71,0,0,11,0.0432,
1,146,-205,0,0,14,0.0337,
1,147,-223,0,0,13,0.0337,
1,148,-234,0,0,13,0.0343,
1,149,-234,0,0,13,0.0329,
1,150,-126,0,0,13,0.0331,
0,146,931,0,0,11,0.2717,
0,147,431,0,0,11,0.2721,
0,148,431,0,0,11,0.2721,
0,149,423,0,0,11,0.2721,
0,150,399,0,0,11,0.2781,
0,146,842,0,0,28,0.2824,
0,147,838,1.200000,0,28,0.2824,
0,148,834,2.800000,0,28,0.2824,
0,149,915,4.400000,0,28,0.2824,
0,150,910,4.400000,0,28,0.2824,
0,146,994,0,0,40,0.5324,
0,147,1480,0,0,39,0.5255,
0,148,1585,0,0,39,0.5255,
0,149,1586,0,0,39,0.5255,
0,150,1586,0,0,39,0.5255,
1,146,120,0,0,-20,-0.4746,
1,147,219,0,0,-20,-0.4685,
1,148,-306,0,0,-19,-0.4692,
1,149,-338,0,0,-21,-0.4692,
1,150,-390,0,0,-22,-0.4692,
1,146,-236,0,0,0,-0.0155,
1,147,-228,0,0,0,-0.0155,
1,148,-220,0,0,0,-0.0155,
1,149,-212,0,0,0,-0.0155,
1,150,-204,0,0,0,-0.0155,
1,146,-711,0,0,-23,-0.4195,
1,147,-702,0,0,-24,-0.4221,
1,148,-595,0,0,-25,-0.4248,
1,149,-594,0,0,-26,-0.4313,
1,150,-610,0,0,-27,-0.4338,
0,146,155,0,0,-17,-0.1648,
0,147,132,0,0,-19,-0.1665,
0,148,134,0,0,-19,-0.1665,
0,149,134,0,0,-19,-0.1665,
0,150,132,0,0,-19,-0.1707,
1,146,-1034,0,0,-58,-0.9533,
1,147,-1034,0,0,-58,-0.9533,
1,148,-1019,0,0,-59,-0.9645,
1,149,-1112,0,0,-60,-0.9741,
1,150,-1096,0,0,-60,-0.9741,
0,146,1408,0,0,25,0.4749,
0,147,1318,0,0,25,0.4749,
0,148,1436,0,0,25,0.4749,
0,149,1436,0,0,25,0.4749,
0,150,1450,0,0,25,0.4749,
1,146,-394,0,0,6,0.0352,
1,147,-281,0,0,6,0.0352,
1,148,-275,0,0,6,0.0326,
1,149,-262,0,0,6,0.0154,
1,150,-237,0,0,6,0.0046,
1,146,-739,0,0,-18,-0.4228,
1,147,-752,0,0,-18,-0.4228,
1,148,-799,0,0,-17,-0.4257,
1,149,-851,0,0,-16,-0.4287,
1,150,-783,0,0,-18,-0.4316,
0,146,345,0,0,16,0.3649,
0,147,333,0,0,15,0.3716,
0,148,321,0,0,15,0.3865,
0,149,309,0,0,15,0.4015,
0,150,297,0,0,15,0.4164,
1,146,-233,0,0,-6,-0.2843,
1,147,-241,0,0,-6,-0.2913,
1,148,-257,0,0,-5,-0.295,
1,149,-271,0,0,-5,-0.295,
1,150,-285,0,0,-5,-0.295,
1,146,-952,0,0,-25,-0.2219,
1,147,-1039,0,0,-23,-0.2149,
1,148,-1142,0,0,-23,-0.2115,
1,149,-1124,0,0,-23,-0.2115,
1,150,-1123,0,0,-23,-0.2115,
1,146,361,0,0,-9,-0.0238,
1,147,365,0,0,-9,-0.0188,
1,148,-145,0,0,-6,0.0019,
1,149,-145,0,0,-6,0.0019,
1,150,-45,0,0,-6,0.0019,
1,146,-432,0,0,16,0.2036,
1,147,-446,0,0,16,0.2036,
1,148,-566,0,0,16,0.2025,
1,149,-469,0,0,16,0.1996,
1,150,-467,0,0,16,0.1996,
0,146,663,0,0,2,0.0267,
0,147,631,0,0,1,0.0266,
0,148,612,0,0,2,0.0337,
0,149,611,0,0,5,0.0422,
0,150,96,0,0,5,0.0422,
0,146,411,0,0,-3,0.141,
0,147,425,0,0,-3,0.141,
0,148,326,0,0,-3,0.141,
0,149,327,0,0,-3,0.141,
0,150,420,0,0,-3,0.141,
1,146,-1032,0,0,-9,-0.2483,
1,147,-1002,0,0,-9,-0.2483,
1,148,-980,0,0,-9,-0.2483,
1,149,-974,0,0,-9,-0.2483,
1,150,-968,0,0,-9,-0.2483,
0,146,106,0,0,-8,0.022,
0,147,102,0,0,-7,0.028,
0,148,92,0,0,-5,0.034,
0,149,80,0,0,-1,0.0395,
0,150,52,0,0,-1,0.0461,
1,146,136,0,0,-13,-0.3349,
1,147,146,0,0,-13,-0.3218,
1,148,280,0,0,-14,-0.3087,
1,149,-187,0,0,-14,-0.2968,
1,150,-151,0,0,-14,-0.2883,
1,146,-1068,0,0,-1,0.0773,
1,147,-1081,0,0,-1,0.0773,
1,148,-1090,0,0,-1,0.0773,
1,149,-977,0,0,-1,0.0773,
1,150,-858,0,0,-1,0.0773,
1,146,-587,0,0,-34,-0.4498,
1,147,-630,0,0,-34,-0.4498,
1,148,-665,0,0,-34,-0.4514,
1,149,-708,0,0,-34,-0.4514,
1,150,-739,0,0,-34,-0.4514,
1,146,-727,0,0,-12,-0.3512,
1,147,-741,0,0,-12,-0.3526,
1,148,-757,0,0,-12,-0.3503,
1,149,-756,0,0,-13,-0.3486,
1,150,-720,0,0,-11,-0.3453,
1,146,-203,0,0,-8,0.0546,
1,147,-206,0,0,-7,0.0552,
1,148,-211,0,0,-7,0.0525,
1,149,-99,0,0,-7,0.0495,
1,150,-108,0,0,-7,0.0495,
0,146,310,0,0,29,0.3673,
0,147,317,0,0,29,0.3673,
0,148,340,0,0,29,0.3673,
0,149,454,0,0,29,0.3673,
0,150,450,0,0,29,0.3673,
1,146,-580,0,0,-17,-0.3965,
1,147,-65,0,0,-17,-0.3982,
1,148,-153,0,0,-17,-0.3982,
1,149,-120,0,0,-17,-0.3982,
1,150,-87,0,0,-17,-0.3982,
0,146,105,34.400000,0,-22,-0.1944,
0,147,217,34.400000,0,-21,-0.1934,
0,148,332,34.400000,0,-22,-0.1882,
0,149,338,34.400000,0,-22,-0.1882,
0,150,227,34.400000,0,-22,-0.1882,
0,146,488,0,0,-14,-0.1836,
0,147,3,0,0,-14,-0.1836,
0,148,19,0,0,-14,-0.182,
0,149,119,0,0,-14,-0.182,
0,150,119,0,0,-14,-0.182,
1,146,-673,0,0,-4,-0.0415,
1,147,-686,0,0,-4,-0.0357,
1,148,-678,0,0,-4,-0.0397,
1,149,-671,0,0,-3,-0.049,
1,150,-672,0,0,-2,-0.0539,
0,146,533,0,0,12,0.1488,
0,147,549,0,0,12,0.1454,
0,148,550,0,0,11,0.1421,
0,149,650,0,0,9,0.1321,
0,150,676,0,0,9,0.1261,
1,146,-344,0,0,-11,-0.2427,
1,147,-316,0,0,-10,-0.2296,
1,148,-393,0,0,-10,-0.2175,
1,149,-484,0,0,-10,-0.2225,
1,150,-466,0,0,-10,-0.2198,
0,146,101,0,0,1,0.2479,
0,147,-23,0,0,1,0.2479,
0,148,77,0,0,2,0.2492,
0,149,81,0,0,2,0.2492,
0,150,93,0,0,3,0.2364,
1,146,19,0,0,-12,-0.216,
1,147,-89,0,0,-12,-0.216,
1,148,-105,0,0,-12,-0.216,
1,149,-121,0,0,-12,-0.216,
1,150,-653,0,0,-12,-0.216,
1,146,-435,0,0,-11,-0.2104,
1,147,-434,0,0,-11,-0.2117,
1,148,-434,0,0,-11,-0.2117,
1,149,-422,0,0,-11,-0.2117,
1,150,-410,0,0,-11,-0.2117,
1,146,-810,0,0,-31,-0.4584,
1,147,-811,0,0,-31,-0.4584,
1,148,-1018,0,0,-31,-0.4584,
1,149,-928,0,0,-31,-0.4584,
1,150,-942,0,0,-31,-0.4584,
1,146,-533,0,0,-22,-0.2413,
1,147,-529,0,0,-22,-0.2413,
1,148,-529,0,0,-22,-0.2413,
1,149,-553,0,0,-22,-0.2413,
1,150,-547,0,0,-22,-0.2413,
0,146,396,0,0,10,0.2899,
0,147,391,0,0,10,0.2899,
0,148,402,0,0,10,0.2899,
0,149,405,0,0,10,0.2899,
0,150,408,0,0,10,0.2789,
1,146,-1183,0,0,-28,-0.3357,
1,147,-1074,0,0,-28,-0.3361,
1,148,-1066,0,0,-28,-0.3338,
1,149,-1057,0,0,-28,-0.3328,
1,150,-1049,0,0,-29,-0.3351,
0,146,396,0,0,-1,-0.0257,
0,147,401,0,0,-1,-0.0257,
0,148,210,0,0,-1,-0.0257,
0,149,219,0,0,-1,-0.0257,
0,150,226,0,0,-2,-0.0285,
1,146,136,0,0,15,0.3861,
1,147,-108,0,0,15,0.3861,
1,148,-136,0,0,15,0.3861,
1,149,-160,0,0,15,0.3861,
1,150,-164,0,0,15,0.3861,
0,146,829,0,0,2,-0.1321,
0,147,828,0,0,2,-0.1372,
0,148,933,0,0,2,-0.1373,
0,149,943,0,0,2,-0.1373,
0,150,445,0,0,2,-0.1373,
0,146,418,0,0,7,0.22,
0,147,514,0,0,7,0.22,
0,148,616,0,0,7,0.22,
0,149,504,0,0,7,0.22,
0,150,501,0,0,6,0.2181,
0,146,1674,0,0,57,0.8038,
0,147,1674,0,0,57,0.8038,
0,148,1666,0,0,57,0.8117,
0,149,1666,0,0,58,0.8194,
0,150,1667,0,0,61,0.8268,
0,146,616,0,0,13,0.2597,
0,147,624,0,0,14,0.2575,
0,148,632,0,0,14,0.2572,
0,149,649,0,0,14,0.2592,
0,150,651,0,0,14,0.2592,
0,146,587,0,0,18,0.3234,
0,147,495,0,0,18,0.3234,
0,148,1023,0,0,18,0.3234,
0,149,1029,0,0,18,0.3282,
0,150,1141,0,0,18,0.3282,
0,146,441,0,-30.600000,30,0.3018,
0,147,444,0,-30.600000,30,0.3018,
0,148,423,0,-31.600000,30,0.3018,
0,149,410,0,-32.600000,30,0.3018,
0,150,396,0,-33.600000,30,0.3018,
1,146,117,0,0,-2,0.0791,
1,147,125,0,0,-2,0.0757,
1,148,-255,0,0,-2,0.0723,
1,149,-239,0,0,0,0.082,
1,150,-222,0,0,1,0.091,
0,146,1780,0,0,31,0.6694,
0,147,1752,0,0,31,0.6694,
0,148,1774,0,0,31,0.6694,
0,149,1798,0,0,32,0.6821,
0,150,1798,0,0,33,0.6876,
0,146,228,0,0,13,0.1963,
0,147,211,0,0,13,0.2024,
0,148,209,0,0,13,0.2023,
0,149,298,0,0,13,0.2023,
0,150,279,0,0,13,0.2023,
1,146,-866,0,0,-21,-0.2049,
1,147,-882,0,0,-22,-0.2222,
1,148,-903,0,0,-22,-0.2379,
1,149,-912,0,0,-22,-0.2381,
1,150,-919,0,0,-22,-0.2381,
1,146,-702,0,0,-21,-0.3064,
1,147,-719,0,0,-21,-0.3064,
1,148,-736,0,0,-21,-0.3064,
1,149,-753,0,0,-21,-0.3064,
1,150,-678,0,0,-21,-0.3064,
0,146,1165,0,0,9,0.1687,
0,147,1156,0,0,9,0.1687,
0,148,1135,0,0,9,0.1687,
0,149,1115,0,0,9,0.1687,
0,150,1123,0,0,9,0.1687,
1,146,-236,0,0,-35,-0.3907,
1,147,-350,0,0,-36,-0.3926,
1,148,-359,0,0,-36,-0.3926,
1,149,-379,0,0,-36,-0.3926,
1,150,-368,0,0,-34,-0.3933,
0,146,-44,0,0,16,0.4217,
0,147,-36,0,0,17,0.4196,
0,148,112,0,0,18,0.4124,
0,149,162,0,0,18,0.4154,
0,150,308,0,0,18,0.4183,
0,146,424,0,0,11,0.2958,
0,147,339,0,0,11,0.2958,
0,148,349,0,0,11,0.2955,
0,149,359,0,0,12,0.2953,
0,150,355,0,0,15,0.295,
1,146,-856,0,0,-17,-0.2859,
1,147,-805,0,0,-17,-0.2859,
1,148,-262,0,0,-17,-0.2859,
1,149,-257,0,0,-17,-0.2859,
1,150,-379,0,0,-17,-0.2859,
1,146,-385,0,0,-24,-0.3365,
1,147,-485,0,0,-22,-0.3383,
1,148,-407,0,0,-22,-0.3331,
1,149,-416,0,0,-22,-0.3331,
1,150,-554,0,0,-22,-0.3331,
0,146,1479,0,0,39,0.7697,
0,147,1587,0,0,39,0.7697,
0,148,1483,0,0,39,0.7697,
0,149,1487,0,0,39,0.7697,
0,150,1491,0,0,39,0.7831,
1,146,-286,0,0,-18,-0.3709,
1,147,-410,0,0,-18,-0.3686,
1,148,-410,0,0,-18,-0.3686,
1,149,-400,0,0,-18,-0.3686,
1,150,-390,0,0,-18,-0.3686,
0,146,598,0,0,-4,0.2112,
0,147,598,0,0,-4,0.2112,
0,148,606,0,0,-3,0.2112,
0,149,731,0,0,-2,0.2142,
0,150,704,0,0,-2,0.2112,
0,146,61,0,0,23,0.3315,
0,147,73,0,0,23,0.3315,
0,148,109,0,0,23,0.3315,
0,149,125,0,0,23,0.3315,
0,150,232,0,0,23,0.3325,
1,146,-646,0,0,6,-0.0341,
1,147,-637,0,0,7,-0.0225,
1,148,-630,0,0,8,-0.0208,
1,149,-614,0,0,9,-0.0203,
1,150,-604,0,0,9,-0.018,
1,146,-338,0,0,-4,-0.0727,
1,147,-379,0,0,-4,-0.0727,
1,148,-401,0,0,-3,-0.0737,
1,149,-415,0,0,-4,-0.0748,
1,150,-429,0,0,-5,-0.0758,
1,146,-706,0,0,-6,-0.054,
1,147,-696,0,0,-6,-0.054,
1,148,-594,0,0,-6,-0.054,
1,149,-594,0,0,-6,-0.054,
1,150,-592,0,0,-6,-0.0521,
0,146,376,0,0,29,0.2503,
0,147,400,0,0,29,0.2503,
0,148,417,0,0,30,0.2608,
0,149,417,0,0,33,0.2641,
0,150,293,0,0,34,0.2675,
1,146,-704,0,0,-13,-0.1714,
1,147,-710,0,0,-13,-0.1694,
1,148,-703,0,0,-13,-0.1694,
1,149,-711,0,0,-14,-0.1732,
1,150,-623,0,0,-14,-0.1722,
0,146,108,0,0,14,0.2005,
0,147,132,0,0,14,0.2005,
0,148,140,0,0,13,0.1995,
0,149,156,0,0,12,0.1932,
0,150,171,0,0,8,0.1854,
1,146,-1727,0,0,-32,-0.5029,
1,147,-1735,0,0,-32,-0.5029,
1,148,-1752,0,0,-32,-0.5029,
1,149,-1777,0,0,-32,-0.5029,
1,150,-1793,0,0,-32,-0.5029,
0,146,1313,15.200000,0,24,0.3891,
0,147,1219,18.000000,0,24,0.3891,
0,148,1224,21.200000,0,24,0.3891,
0,149,1343,24.400000,0,25,0.3958,
0,150,1354,27.600000,0,25,0.3978,
0,146,1093,0,0,37,0.3494,
0,147,1200,0,0,37,0.3565,
0,148,684,0,0,36,0.3637,
0,149,660,0,0,36,0.3608,
0,150,653,0,0,38,0.3708,
1,146,-545,21.800000,0,-18,-0.3097,
1,147,-642,25.000000,0,-17,-0.3229,
1,148,-764,28.200000,0,-17,-0.3285,
1,149,-869,29.600000,0,-16,-0.3341,
1,150,-880,31.000000,0,-17,-0.351,
1,146,-159,0,0,-18,-0.316,
1,147,-160,0,0,-18,-0.3193,
1,148,-162,0,0,-19,-0.3253,
1,149,-179,0,0,-20,-0.3328,
1,150,-291,0,0,-20,-0.3328,
1,146,-1076,0,0,14,0.2598,
1,147,-1084,0,0,14,0.2598,
1,148,-1063,0,0,15,0.2715,
1,149,-1043,0,0,15,0.2715,
1,150,-1047,0,0,14,0.2664,
1,146,-1317,0,0,-22,-0.3488,
1,147,-1423,0,0,-21,-0.349,
1,148,-1427,0,0,-20,-0.343,
1,149,-1324,0,0,-21,-0.3432,
1,150,-1344,0,0,-21,-0.3432,
1,146,-1214,0,0,-5,-0.0634,
1,147,-1220,0,0,-5,-0.0634,
1,148,-1226,0,0,-5,-0.0634,
1,149,-1232,0,0,-5,-0.0634,
1,150,-1204,0,0,-5,-0.0634,
0,146,756,0,0,9,0.2258,
0,147,754,0,0,9,0.2258,
0,148,656,0,0,9,0.2258,
0,149,655,0,0,9,0.2258,
0,150,532,0,0,9,0.2216,
1,146,-1103,0,0,-20,-0.1765,
1,147,-1119,0,0,-20,-0.1736,
1,148,-1231,0,0,-21,-0.1627,
1,149,-1231,0,0,-22,-0.1594,
1,150,-1351,0,0,-22,-0.159,
1,146,-56,0,0,-9,-0.2893,
1,147,163,0,0,-10,-0.2963,
1,148,181,0,0,-10,-0.2963,
1,149,163,0,0,-10,-0.2963,
1,150,-345,0,0,-10,-0.2963,
0,146,234,0,0,2,0.0525,
0,147,246,0,0,3,0.0515,
0,148,243,0,0,4,0.0505,
0,149,237,0,0,4,0.0475,
0,150,232,0,0,4,0.0475,
0,146,580,0,0,8,0.0476,
0,147,577,0,0,8,0.0476,
0,148,606,0,0,8,0.0466,
0,149,627,0,0,8,0.0466,
0,150,652,0,0,8,0.0491,
1,146,-507,0,0,-26,-0.209,
1,147,-488,0,0,-26,-0.209,
1,148,-492,0,0,-24,-0.2206,
1,149,-483,0,0,-24,-0.237,
1,150,-468,0,0,-23,-0.25,
1,146,-765,0,0,-23,-0.3651,
1,147,-780,0,0,-23,-0.3635,
1,148,-909,0,0,-25,-0.3636,
1,149,-935,0,0,-26,-0.3652,
1,150,-960,0,0,-26,-0.3652,
0,146,-159,0,0,4,0.0359,
0,147,-52,0,0,4,0.028,
0,148,-43,0,0,5,0.0282,
0,149,71,0,0,5,0.0346,
0,150,102,0,0,5,0.0346,
0,146,1956,0,0,25,0.348,
0,147,1963,0,0,25,0.348,
0,148,1952,0,0,24,0.3473,
0,149,1958,0,0,23,0.3428,
0,150,1978,0,0,22,0.3371,
0,146,197,0,0,19,0.2542,
0,147,394,0,0,19,0.2542,
0,148,378,0,0,19,0.2542,
0,149,366,0,0,20,0.2593,
0,150,258,0,0,20,0.2623,
0,146,80,0,0,8,0.0799,
0,147,62,0,0,8,0.0799,
0,148,50,0,0,8,0.0799,
0,149,46,0,0,8,0.0799,
0,150,38,0,0,8,0.0799,
1,146,-290,0,0,-7,-0.0922,
1,147,-289,0,0,-7,-0.0922,
1,148,-299,0,0,-7,-0.0922,
1,149,-299,0,0,-7,-0.0922,
1,150,-299,0,0,-7,-0.0922,
0,146,1161,0,0,22,0.3883,
0,147,1173,0,0,22,0.3883,
0,148,1185,0,0,22,0.3925,
0,149,1196,0,0,22,0.3993,
0,150,1196,0,0,22,0.3993,
1,146,-192,0,0,2,-0.2561,
1,147,-283,0,0,1,-0.2596,
1,148,-274,0,0,1,-0.2637,
1,149,-288,0,0,-1,-0.2606,
1,150,-292,0,0,-1,-0.2621,
0,146,480,0,0,19,0.3125,
0,147,465,0,0,19,0.3125,
0,148,462,0,0,19,0.3125,
0,149,453,0,0,19,0.3125,
0,150,456,0,0,18,0.3085,
0,146,306,0,0,8,0.1254,
0,147,320,0,0,8,0.1266,
0,148,348,0,0,8,0.1266,
0,149,473,0,0,8,0.1266,
0,150,485,0,0,8,0.1266,
0,146,421,0,0,24,0.5763,
0,147,421,0,0,24,0.5763,
0,148,421,0,0,24,0.5763,
0,149,421,0,0,24,0.5763,
0,150,413,0,0,24,0.5763,
0,146,684,0,0,1,0.2693,
0,147,698,0,0,2,0.2742,
0,148,711,0,0,2,0.2754,
0,149,727,0,0,2,0.2754,
0,150,724,0,0,2,0.2741,
1,146,-335,0,0,-1,-0.1868,
1,147,-342,0,0,0,-0.1811,
1,148,-319,0,0,0,-0.1823,
1,149,-295,0,0,0,-0.1823,
1,150,-251,0,0,0,-0.1823,
0,146,682,0,0,7,0.2886,
0,147,810,0,0,7,0.2886,
0,148,830,0,0,7,0.2886,
0,149,834,0,0,7,0.2886,
0,150,838,0,0,7,0.2886,
0,146,338,0,0,6,0.1396,
0,147,353,0,0,9,0.1532,
0,148,355,0,0,9,0.1618,
0,149,354,0,0,8,0.1651,
0,150,348,0,0,7,0.1654,
0,146,1085,0,0,22,0.4156,
0,147,996,0,0,22,0.4129,
0,148,1032,0,0,22,0.4129,
0,149,1078,0,0,22,0.4129,
0,150,1020,0,0,22,0.4129,
0,146,-8,0,0,6,0.0046,
0,147,502,0,0,6,0.0046,
0,148,524,0,0,6,0.0046,
0,149,632,0,0,6,0.0046,
0,150,732,0,0,6,0.0046,
1,146,-557,0,0,-14,-0.1706,
1,147,-553,0,0,-14,-0.1706,
1,148,-556,0,0,-14,-0.1706,
1,149,-573,0,0,-14,-0.1706,
1,150,-592,0,0,-14,-0.1706,
1,146,-1267,0,0,-48,-0.8107,
1,147,-1260,0,0,-48,-0.8107,
1,148,-1241,0,0,-48,-0.8107,
1,149,-1195,0,0,-48,-0.8107,
1,150,-1172,0,0,-48,-0.8107,
0,146,1226,0,0,16,0.2327,
0,147,1226,0,0,16,0.2354,
0,148,1232,0,0,17,0.2362,
0,149,1228,0,0,17,0.2362,
0,150,1236,0,0,17,0.2362,
0,146,405,0,0,-7,-0.0402,
0,147,417,0,0,-7,-0.0418,
0,148,289,0,0,-7,-0.0434,
0,149,277,0,0,-7,-0.0434,
0,150,277,0,0,-7,-0.0434,
0,146,-239,0,0,-15,-0.2337,
0,147,-250,0,0,-15,-0.2328,
0,148,-262,0,0,-15,-0.2328,
0,149,-274,0,0,-15,-0.2328,
0,150,206,0,0,-15,-0.2328,
1,146,-1755,0,0,-36,-0.6475,
1,147,-1777,0,0,-36,-0.661,
1,148,-1891,0,0,-38,-0.7006,
1,149,-1779,0,0,-39,-0.7365,
1,150,-1769,0,0,-41,-0.7633,
1,146,-767,0,0,-21,-0.369,
1,147,-679,0,0,-19,-0.3659,
1,148,-688,0,0,-19,-0.3659,
1,149,-797,0,0,-19,-0.3659,
1,150,-802,0,0,-19,-0.3659,
0,146,651,0,0,10,0.2924,
0,147,645,0,0,10,0.2924,
0,148,635,0,0,10,0.2924,
0,149,659,0,0,10,0.2924,
0,150,653,0,0,10,0.2924,
1,146,-544,0,0,-5,-0.1038,
1,147,-1044,0,0,-4,-0.0958,
1,148,-1060,0,0,-4,-0.0878,
1,149,-1097,0,0,-3,-0.1194,
1,150,-1234,0,0,-3,-0.1253,
1,146,-808,0,0,-24,-0.2579,
1,147,-923,0,0,-25,-0.2604,
1,148,-827,0,0,-26,-0.2638,
1,149,-849,0,0,-26,-0.2642,
1,150,-871,0,0,-26,-0.2612,
0,146,892,0,0,11,0.0978,
0,147,994,0,0,11,0.0978,
0,148,994,0,0,11,0.0978,
0,149,896,0,0,11,0.1009,
0,150,897,0,0,11,0.1009,
1,146,-292,0,0,9,-0.0634,
1,147,-268,0,0,7,-0.0721,
1,148,-244,0,0,7,-0.0721,
1,149,-236,0,0,7,-0.0721,
1,150,-228,0,0,7,-0.0721,
0,146,613,0,0,4,0.0363,
0,147,611,0,0,4,0.0464,
0,148,610,0,0,3,0.0552,
0,149,502,0,0,3,0.0682,
0,150,494,0,0,3,0.0682,
0,146,1027,0,0,27,0.6459,
0,147,1110,0,0,27,0.6459,
0,148,1105,0,0,27,0.6459,
0,149,620,0,0,27,0.6463,
0,150,620,0,0,27,0.6463,
1,146,-132,0,0,-2,-0.1948,
1,147,-140,0,0,-2,-0.1948,
1,148,-140,0,0,-2,-0.1938,
1,149,-642,0,0,0,-0.1968,
1,150,-647,0,0,0,-0.2031,
1,146,-557,0,0,-9,-0.1725,
1,147,-542,0,0,-9,-0.1725,
1,148,-119,0,0,-7,-0.1845,
1,149,-119,0,0,-7,-0.1845,
1,150,-121,0,0,-7,-0.1871,
1,146,-255,0,0,3,0.0238,
1,147,-251,0,0,3,0.0238,
1,148,-251,0,0,3,0.0238,
1,149,-245,0,0,3,0.0238,
1,150,-240,0,0,3,0.0205,
0,146,245,0,0,36,0.4948,
0,147,241,0,0,36,0.4948,
0,148,249,0,0,36,0.4948,
0,149,253,0,0,36,0.4948,
0,150,164,0,0,36,0.4948,
1,146,-352,0,0,-7,0.0338,
1,147,-459,0,0,-2,0.0499,
1,148,-455,0,0,0,0.0585,
1,149,-460,0,0,2,0.0619,
1,150,-452,0,0,2,0.0619,
0,146,832,0,0,11,0.0353,
0,147,830,0,0,12,0.0412,
0,148,819,0,0,11,0.0416,
0,149,807,0,0,12,0.0431,
0,150,780,0,0,10,0.0439,
0,146,872,0,0,-5,-0.2018,
0,147,1004,0,0,-6,-0.1988,
0,148,1028,0,0,-7,-0.1958,
0,149,940,0,0,-8,-0.1928,
0,150,944,0,0,-8,-0.1891,
1,146,-1467,0,0,-14,-0.2574,
1,147,-1599,0,0,-14,-0.2574,
1,148,-1591,0,0,-14,-0.2557,
1,149,-1583,0,0,-14,-0.2541,
1,150,-955,0,0,-14,-0.2524,
1,146,-242,0,0,-12,-0.0721,
1,147,-244,0,0,-12,-0.0721,
1,148,-254,0,0,-11,-0.0691,
1,149,-242,0,0,-11,-0.072,
1,150,-132,0,0,-9,-0.0619,
1,146,169,0,0,-8,-0.0552,
1,147,193,0,0,-7,-0.0424,
1,148,-32,0,0,-4,-0.0249,
1,149,-174,0,0,-4,-0.0276,
1,150,-206,0,0,-4,-0.0276,
0,146,338,0,0,-3,0.1196,
0,147,346,0,0,-3,0.1196,
0,148,354,0,0,-3,0.1196,
0,149,362,0,0,-3,0.1196,
0,150,370,0,0,-3,0.1188,
0,146,224,0,0,20,0.3756,
0,147,234,0,0,21,0.3685,
0,148,228,0,0,21,0.3613,
0,149,342,0,0,22,0.3579,
0,150,372,0,0,22,0.3579,
0,146,-47,0,0,3,0.0301,
0,147,-55,0,0,3,0.0301,
0,148,-63,0,0,3,0.0301,
0,149,51,0,0,3,0.0301,
0,150,57,0,0,3,0.033,
1,146,-292,0,0,-5,-0.1706,
1,147,-293,0,0,-5,-0.1706,
1,148,-270,0,0,-5,-0.1706,
1,149,-365,0,0,-6,-0.168,
1,150,-367,0,0,-6,-0.168,
1,146,-735,0,0,-13,-0.3629,
1,147,-842,0,0,-13,-0.3644,
1,148,-738,0,0,-12,-0.3587,
1,149,-729,0,0,-11,-0.352,
1,150,-725,0,0,-10,-0.3495,
0,146,399,0,0,13,0.2118,
0,147,407,0,0,14,0.2058,
0,148,415,0,0,15,0.1998,
0,149,435,0,0,15,0.1938,
0,150,955,0,0,15,0.1878,
0,146,14,0,0,10,0.2332,
0,147,7,0,0,11,0.2394,
0,148,124,0,0,12,0.2466,
0,149,121,0,0,12,0.2466,
0,150,217,0,0,12,0.2466,
0,146,499,0,0,15,0.1896,
0,147,499,0,0,15,0.1896,
0,148,499,0,0,15,0.1934,
0,149,499,0,0,15,0.1934,
0,150,491,0,0,15,0.1934,
0,146,1033,0,0,21,0.3509,
0,147,1035,0,0,21,0.3509,
0,148,1037,0,0,21,0.3509,
0,149,1063,0,0,21,0.3509,
0,150,1089,0,0,21,0.3546,
0,146,921,0,0,-13,-0.2672,
0,147,905,0,0,-13,-0.2634,
0,148,658,0,0,-13,-0.262,
0,149,605,0,0,-13,-0.269,
0,150,575,0,0,-13,-0.2759,
0,146,618,0,0,20,0.3447,
0,147,513,0,0,20,0.3447,
0,148,503,0,0,20,0.3447,
0,149,507,0,0,20,0.3447,
0,150,507,0,0,20,0.3447,
0,146,693,0,0,23,0.3567,
0,147,693,0,0,23,0.3567,
0,148,798,0,0,24,0.3616,
0,149,786,0,0,24,0.3616,
0,150,902,0,0,24,0.3616,
0,146,353,0,0,5,-0.0206,
0,147,241,0,0,5,-0.0196,
0,148,243,0,0,5,-0.0282,
0,149,232,0,0,5,-0.0165,
0,150,229,0,0,5,-0.0165,
0,146,520,0,0,23,0.3064,
0,147,647,0,0,24,0.3062,
0,148,671,0,0,25,0.3148,
0,149,681,0,0,25,0.3188,
0,150,791,0,0,25,0.3188,
1,146,-455,0,0,-21,-0.3693,
1,147,-455,0,0,-21,-0.3693,
1,148,-454,0,0,-21,-0.3693,
1,149,-453,0,0,-20,-0.3703,
1,150,-453,0,0,-20,-0.3703,
1,146,-395,0,0,12,0.3141,
1,147,-379,0,0,14,0.3373,
1,148,-375,0,0,15,0.3567,
1,149,-375,0,0,15,0.3587,
1,150,-375,0,0,16,0.3607,
1,146,-205,0,0,-8,-0.2549,
1,147,-312,0,0,-10,-0.261,
1,148,-327,0,0,-10,-0.264,
1,149,-344,0,0,-12,-0.2661,
1,150,-443,0,0,-12,-0.2683,
0,146,726,0,0,3,0.0749,
0,147,749,0,0,0,0.0602,
0,148,779,0,0,-1,0.0522,
0,149,962,0,0,-1,0.0492,
0,150,954,0,0,-1,0.0458,
1,146,-207,0,0,-4,0.0306,
1,147,-235,0,0,-4,0.0326,
1,148,-247,0,0,-4,0.0346,
1,149,-770,0,0,-3,0.0339,
1,150,-801,0,0,-2,0.0355,
0,146,-498,0,0,10,0.1338,
0,147,39,0,0,10,0.1338,
0,148,52,0,0,10,0.1271,
0,149,52,0,0,10,0.1125,
0,150,45,0,0,12,0.0936,
0,146,720,0,0,15,0.2306,
0,147,736,0,0,15,0.2274,
0,148,652,0,0,13,0.2311,
0,149,684,0,0,13,0.2329,
0,150,213,0,0,13,0.226,
0,146,884,0,0,-3,-0.0115,
0,147,888,0,0,-3,-0.0101,
0,148,880,0,0,-3,-0.0135,
0,149,865,0,0,-3,-0.012,
0,150,738,0,0,-3,-0.0115,
0,146,917,0,0,37,0.424,
0,147,933,0,0,37,0.424,
0,148,1069,0,0,37,0.424,
0,149,1217,0,0,37,0.424,
0,150,1371,0,0,38,0.4301,
0,146,482,0,0,20,0.1543,
0,147,505,0,0,20,0.1578,
0,148,520,0,0,20,0.1612,
0,149,535,0,0,20,0.1646,
0,150,542,0,0,20,0.1646,
1,146,-550,0,0,-4,-0.0878,
1,147,-576,0,0,-4,-0.0901,
1,148,-605,0,0,-5,-0.0974,
1,149,-521,0,0,-6,-0.1024,
1,150,-534,0,0,-6,-0.1053,
1,146,-507,0,0,-10,-0.2851,
1,147,-516,0,0,-10,-0.2808,
1,148,-633,0,0,-10,-0.2808,
1,149,-642,0,0,-10,-0.2808,
1,150,-642,0,0,-10,-0.2808,
1,146,-870,0,0,5,0.0862,
1,147,-866,0,0,5,0.0862,
1,148,-974,0,0,5,0.0862,
1,149,-974,0,0,5,0.0862,
1,150,-998,0,0,6,0.0902,
1,146,-480,0,0,-12,-0.2733,
1,147,-591,0,0,-12,-0.2852,
1,148,-608,0,0,-11,-0.2871,
1,149,-616,0,0,-11,-0.2871,
1,150,-616,0,0,-11,-0.2871,
0,146,-444,0,0,-5,-0.1345,
0,147,-438,0,0,-4,-0.1285,
0,148,-444,0,0,-4,-0.1285,
0,149,-350,0,0,-4,-0.1285,
0,150,142,0,0,-4,-0.1285,
0,146,1365,0,0,37,0.5645,
0,147,1385,0,0,39,0.5753,
0,148,1509,0,0,40,0.5855,
0,149,1517,0,0,42,0.5965,
0,150,1536,0,0,42,0.606,
0,146,1591,0,0,30,0.5816,
0,147,1577,0,0,30,0.5816,
0,148,1563,0,0,30,0.5816,
0,149,1557,0,0,30,0.5816,
0,150,1542,0,0,30,0.5816,
1,146,-704,0,0,-3,-0.1999,
1,147,-718,0,0,-3,-0.2023,
1,148,-718,0,0,-4,-0.2135,
1,149,-718,0,0,-4,-0.2135,
1,150,-727,0,0,-4,-0.2144,
1,146,-904,0,-3.600000,-12,-0.3025,
1,147,-830,0,-10.400000,-14,-0.3028,
1,148,-855,0,-17.200000,-14,-0.3028,
1,149,-879,0,-24.000000,-14,-0.3028,
1,150,-903,0,-30.800000,-14,-0.3028,
0,146,1360,0,0,38,0.5241,
0,147,1368,0,0,38,0.5241,
0,148,1360,0,0,38,0.5241,
0,149,1352,0,0,38,0.5241,
0,150,1360,0,0,38,0.5241,
1,146,-175,0,0,15,0.0331,
1,147,-280,0,0,15,0.0331,
1,148,-397,0,0,15,0.0304,
1,149,-276,0,0,16,0.0349,
1,150,-233,0,0,16,0.0349,
0,146,-170,0,0,-9,-0.2264,
0,147,-152,0,0,-9,-0.2264,
0,148,-141,0,0,-9,-0.2264,
0,149,-125,0,0,-9,-0.2264,
0,150,12,0,0,-9,-0.2264,
0,146,713,0,0,24,0.1146,
0,147,621,0,0,23,0.1021,
0,148,628,0,0,21,0.091,
0,149,603,0,0,19,0.0933,
0,150,588,0,0,19,0.0963,
0,146,920,0,0,-1,-0.1133,
0,147,927,0,0,-1,-0.114,
0,148,1019,0,0,-1,-0.114,
0,149,1027,0,0,1,-0.102,
0,150,1034,0,0,2,-0.0902,
0,146,414,0,0,15,0.083,
0,147,408,0,0,15,0.079,
0,148,418,0,0,16,0.0682,
0,149,434,0,0,16,0.0682,
0,150,550,0,0,16,0.0682,
0,146,370,0,0,14,0.456,
0,147,365,0,0,14,0.456,
0,148,349,0,0,16,0.471,
0,149,328,0,0,16,0.478,
0,150,317,0,0,17,0.4832,
0,146,550,0,0,25,0.2789,
0,147,551,0,0,28,0.2983,
0,148,551,0,0,28,0.2983,
0,149,468,0,0,28,0.2983,
0,150,584,0,0,28,0.2983,
0,146,-302,0,0,1,-0.0949,
0,147,-175,0,0,0,-0.1012,
0,148,-170,0,0,-1,-0.1054,
0,149,-49,0,0,-3,-0.1097,
0,150,70,0,0,-5,-0.1147,
0,146,80,0,0,8,0.0668,
0,147,66,0,0,7,0.0669,
0,148,61,0,0,7,0.0639,
0,149,174,0,0,7,0.0639,
0,150,171,0,0,7,0.0639,
1,146,-354,0,0,14,0.2461,
1,147,-311,0,0,14,0.2461,
1,148,-280,0,0,14,0.2461,
1,149,-167,0,0,14,0.2461,
1,150,-152,0,0,14,0.2483,
1,146,-355,0,0,5,0.1588,
1,147,-347,0,0,5,0.1588,
1,148,-455,0,0,5,0.1588,
1,149,-449,0,0,5,0.1588,
1,150,-352,0,0,5,0.1588,
0,146,368,0,0,-11,-0.0048,
0,147,356,0,0,-11,-0.0013,
0,148,346,0,0,-11,-0.0019,
0,149,450,0,0,-9,-0.0025,
0,150,452,0,0,-11,-0.0018,
1,146,-1281,0,0,-13,-0.3151,
1,147,-1291,0,0,-13,-0.3151,
1,148,-1301,0,0,-13,-0.3151,
1,149,-1306,0,0,-13,-0.3151,
1,150,-1303,0,0,-13,-0.3126,
1,146,-354,0,0,5,0.1145,
1,147,-394,0,0,5,0.1145,
1,148,-414,0,0,5,0.1145,
1,149,-434,0,0,5,0.1145,
1,150,-432,0,0,5,0.1145,
0,146,240,0,0,14,0.0029,
0,147,265,0,0,12,-0.0007,
0,148,166,0,0,12,-0.0127,
0,149,67,0,0,11,-0.0247,
0,150,317,0,0,10,-0.0287,
1,146,-2054,0,0,-30,-0.2792,
1,147,-2032,0,0,-31,-0.2965,
1,148,-2027,0,0,-32,-0.3047,
1,149,-2022,0,0,-33,-0.3248,
1,150,-2018,0,0,-34,-0.3349,
1,146,-806,0,0,-9,-0.2696,
1,147,-693,0,0,-9,-0.2696,
1,148,-688,0,-8.000000,-9,-0.2696,
1,149,-683,0,-8.000000,-9,-0.2696,
1,150,-595,0,-8.000000,-9,-0.2696,
0,146,883,0,0,28,0.5204,
0,147,988,0,0,28,0.5233,
0,148,979,0,0,28,0.5233,
0,149,965,0,0,28,0.5233,
0,150,950,0,0,28,0.5252,
1,146,-776,0,-22.400000,-28,-0.4581,
1,147,-1296,0,-22.400000,-28,-0.4544,
1,148,-1304,0,-24.000000,-27,-0.457,
1,149,-1300,0,-25.600000,-27,-0.4597,
1,150,-1188,0,-27.200000,-27,-0.4624,
1,146,-554,0,0,2,0.0412,
1,147,-447,0,0,1,0.0391,
1,148,-439,0,0,1,0.0364,
1,149,-316,0,0,1,0.0336,
1,150,-300,0,0,2,0.0308,
0,146,450,0,0,34,0.4629,
0,147,452,0,0,35,0.4689,
0,148,455,0,0,35,0.4777,
0,149,592,0,0,36,0.4872,
0,150,612,0,0,36,0.4872,
1,146,-1176,0,0,-40,-0.5474,
1,147,-1181,0,0,-40,-0.548,
1,148,-1187,0,0,-40,-0.548,
1,149,-1201,0,0,-40,-0.548,
1,150,-1217,0,0,-40,-0.548,
0,146,445,0,0,-1,-0.037,
0,147,447,0,0,-3,-0.0433,
0,148,482,0,0,-2,-0.045,
0,149,505,0,0,-2,-0.045,
0,150,512,0,0,-2,-0.045,
0,146,464,0,0,20,0.3424,
0,147,591,0,0,20,0.3424,
0,148,614,0,0,20,0.3424,
0,149,621,0,0,20,0.3494,
0,150,509,0,0,23,0.3721,
0,146,1195,0,0,19,0.2546,
0,147,1184,0,0,19,0.2587,
0,148,1297,0,0,19,0.2586,
0,149,1313,0,0,19,0.2586,
0,150,1235,0,0,19,0.2526,
1,146,-372,0,0,-8,-0.0413,
1,147,-464,0,0,-7,-0.0413,
1,148,-464,0,0,-7,-0.0413,
1,149,-448,0,0,-8,-0.0413,
1,150,-432,0,0,-7,-0.0451,
1,146,-1543,0,0,-21,-0.3774,
1,147,-1549,0,0,-21,-0.3774,
1,148,-1563,0,0,-21,-0.3774,
1,149,-1469,0,0,-21,-0.3774,
1,150,-1484,0,0,-21,-0.3779,
0,146,1535,7.200000,0,15,0.2446,
0,147,926,7.200000,0,15,0.2446,
0,148,913,7.200000,0,15,0.2446,
0,149,896,7.200000,0,15,0.2446,
0,150,879,7.200000,0,13,0.241,
1,146,-1592,0,-72.200000,-15,-0.1082,
1,147,-1594,0,-73.600000,-14,-0.1048,
1,148,-1579,0,-76.400000,-14,-0.1048,
1,149,-1493,0,-79.200000,-14,-0.1048,
1,150,-1500,0,-80.600000,-13,-0.1068,
1,146,-1494,0,-8.000000,-26,-0.2952,
1,147,-1499,0,-6.400000,-28,-0.2984,
1,148,-1515,0,0,-28,-0.3037,
1,149,-1542,0,0,-30,-0.3124,
1,150,-1782,0,0,-31,-0.333,
1,146,-28,0,0,11,0.1839,
1,147,-135,0,0,11,0.1839,
1,148,-133,0,0,11,0.1829,
1,149,-58,0,0,11,0.1799,
1,150,-70,0,0,11,0.1779,
1,146,423,0,0,-6,-0.0345,
1,147,282,0,0,-6,-0.0333,
1,148,-238,0,0,-6,-0.0333,
1,149,-238,0,0,-6,-0.0333,
1,150,-121,0,0,-6,-0.0333,
0,146,-21,0,0,13,0.217,
0,147,-17,0,0,13,0.205,
0,148,-13,0,0,12,0.193,
0,149,-5,0,0,12,0.193,
0,150,3,0,0,12,0.193,
1,146,367,0,0,6,0.3159,
1,147,361,0,0,6,0.3159,
1,148,355,0,0,6,0.3159,
1,149,347,0,0,5,0.3119,
1,150,-172,0,0,5,0.3098,
0,146,1326,0,0,42,0.7706,
0,147,1450,0,0,42,0.7705,
0,148,1466,0,0,42,0.7705,
0,149,1482,0,0,42,0.7705,
0,150,1514,0,0,42,0.7705,
1,146,217,0,0,-30,-0.4328,
1,147,209,0,0,-30,-0.4328,
1,148,217,0,0,-30,-0.4328,
1,149,-282,0,0,-30,-0.4328,
1,150,-286,0,0,-30,-0.4328,
1,146,-296,0,0,0,0.0559,
1,147,-296,0,0,0,0.0559,
1,148,-316,0,0,0,0.0559,
1,149,-324,0,0,0,0.0559,
1,150,-332,0,0,-2,0.0459,
1,146,-1402,0,0,-9,-0.1239,
1,147,-1394,0,0,-8,-0.1212,
1,148,-1373,0,0,-7,-0.1211,
1,149,-1353,0,0,-6,-0.1194,
1,150,-1341,0,0,-6,-0.1167,
0,146,170,0,0,12,0.209,
0,147,171,0,0,13,0.223,
0,148,165,0,0,13,0.2321,
0,149,160,0,0,13,0.2311,
0,150,185,0,0,13,0.2311,
0,146,638,0,0,26,0.3336,
0,147,422,0,0,26,0.3336,
0,148,406,0,0,26,0.3451,
0,149,284,0,0,26,0.3472,
0,150,301,0,0,27,0.3604,
1,146,-516,0,0,14,0.1714,
1,147,-521,0,0,14,0.1714,
1,148,-526,0,0,14,0.1714,
1,149,-514,0,0,14,0.1714,
1,150,-402,0,0,14,0.168,
1,146,27,0,0,-13,-0.0697,
1,147,-489,0,0,-11,-0.0708,
1,148,-525,0,0,-9,-0.0597,
1,149,-557,0,0,-8,-0.0491,
1,150,-577,0,0,-7,-0.0435,
1,146,-518,0,0,-24,-0.4369,
1,147,-520,0,0,-25,-0.446,
1,148,-522,0,0,-24,-0.4551,
1,149,-524,0,0,-27,-0.4676,
1,150,-529,0,0,-27,-0.4769,
0,146,567,0,0,4,0.4208,
0,147,573,0,0,4,0.4131,
0,148,565,0,0,5,0.4146,
0,149,462,0,0,4,0.4102,
0,150,560,0,0,5,0.4071,
1,146,-863,0,0,-36,-0.4519,
1,147,-1371,0,0,-36,-0.4519,
1,148,-1371,0,0,-36,-0.4519,
1,149,-1387,0,0,-36,-0.4519,
1,150,-1403,0,0,-36,-0.4519,
0,146,450,0,0,0,0.2091,
0,147,460,0,0,0,0.2091,
0,148,469,0,0,-1,0.2081,
0,149,363,0,0,-2,0.2054,
0,150,865,0,0,-2,0.2014,
0,146,96,0,0,-11,-0.1671,
0,147,204,0,0,-11,-0.1671,
0,148,213,0,0,-11,-0.1671,
0,149,230,0,0,-11,-0.1671,
0,150,254,0,0,-11,-0.1671,
0,146,34,0,0,-16,-0.1505,
0,147,34,0,0,-16,-0.1505,
0,148,34,0,0,-16,-0.1505,
0,149,34,0,0,-16,-0.1505,
0,150,28,0,0,-16,-0.1505,
1,146,-428,0,0,-13,-0.0118,
1,147,-447,0,0,-13,-0.0118,
1,148,-356,0,0,-10,-0.0041,
1,149,-282,0,0,-9,-0.0019,
1,150,-297,0,0,-9,-0.0019,
1,146,-960,0,0,0,-0.0322,
1,147,-943,0,0,0,-0.0349,
1,148,-917,0,0,1,-0.0349,
1,149,-890,0,0,2,-0.0371,
1,150,-766,0,0,3,-0.0376,
0,146,165,0,0,-19,-0.5986,
0,147,57,0,0,-18,-0.6117,
0,148,49,0,0,-19,-0.6248,
0,149,49,0,0,-19,-0.6373,
0,150,56,0,0,-21,-0.6434,
0,146,105,0,0,-2,-0.0059,
0,147,124,0,0,-2,-0.0059,
0,148,123,0,0,-2,-0.0059,
0,149,133,0,0,-2,-0.0059,
0,150,144,0,0,-2,-0.0059,
1,146,-317,0,0,6,0.2157,
1,147,-315,0,0,8,0.2217,
1,148,-300,0,0,10,0.2331,
1,149,-364,0,0,10,0.2373,
1,150,-343,0,0,10,0.2373,
1,146,-23,0,0,-34,-0.538,
1,147,-13,0,0,-33,-0.5511,
1,148,-11,0,0,-33,-0.5511,
1,149,-11,0,0,-33,-0.5511,
1,150,-21,0,0,-32,-0.5541,
0,146,815,1.600000,0,8,0.2075,
0,147,797,3.200000,0,10,0.2115,
0,148,792,4.800000,0,11,0.2176,
0,149,802,6.400000,0,11,0.2214,
0,150,799,8.000000,0,12,0.2271,
1,146,-108,0,0,-5,0.0518,
1,147,-648,0,0,-5,0.0518,
1,148,-678,0,0,-6,0.0478,
1,149,-708,0,0,-4,0.0558,
1,150,-738,0,0,-3,0.0638,
0,146,189,0,-11.800000,1,-0.0193,
0,147,174,0,-14.800000,1,-0.0193,
0,148,174,0,-14.800000,1,-0.0193,
0,149,174,0,-14.800000,1,-0.0193,
0,150,174,0,-14.800000,1,-0.0193,
1,146,-716,0,0,-2,-0.01,
1,147,-712,0,0,1,-0.011,
1,148,-706,0,0,3,-0.0105,
1,149,-702,0,0,4,-0.0026,
1,150,-799,0,0,4,-0.0056,
1,146,-135,0,0,27,0.3453,
1,147,-161,0,0,27,0.3453,
1,148,-77,0,0,27,0.3453,
1,149,7,0,0,27,0.3453,
1,150,-1,0,0,27,0.3453,
0,146,87,0,0,5,0.0989,
0,147,84,0,0,5,0.0989,
0,148,107,0,0,4,0.1,
0,149,146,0,0,3,0.0913,
0,150,139,0,0,2,0.089,
1,146,-144,0,0,-23,-0.3506,
1,147,-184,0,0,-23,-0.3506,
1,148,-206,0,0,-23,-0.3506,
1,149,-248,0,0,-23,-0.3506,
1,150,-360,0,0,-23,-0.3506,
0,146,-33,0,0,16,0.3139,
0,147,-45,0,0,16,0.3139,
0,148,-42,0,0,16,0.326,
0,149,-213,0,0,16,0.3273,
0,150,416,0,0,16,0.3273,
1,146,-617,0,0,-18,-0.0525,
1,147,-1114,0,0,-19,-0.0601,
1,148,-1095,0,0,-20,-0.0785,
1,149,-961,0,0,-21,-0.088,
1,150,-933,0,0,-21,-0.088,
1,146,-57,0,0,-11,-0.2936,
1,147,-59,0,0,-11,-0.2891,
1,148,-59,0,0,-11,-0.29,
1,149,-60,0,0,-11,-0.2883,
1,150,-60,0,0,-11,-0.2883,
0,146,256,0,0,16,0.318,
0,147,232,0,0,17,0.3305,
0,148,743,0,0,18,0.3388,
0,149,653,0,0,18,0.3388,
0,150,671,0,0,18,0.3388,
0,146,292,0,0,11,0.2297,
0,147,304,0,0,10,0.2317,
0,148,320,0,0,9,0.2422,
0,149,229,0,0,10,0.251,
0,150,230,0,0,11,0.2534,
0,146,166,0,0,20,0.3286,
0,147,180,0,0,20,0.3547,
0,148,208,0,0,20,0.3563,
0,149,327,0,0,20,0.3563,
0,150,324,0,0,20,0.3563,
1,146,-585,0,0,-15,-0.2012,
1,147,-679,0,0,-14,-0.193,
1,148,-682,0,0,-14,-0.193,
1,149,-677,0,0,-14,-0.193,
1,150,-678,0,0,-14,-0.193,
1,146,-751,0,0,-21,-0.4298,
1,147,-747,0,0,-21,-0.4298,
1,148,-755,0,0,-21,-0.4298,
1,149,-647,0,0,-21,-0.4302,
1,150,-619,0,0,-21,-0.4256,
0,146,424,21.200000,0,13,0.332,
0,147,354,23.600000,0,13,0.332,
0,148,381,26.000000,0,13,0.332,
0,149,527,28.400000,0,13,0.332,
0,150,533,28.400000,0,13,0.332,
0,146,203,0,0,-4,-0.1549,
0,147,221,0,0,-4,-0.1549,
0,148,25,0,0,-4,-0.1549,
0,149,13,0,0,-4,-0.1549,
0,150,9,0,0,-4,-0.1549,
0,146,1029,0,0,22,0.3059,
0,147,1050,0,0,22,0.3059,
0,148,1047,0,0,22,0.3059,
0,149,1039,0,0,22,0.3059,
0,150,1015,0,0,22,0.3059,
0,146,1013,0,0,5,-0.0558,
0,147,1040,0,0,5,-0.0575,
0,148,1162,0,0,4,-0.0605,
0,149,1162,0,0,4,-0.0605,
0,150,1074,0,0,4,-0.0605,
0,146,1053,0,0,33,0.7131,
0,147,1059,0,0,33,0.7131,
0,148,1067,0,0,33,0.7131,
0,149,1075,0,0,33,0.7131,
0,150,1183,0,0,33,0.7131,
1,146,-200,0,0,-12,-0.0668,
1,147,-175,0,0,-12,-0.0589,
1,148,-150,0,0,-11,-0.0511,
1,149,-152,0,0,-11,-0.0479,
1,150,-151,0,0,-10,-0.0389,
0,146,-4,0,0,-2,-0.0664,
0,147,4,0,0,-2,-0.0664,
0,148,28,0,0,-2,-0.0664,
0,149,20,0,0,-2,-0.0664,
0,150,124,0,0,-2,-0.0702,
0,146,931,0,0,3,-0.055,
0,147,819,0,0,3,-0.055,
0,148,788,0,0,3,-0.055,
0,149,560,0,0,3,-0.055,
0,150,560,0,0,3,-0.055,
1,146,-41,0,0,-10,-0.0961,
1,147,-20,0,0,-10,-0.0992,
1,148,-45,0,0,-10,-0.1152,
1,149,-70,0,0,-10,-0.1152,
1,150,-177,0,0,-10,-0.1152,
1,146,-876,0,0,11,0.0073,
1,147,-877,0,0,11,0.01,
1,148,-878,0,0,11,0.0237,
1,149,-887,0,0,13,0.0373,
1,150,-904,0,0,13,0.04,
1,146,-615,0,0,-25,-0.2568,
1,147,-508,0,0,-25,-0.2568,
1,148,-508,0,0,-26,-0.2567,
1,149,-630,0,0,-26,-0.2551,
1,150,-644,0,0,-23,-0.2494,
0,146,394,0,0,7,0.0385,
0,147,404,0,0,8,0.0505,
0,148,484,0,0,7,0.0551,
0,149,456,0,0,7,0.0551,
0,150,320,0,0,7,0.0551,
1,146,-735,0,0,-13,-0.2152,
1,147,-755,0,0,-13,-0.2152,
1,148,-729,0,0,-13,-0.2152,
1,149,-733,0,0,-13,-0.2152,
1,150,-819,0,0,-14,-0.2112,
0,146,1060,0,0,15,0.3506,
0,147,1066,0,0,15,0.3546,
0,148,1092,0,0,16,0.3567,
0,149,1122,0,0,18,0.3627,
0,150,1333,0,0,18,0.3627,
0,146,562,0,0,25,0.3148,
0,147,562,0,0,25,0.3078,
0,148,555,0,0,25,0.3078,
0,149,540,0,0,25,0.3078,
0,150,641,0,0,25,0.3078,
1,146,-1136,0,0,32,0.6485,
1,147,-1136,0,0,32,0.6485,
1,148,-1136,0,0,32,0.6485,
1,149,-1152,0,0,32,0.6485,
1,150,-1152,0,0,32,0.6485,
1,146,-799,0,0,39,0.838,
1,147,-796,0,0,39,0.836,
1,148,-793,0,0,39,0.835,
1,149,-688,0,0,39,0.834,
1,150,-692,0,0,39,0.834,
1,146,-1087,0,0,20,0.5379,
1,147,-1087,0,0,20,0.5379,
1,148,-1087,0,0,20,0.5379,
1,149,-1087,0,0,20,0.5379,
1,150,-1188,0,0,21,0.5467,
0,146,137,0,0,34,0.5482,
0,147,153,0,0,34,0.5482,
0,148,169,0,0,34,0.5482,
0,149,185,0,0,34,0.5482,
0,150,225,0,0,34,0.5482,
1,146,-1330,0,0,16,0.6637,
1,147,-1338,0,0,16,0.6637,
1,148,-1454,0,0,23,0.6822,
1,149,-1470,0,0,23,0.6822,
1,150,-1478,0,0,23,0.6822,
1,146,-1388,0,0,40,0.9051,
1,147,-1292,0,0,40,0.9051,
1,148,-1260,0,0,40,0.9051,
1,149,-1262,0,0,41,0.9119,
1,150,-1238,0,0,41,0.9124,
1,146,-1177,0,0,4,0.2616,
1,147,-1269,0,0,4,0.2594,
1,148,-1243,0,0,4,0.2594,
1,149,-1209,0,0,4,0.2594,
1,150,-1143,0,0,4,0.2594,
1,146,-515,0,0,38,0.7574,
1,147,-391,0,0,38,0.7574,
1,148,-399,0,0,38,0.7574,
1,149,-521,0,0,38,0.7574,
1,150,-543,0,0,38,0.7574,
0,146,-482,0,0,18,0.3122,
0,147,-450,0,0,17,0.3152,
0,148,-410,0,0,17,0.3152,
0,149,-370,0,0,17,0.3152,
0,150,180,0,0,17,0.3152,
1,146,-148,0,0,32,0.8155,
1,147,-140,0,0,33,0.814,
1,148,-130,0,0,33,0.8175,
1,149,-95,0,0,33,0.8178,
1,150,-45,0,0,33,0.8178,
0,146,-178,0,0,31,0.6955,
0,147,-140,0,0,31,0.6955,
0,148,-102,0,0,31,0.6955,
0,149,-64,4.800000,0,31,0.6955,
0,150,478,10.400000,0,31,0.6955,
1,146,-764,0,0,25,0.599,
1,147,-728,0,0,26,0.6099,
1,148,-728,0,0,29,0.6208,
1,149,-844,0,0,32,0.6321,
1,150,-858,0,0,32,0.6413,
1,146,26,0,0,20,0.4608,
1,147,-68,0,0,20,0.4608,
1,148,-70,0,0,20,0.4608,
1,149,-72,0,0,20,0.4608,
1,150,-58,0,0,20,0.4608,
1,146,-1179,0,0,46,1.1767,
1,147,-1189,0,0,51,1.2127,
1,148,-1294,0,0,52,1.2268,
1,149,-1295,0,0,52,1.2268,
1,150,-1296,0,0,52,1.2268,
1,146,-589,0,0,3,0.1235,
1,147,-709,0,0,5,0.1328,
1,148,-709,0,0,5,0.1413,
1,149,-805,0,0,5,0.1413,
1,150,-785,0,0,5,0.1413,
1,146,-1402,0,0,4,0.2712,
1,147,-1620,0,0,7,0.2737,
1,148,-1593,0,0,7,0.2831,
1,149,-1569,0,0,7,0.2841,
1,150,-1545,0,0,7,0.2851,
0,146,91,0,0,19,0.498,
0,147,7,0,0,19,0.5074,
0,148,23,0,0,19,0.5074,
0,149,51,0,0,19,0.5074,
0,150,195,0,0,19,0.5074,
1,146,-864,0,0,42,0.9782,
1,147,-866,0,0,42,0.9782,
1,148,-866,0,0,42,0.9782,
1,149,-866,0,0,42,0.9782,
1,150,-866,0,0,42,0.9782,
1,146,-1408,0,0,28,0.7547,
1,147,-1292,0,0,28,0.7547,
1,148,-1308,0,0,28,0.7547,
1,149,-1324,0,0,28,0.7547,
1,150,-1324,0,0,28,0.7547,
1,146,-37,0,0,24,0.5075,
1,147,-36,0,0,25,0.504,
1,148,-34,0,0,25,0.503,
1,149,-21,0,0,25,0.5035,
1,150,-9,0,0,25,0.5035,
1,146,-543,0,0,28,0.6151,
1,147,-640,0,0,29,0.6141,
1,148,-637,0,0,29,0.6122,
1,149,-634,0,0,32,0.6103,
1,150,-615,0,0,32,0.6083,
1,146,-1146,0,0,27,0.7347,
1,147,-1146,0,0,27,0.7347,
1,148,-1146,0,0,27,0.7347,
1,149,-1146,0,0,27,0.7347,
1,150,-1146,0,0,27,0.7347,
1,146,-674,0,0,40,0.9983,
1,147,-566,0,0,40,0.9983,
1,148,-566,0,0,40,0.9983,
1,149,-566,0,0,40,0.9983,
1,150,-566,0,0,40,0.9983,
0,146,615,0,0,17,0.4174,
0,147,602,0,0,17,0.4174,
0,148,489,0,0,17,0.4174,
0,149,504,0,0,17,0.4174,
0,150,526,0,0,17,0.4174,
0,146,-418,0,0,31,0.6344,
0,147,95,0,0,32,0.6389,
0,148,107,0,0,32,0.6389,
0,149,119,0,0,32,0.6389,
0,150,147,0,0,32,0.6389,
1,146,-1410,0,0,41,0.9474,
1,147,-1427,0,0,41,0.9474,
1,148,-1432,0,0,41,0.9474,
1,149,-1437,0,0,41,0.9474,
1,150,-1442,0,0,41,0.9474,
1,146,-1261,0,0,30,0.8963,
1,147,-1261,0,0,30,0.8963,
1,148,-1375,0,0,30,0.8963,
1,149,-1383,0,0,30,0.8963,
1,150,-1391,0,0,30,0.8963,
1,146,-1312,0,0,23,0.6155,
1,147,-1348,0,0,23,0.6155,
1,148,-1360,0,0,23,0.6155,
1,149,-1372,0,0,23,0.6155,
1,150,-1384,0,0,23,0.6155,
1,146,-1364,0,0,1,0.0485,
1,147,-1356,0,0,-1,0.0455,
1,148,-1332,0,0,-1,0.0465,
1,149,-1308,0,0,-1,0.0475,
1,150,-1274,0,0,-1,0.0485,
0,146,1346,0,0,-32,-0.8594,
0,147,1354,0,0,-32,-0.8594,
0,148,1360,0,0,-33,-0.8706,
0,149,1484,0,0,-33,-0.8706,
0,150,1508,0,0,-33,-0.8706,
0,146,1069,0,0,-15,-0.3426,
0,147,1158,0,0,-16,-0.3383,
0,148,1134,0,0,-16,-0.3383,
0,149,622,0,0,-16,-0.3383,
0,150,612,0,0,-16,-0.3383,
0,146,327,0,0,-10,-0.3461,
0,147,325,0,0,-12,-0.3398,
0,148,325,0,0,-11,-0.3228,
0,149,337,0,0,-11,-0.3228,
0,150,349,0,0,-11,-0.3228,
0,146,1316,0,0,-38,-0.8847,
0,147,1316,0,0,-38,-0.8847,
0,148,1316,0,0,-38,-0.8847,
0,149,1316,0,0,-38,-0.8847,
0,150,1316,0,0,-38,-0.8847,
0,146,372,0,0,-12,-0.4395,
0,147,472,0,0,-12,-0.4496,
0,148,468,0,0,-12,-0.46,
0,149,456,0,0,-14,-0.4702,
0,150,454,0,0,-15,-0.4789,
1,146,-339,0,0,-17,-0.3876,
1,147,-221,0,0,-17,-0.3903,
1,148,-203,0,0,-17,-0.3903,
1,149,-221,0,0,-17,-0.3903,
1,150,-263,0,0,-17,-0.3903,
0,146,859,0,0,-34,-0.7213,
0,147,831,0,0,-34,-0.7213,
0,148,839,0,0,-34,-0.7213,
0,149,847,0,0,-34,-0.7213,
0,150,847,0,0,-34,-0.7213,
1,146,454,0,0,-27,-0.5291,
1,147,510,0,0,-27,-0.5406,
1,148,458,0,0,-27,-0.5406,
1,149,406,0,0,-27,-0.5406,
1,150,-128,0,0,-27,-0.5406,
1,146,-804,0,0,-32,-0.567,
1,147,-832,0,0,-32,-0.567,
1,148,-860,0,0,-32,-0.567,
1,149,-888,0,0,-32,-0.567,
1,150,-916,0,0,-32,-0.567,
0,146,1373,0,0,-26,-0.6919,
0,147,1389,0,0,-26,-0.6919,
0,148,1405,0,0,-26,-0.6919,
0,149,1421,0,0,-26,-0.6919,
0,150,1429,0,0,-26,-0.6919,
0,146,647,0,0,-36,-0.7531,
0,147,658,0,0,-37,-0.7786,
0,148,668,0,0,-38,-0.7966,
0,149,665,0,0,-39,-0.8086,
0,150,743,0,0,-41,-0.8219,
0,146,590,0,0,-19,-0.4047,
0,147,599,0,0,-20,-0.4097,
0,148,725,0,0,-21,-0.4151,
0,149,750,0,0,-21,-0.4188,
0,150,750,0,0,-21,-0.4226,
1,146,-78,0,0,-20,-0.3783,
1,147,-72,0,0,-20,-0.3783,
1,148,-61,0,0,-20,-0.3783,
1,149,-50,0,0,-20,-0.3783,
1,150,-55,0,0,-20,-0.3783,
0,146,936,0,0,3,-0.0716,
0,147,913,0,0,3,-0.0716,
0,148,910,0,0,3,-0.0716,
0,149,1105,0,0,-1,-0.0756,
0,150,1122,0,0,-3,-0.0793,
0,146,1391,0,0,-42,-0.9296,
0,147,1287,0,0,-42,-0.9296,
0,148,1287,0,0,-42,-0.9296,
0,149,1287,0,0,-42,-0.9296,
0,150,1388,0,0,-42,-0.9296,
0,146,1309,0,0,-33,-0.701,
0,147,1323,0,0,-33,-0.701,
0,148,1337,0,0,-33,-0.701,
0,149,1351,0,0,-33,-0.701,
0,150,1365,0,0,-33,-0.701,
1,146,-200,0,0,-34,-0.6872,
1,147,-207,0,0,-34,-0.6819,
1,148,-214,0,0,-34,-0.6819,
1,149,-129,0,0,-34,-0.6819,
1,150,-152,0,0,-34,-0.6819,
0,146,875,0,0,-26,-0.5241,
0,147,867,0,0,-26,-0.5265,
0,148,847,0,0,-26,-0.5276,
0,149,829,0,0,-26,-0.5276,
0,150,789,0,0,-26,-0.5276,
0,146,1685,0,0,-43,-0.9488,
0,147,1684,0,0,-43,-0.9653,
0,148,1683,0,0,-44,-0.9719,
0,149,1683,0,0,-44,-0.9719,
0,150,1683,0,0,-44,-0.9719,
0,146,1680,0,0,10,-0.2863,
0,147,1647,0,0,10,-0.2822,
0,148,1765,0,0,11,-0.2692,
0,149,1765,0,0,11,-0.2692,
0,150,1781,0,0,11,-0.2692,
0,146,-223,0,0,-19,-0.4611,
0,147,-116,0,0,-19,-0.4461,
0,148,14,0,0,-19,-0.4349,
0,149,42,0,0,-19,-0.4307,
0,150,66,0,0,-19,-0.4278,
0,146,595,0,0,-18,-0.4536,
0,147,665,0,0,-18,-0.4536,
0,148,627,0,0,-18,-0.4536,
0,149,585,0,0,-18,-0.4536,
0,150,51,0,0,-18,-0.4536,
0,146,1399,0,0,-32,-0.6326,
0,147,1413,0,0,-34,-0.6465,
0,148,1389,0,0,-36,-0.6636,
0,149,1405,0,0,-36,-0.6636,
0,150,1421,0,0,-36,-0.6636,
0,146,665,0,0,-33,-0.6705,
0,147,510,0,0,-33,-0.6705,
0,148,529,0,0,-33,-0.6705,
0,149,548,0,0,-33,-0.6705,
0,150,687,0,0,-33,-0.6705,
0,146,955,0,0,-16,-0.4307,
0,147,968,0,0,-16,-0.4467,
0,148,973,0,0,-16,-0.4907,
0,149,994,0,0,-18,-0.5107,
0,150,1015,0,0,-18,-0.5107,
0,146,1600,0,0,-18,-0.6444,
0,147,1616,0,0,-18,-0.6444,
0,148,1632,0,0,-18,-0.6444,
0,149,1540,0,0,-22,-0.6444,
0,150,1556,0,0,-22,-0.6444,
0,146,869,0.0,0.0,-3,-0.2737,
0,147,885,0.0,0.0,-3,-0.2734,
0,148,901,0.0,0.0,-6,-0.2732,
0,149,917,0.0,0.0,-8,-0.2729,
0,150,924,0.0,0.0,-9,-0.2727,
0,146,-20,0.0,0.0,-12,-0.5293,
0,147,86,0.0,0.0,-12,-0.53,
0,148,92,0.0,0.0,-12,-0.5306,
0,149,98,0.0,0.0,-12,-0.5313,
0,150,196,0.0,0.0,-14,-0.5424,
1,146,532,0.0,0.0,-12,-0.4661,
1,147,-23,0.0,0.0,-12,-0.4661,
1,148,-40,0.0,0.0,-12,-0.4661,
1,149,-30,0.0,0.0,-12,-0.4661,
1,150,-3,0.0,0.0,-12,-0.4661,
1,146,62,0.0,0.0,-24,-0.6383,
1,147,62,0.0,0.0,-24,-0.6283,
1,148,62,0.0,0.0,-26,-0.6183,
1,149,50,0.0,0.0,-27,-0.6083,
1,150,-78,0.0,0.0,-27,-0.6083,
0,146,1311,0.0,0.0,-44,-0.9949,
0,147,1086,0.0,0.0,-44,-0.9949,
0,148,1086,0.0,0.0,-44,-0.9949,
0,149,1190,0.0,0.0,-46,-1.0175,
0,150,1196,0.0,0.0,-46,-1.0175,
0,146,1410,0.0,0.0,4,-0.4182,
0,147,1410,0.0,0.0,4,-0.4182,
0,148,1410,0.0,0.0,4,-0.4182,
0,149,1410,0.0,0.0,4,-0.4182,
0,150,1410,0.0,0.0,4,-0.4182,
0,146,883,0.0,0.0,2,-0.0294,
0,147,967,0.0,0.0,2,-0.0384,
0,148,951,0.0,0.0,2,-0.0384,
0,149,923,0.0,0.0,2,-0.0384,
0,150,879,0.0,0.0,2,-0.0384,
0,146,568,0.0,0.0,1,-0.1904,
0,147,592,0.0,0.0,2,-0.2065,
0,148,724,0.0,0.0,2,-0.2088,
0,149,772,0.0,0.0,2,-0.211,
0,150,713,0.0,0.0,3,-0.2134,
0,146,761,0.0,0.0,-34,-0.6234,
0,147,684,0.0,0.0,-36,-0.6305,
0,148,572,0.0,0.0,-36,-0.6305,
0,149,572,0.0,0.0,-36,-0.6305,
0,150,570,0.0,0.0,-37,-0.6367,
0,146,1480,0.0,0.0,-24,-0.8195,
0,147,1462,0.0,0.0,-24,-0.8195,
0,148,1444,0.0,0.0,-24,-0.8195,
0,149,1426,0.0,0.0,-24,-0.8195,
0,150,1408,0.0,0.0,-24,-0.8195,
0,146,667,0.0,0.0,-18,-0.8047,
0,147,591,0.0,0.0,-18,-0.8047,
0,148,486,0.0,0.0,-18,-0.8159,
0,149,486,0.0,0.0,-20,-0.827,
0,150,486,0.0,0.0,-20,-0.827,
0,146,709,0.0,0.0,-38,-0.7508,
0,147,709,0.0,0.0,-38,-0.7981,
0,148,717,0.0,0.0,-38,-0.8214,
0,149,725,0.0,0.0,-38,-0.8214,
0,150,733,0.0,0.0,-38,-0.8214,
0,146,971,0.0,0.0,-18,-0.9145,
0,147,972,0.0,0.0,-24,-0.9435,
0,148,973,0.0,0.0,-26,-0.9587,
0,149,988,0.0,0.0,-26,-0.9697,
0,150,1003,0.0,0.0,-26,-0.9697,
1,146,-300,0.0,0.0,-17,-0.4884,
1,147,-306,0.0,0.0,-17,-0.4884,
1,148,-312,0.0,0.0,-17,-0.4884,
1,149,-318,0.0,0.0,-17,-0.4884,
1,150,-440,0.0,0.0,-17,-0.4884,
0,146,1922,0.0,0.0,-10,-0.5714,
0,147,1781,0.0,0.0,-10,-0.5908,
0,148,1789,0.0,0.0,-10,-0.5908,
0,149,1909,0.0,0.0,-10,-0.6099,
0,150,1926,0.0,0.0,-10,-0.6076,
0,146,1102,0.0,0.0,-15,-0.3876,
0,147,1107,0.0,0.0,-16,-0.3931,
0,148,1098,0.0,0.0,-17,-0.3956,
0,149,568,0.0,0.0,-17,-0.3977,
0,150,530,0.0,0.0,-17,-0.3977,
1,146,-381,0.0,0.0,-29,-0.5202,
1,147,-297,0.0,0.0,-29,-0.5202,
1,148,-313,0.0,0.0,-29,-0.5202,
1,149,-325,0.0,0.0,-29,-0.5202,
1,150,-353,0.0,0.0,-29,-0.5202,
0,146,389,0.0,0.0,-20,-0.4169,
0,147,352,0.0,0.0,-22,-0.4264,
0,148,316,0.0,0.0,-22,-0.4264,
0,149,280,0.0,0.0,-22,-0.4264,
0,150,244,0.0,0.0,-22,-0.4264,
1,146,-130,0.0,0.0,-20,-0.2808,
1,147,-130,0.0,0.0,-20,-0.2808,
1,148,-131,0.0,0.0,-21,-0.2796,
1,149,-132,0.0,0.0,-22,-0.2798,
1,150,-150,0.0,0.0,-22,-0.2793,
0,146,827,0.0,0.0,-32,-0.7659,
0,147,735,0.0,0.0,-32,-0.7659,
0,148,751,0.0,0.0,-32,-0.7659,
0,149,883,0.0,0.0,-32,-0.7659,
0,150,899,0.0,0.0,-32,-0.7659,
0,146,1493,0.0,0.0,-31,-0.818,
0,147,1364,0.0,0.0,-31,-0.818,
0,148,1371,0.0,0.0,-33,-0.8299,
0,149,1379,0.0,0.0,-36,-0.8421,
0,150,1377,0.0,0.0,-37,-0.8504,
0,146,679,0.0,0.0,-47,-1.0281,
0,147,693,0.0,0.0,-47,-1.0281,
0,148,707,0.0,0.0,-47,-1.0281,
0,149,707,0.0,0.0,-47,-1.0281,
0,150,715,0.0,0.0,-47,-1.0281,
0,146,1243,0.0,0.0,-38,-0.8684,
0,147,1243,0.0,0.0,-38,-0.8684,
0,148,1243,0.0,0.0,-38,-0.8684,
0,149,1243,0.0,0.0,-38,-0.8684,
0,150,1353,0.0,0.0,-38,-0.8684,
0,146,156,0.0,0.0,-44,-0.7424,
0,147,250,0.0,0.0,-44,-0.7486,
0,148,236,0.0,0.0,-44,-0.7539,
0,149,222,0.0,0.0,-43,-0.7593,
0,150,184,0.0,0.0,-43,-0.7646,
1,146,-416,0.0,0.0,-24,-0.5373,
1,147,-428,0.0,0.0,-24,-0.5373,
1,148,-348,0.0,0.0,-24,-0.5373,
1,149,-376,0.0,0.0,-24,-0.5373,
1,150,-420,0.0,0.0,-24,-0.5373,
0,146,849,0.0,0.0,-30,-0.805,
0,147,683,0.0,0.0,-30,-0.8118,
0,148,682,0.0,0.0,-30,-0.8124,
0,149,681,0.0,0.0,-29,-0.812,
0,150,1185,0.0,0.0,-29,-0.812,
0,146,442,0.0,0.0,-26,-0.4595,
0,147,442,0.0,0.0,-26,-0.4595,
0,148,442,0.0,0.0,-26,-0.4595,
0,149,550,0.0,0.0,-26,-0.4825,
0,150,558,0.0,0.0,-26,-0.4825,
1,146,275,0.0,0.0,-23,-0.4295,
1,147,251,0.0,0.0,-23,-0.4365,
1,148,-273,0.0,0.0,-23,-0.4435,
1,149,-273,0.0,0.0,-23,-0.4505,
1,150,-287,0.0,0.0,-23,-0.4575,
0,146,31,0.0,0.0,-30,-0.8087,
0,147,127,0.0,0.0,-30,-0.8178,
0,148,123,0.0,0.0,-30,-0.8178,
0,149,231,0.0,0.0,-30,-0.8178,
0,150,243,0.0,-4.0,-30,-0.8178,
0,146,1291,0.0,0.0,-28,-0.64,
0,147,1263,0.0,0.0,-28,-0.64,
0,148,1271,0.0,0.0,-28,-0.64,
0,149,1279,0.0,0.0,-28,-0.64,
0,150,1287,0.0,0.0,-28,-0.6509,
1,146,-584,0.0,0.0,-49,-0.8191,
1,147,-606,0.0,0.0,-49,-0.8191,
1,148,-628,0.0,0.0,-49,-0.8191,
1,149,-544,0.0,0.0,-49,-0.8191,
1,150,-566,0.0,-1.2,-49,-0.8191,
0,146,1164,0.0,0.0,-29,-0.9364,
0,147,1162,0.0,0.0,-31,-0.9512,
0,148,1126,0.0,0.0,-35,-0.9693,
0,149,1110,0.0,0.0,-36,-0.9781,
0,150,1090,0.0,0.0,-36,-0.9781,
0,146,801,0.0,0.0,-37,-0.8503,
0,147,703,0.0,0.0,-38,-0.8515,
0,148,701,0.0,0.0,-39,-0.855,
0,149,700,0.0,0.0,-42,-0.8594,
0,150,700,0.0,0.0,-42,-0.8669,
0,146,531,0.0,0.0,-30,-0.5543,
0,147,515,0.0,0.0,-29,-0.5606,
0,148,500,0.0,0.0,-29,-0.5675,
0,149,488,0.0,0.0,-29,-0.5726,
0,150,460,0.0,0.0,-28,-0.578,
1,146,-379,0.0,0.0,34,0.4904,
1,147,-359,0.0,0.0,36,0.4974,
1,148,-451,0.0,0.0,36,0.5047,
1,149,-442,0.0,0.0,36,0.5107,
1,150,-417,0.0,0.0,39,0.518,
1,146,-1461,0.0,0.0,22,0.6041,
1,147,-1392,0.0,0.0,21,0.6121,
1,148,-1390,0.0,0.0,22,0.6181,
1,149,-1380,0.0,0.0,24,0.6451,
1,150,-1376,0.0,0.0,24,0.6451,
1,146,-40,0.0,0.0,12,0.258,
1,147,-122,0.0,0.0,12,0.258,
1,148,-104,0.0,0.0,12,0.258,
1,149,-78,0.0,0.0,12,0.258,
1,150,-70,0.0,0.0,12,0.258,
0,146,195,0.0,0.0,5,0.1959,
0,147,215,0.0,0.0,5,0.1959,
0,148,209,0.0,0.0,5,0.1959,
0,149,203,0.0,0.0,5,0.2005,
0,150,203,0.0,0.0,5,0.2052,
1,146,-887,0.0,0.0,30,0.6482,
1,147,-867,0.0,0.0,30,0.6482,
1,148,-883,0.0,0.0,30,0.6482,
1,149,-899,0.0,0.0,30,0.6482,
1,150,-915,0.0,0.0,30,0.6482,
1,146,10,0.0,0.0,9,0.3191,
1,147,-7,0.0,0.0,9,0.3191,
1,148,-131,0.0,0.0,11,0.3251,
1,149,-125,0.0,0.0,11,0.3276,
1,150,-97,0.0,0.0,11,0.3276,
0,146,-7,0.0,0.0,10,0.3634,
0,147,426,0.0,0.0,10,0.3634,
0,148,447,0.0,0.0,10,0.3634,
0,149,468,1.2,0.0,10,0.3634,
0,150,496,6.8,0.0,10,0.3634,
1,146,-348,0.0,0.0,43,1.0572,
1,147,-358,0.0,0.0,43,1.0572,
1,148,-366,0.0,0.0,43,1.0572,
1,149,-374,0.0,0.0,43,1.0572,
1,150,-382,0.0,0.0,43,1.0572,
0,146,457,0.0,0.0,39,0.6807,
0,147,485,0.0,0.0,39,0.686,
0,148,513,0.0,0.0,39,0.686,
0,149,541,0.0,0.0,39,0.686,
0,150,585,0.0,0.0,39,0.686,
1,146,-1149,0.0,0.0,11,0.6263,
1,147,-1165,0.0,0.0,11,0.6263,
1,148,-1181,0.0,0.0,11,0.6263,
1,149,-1197,0.0,0.0,11,0.6263,
1,150,-1313,0.0,0.0,11,0.6263,
1,146,-904,0.0,0.0,22,0.6665,
1,147,-844,0.0,0.0,22,0.6665,
1,148,-824,0.0,0.0,22,0.6665,
1,149,-840,0.0,0.0,22,0.6665,
1,150,-872,0.0,0.0,22,0.6665,
1,146,-1605,0.0,0.0,48,0.9563,
1,147,-1359,0.0,0.0,48,0.9546,
1,148,-1387,0.0,0.0,48,0.9546,
1,149,-1519,0.0,0.0,48,0.9546,
1,150,-1551,0.0,0.0,48,0.9546,
1,146,-1474,0.0,0.0,20,0.6238,
1,147,-1396,0.0,0.0,21,0.6221,
1,148,-1358,0.0,0.0,20,0.6197,
1,149,-1465,0.0,0.0,20,0.6179,
1,150,-1443,0.0,0.0,20,0.6149,
1,146,-1250,0.0,0.0,15,0.6311,
1,147,-1249,0.0,0.0,18,0.6509,
1,148,-1115,0.0,0.0,20,0.67,
1,149,-1115,0.0,0.0,20,0.67,
1,150,-1115,0.0,0.0,20,0.67,
1,146,-1241,0.0,0.0,-4,0.2997,
1,147,-1216,0.0,0.0,-4,0.31,
1,148,-816,0.0,0.0,-3,0.3212,
1,149,-840,0.0,0.0,-3,0.3212,
1,150,-848,0.0,0.0,-2,0.3212,
1,146,-210,0.0,0.0,8,0.3555,
1,147,-306,0.0,0.0,8,0.3582,
1,148,-302,0.0,0.0,9,0.3683,
1,149,-290,0.0,0.0,11,0.378,
1,150,-278,0.0,0.0,12,0.388,
1,146,-678,0.0,0.0,34,0.8261,
1,147,-678,0.0,0.0,34,0.8421,
1,148,-642,0.0,0.0,35,0.8861,
1,149,-642,0.0,0.0,35,0.8861,
1,150,-753,0.0,0.0,35,0.8861,
1,146,-1500,0.0,0.0,23,0.4213,
1,147,-1500,0.0,0.0,23,0.4213,
1,148,-1500,0.0,0.0,23,0.4213,
1,149,-1499,0.0,0.0,24,0.4325,
1,150,-1499,0.0,0.0,24,0.4325,
0,146,-178,0.0,0.0,37,0.7705,
0,147,-150,0.0,0.0,37,0.7705,
0,148,-118,0.0,0.0,37,0.7735,
0,149,-80,0.0,0.0,37,0.7754,
0,150,472,0.0,0.0,37,0.7754,
1,146,-1084,0.0,0.0,27,0.7824,
1,147,-1084,0.0,0.0,27,0.7824,
1,148,-1084,0.0,0.0,27,0.7824,
1,149,-1084,0.0,0.0,27,0.7824,
1,150,-1084,0.0,0.0,27,0.7824,
1,146,-202,0.0,0.0,29,0.678,
1,147,-262,0.0,0.0,29,0.6896,
1,148,-222,0.0,0.0,29,0.6896,
1,149,-283,4.8,0.0,29,0.6896,
1,150,-131,10.4,0.0,29,0.6896,
1,146,-1473,0.0,0.0,16,0.6282,
1,147,-1397,0.0,0.0,16,0.6394,
1,148,-1373,0.0,0.0,17,0.6507,
1,149,-1401,0.0,0.0,17,0.6617,
1,150,-1428,0.0,0.0,17,0.6708,
1,146,-278,0.0,0.0,36,0.4362,
1,147,-360,0.0,0.0,37,0.4377,
1,148,-344,0.0,0.0,37,0.4417,
1,149,-328,0.0,0.0,37,0.4487,
1,150,-296,0.0,0.0,37,0.4557,
0,146,472,0.0,0.0,17,0.5063,
0,147,498,0.0,0.0,17,0.5063,
0,148,524,0.0,0.0,18,0.5166,
0,149,551,0.0,0.0,21,0.5265,
0,150,578,0.0,0.0,21,0.536,
1,146,-941,0.0,0.0,27,0.7105,
1,147,-929,0.0,0.0,27,0.7105,
1,148,-953,0.0,0.0,27,0.7105,
1,149,-977,0.0,0.0,27,0.7105,
1,150,-1001,0.0,0.0,27,0.7105,
1,146,-716,0.0,0.0,38,0.9002,
1,147,-724,0.0,0.0,38,0.9002,
1,148,-724,0.0,0.0,38,0.9002,
1,149,-724,0.0,0.0,38,0.9002,
1,150,-724,0.0,0.0,38,0.9002,
1,146,-755,0.0,0.0,-1,0.1544,
1,147,-743,0.0,0.0,-1,0.1646,
1,148,-731,0.0,0.0,0,0.175,
1,149,-827,0.0,0.0,0,0.1852,
1,150,-810,0.0,0.0,0,0.1953,
1,146,-1402,0.0,0.0,25,0.4955,
1,147,-1518,0.0,0.0,25,0.5204,
1,148,-1518,0.0,0.0,25,0.5301,
1,149,-1518,0.0,0.0,25,0.5301,
1,150,-1518,0.0,0.0,25,0.5301,
1,146,-1994,0.0,0.0,19,0.677,
1,147,-1823,0.0,0.0,19,0.677,
1,148,-1823,0.0,0.0,19,0.677,
1,149,-1823,0.0,0.0,19,0.677,
1,150,-1823,0.0,0.0,19,0.677,
