1,131,-698,0.0,0.0,22,0.6377,
1,132,-698,0.0,0.0,22,0.6652,
1,133,-1214,0.0,0.0,23,0.7119,
1,134,-1115,0.0,0.0,24,0.755,
1,135,-1131,0.0,0.0,24,0.755,
1,131,-1071,0.0,0.0,35,0.879,
1,132,-1101,0.0,0.0,35,0.879,
1,133,-1131,0.0,0.0,35,0.9262,
1,134,-1253,0.0,0.0,36,0.9736,
1,135,-1878,0.0,0.0,38,1.0155,
1,131,-898,0.0,0.0,8,0.3009,
1,132,-858,0.0,0.0,8,0.3009,
1,133,-781,0.0,0.0,8,0.2994,
1,134,-781,0.0,0.0,8,0.2994,
1,135,-789,0.0,0.0,10,0.3434,
1,131,-192,0.0,0.0,15,0.3185,
1,132,-132,0.0,0.0,15,0.3185,
1,133,-84,0.0,0.0,15,0.3185,
1,134,-60,0.0,0.0,15,0.3185,
1,135,-64,0.0,0.0,15,0.3185,
1,131,-602,0.0,0.0,20,0.6852,
1,132,-586,0.0,0.0,20,0.6826,
1,133,-474,0.0,0.0,20,0.6799,
1,134,-474,0.0,0.0,20,0.6799,
1,135,-986,0.0,0.0,20,0.6799,
1,131,-1111,0.0,0.0,17,0.6732,
1,132,-1118,0.0,0.0,19,0.6851,
1,133,-1124,0.0,0.0,19,0.6866,
1,134,-1124,0.0,0.0,19,0.6866,
1,135,-1124,0.0,0.0,19,0.6866,
0,131,-419,0.0,0.0,20,0.3878,
0,132,-411,0.0,0.0,20,0.3954,
0,133,-489,0.0,0.0,20,0.4193,
0,134,-483,0.0,0.0,20,0.4193,
0,135,-383,0.0,0.0,20,0.4193,
1,131,-1229,0.0,-29.2,-8,0.2054,
1,132,-1204,0.0,-32.4,-8,0.2061,
1,133,-1124,0.0,-35.6,-8,0.2061,
1,134,-1264,0.0,-38.8,-8,0.2061,
1,135,-1404,0.0,-42.0,-8,0.2061,
1,131,-214,0.0,0.0,22,0.7566,
1,132,-209,0.0,0.0,22,0.7566,
1,133,-201,0.0,0.0,22,0.7566,
1,134,-93,0.0,0.0,22,0.7566,
1,135,-101,0.0,0.0,22,0.7566,
1,131,-773,0.0,0.0,32,0.7551,
1,132,-773,0.0,0.0,32,0.7551,
1,133,-773,0.0,0.0,32,0.7747,
1,134,-773,0.0,0.0,32,0.822,
1,135,-880,0.0,0.0,36,0.8693,
1,131,-691,0.0,0.0,20,0.6257,
1,132,-607,0.0,0.0,22,0.6227,
1,133,-614,0.0,0.0,19,0.6187,
1,134,-621,0.0,0.0,20,0.6167,
1,135,-644,0.0,0.0,21,0.6176,
1,131,-784,0.0,0.0,33,0.881,
1,132,-784,0.0,0.0,33,0.881,
1,133,-784,0.0,0.0,33,0.881,
1,134,-778,0.0,0.0,37,0.9172,
1,135,-777,0.0,0.0,37,0.917,
1,131,-1034,0.0,0.0,29,0.7627,
1,132,-904,0.0,0.0,29,0.7627,
1,133,-906,0.0,0.0,29,0.7627,
1,134,-908,0.0,0.0,29,0.7627,
1,135,-908,0.0,0.0,29,0.7627,
0,131,369,0.0,0.0,14,0.276,
0,132,-143,0.0,0.0,14,0.276,
0,133,-155,0.0,0.0,14,0.276,
0,134,-283,0.0,0.0,14,0.276,
0,135,-311,0.0,0.0,14,0.276,
1,131,-174,0.0,0.0,46,0.8049,
1,132,-174,0.0,0.0,46,0.8049,
1,133,-174,0.0,0.0,46,0.8049,
1,134,-168,0.0,0.0,46,0.8074,
1,135,-168,0.0,0.0,46,0.8074,
1,131,-277,0.0,0.0,21,0.725,
1,132,-385,0.0,0.0,21,0.741,
1,133,-405,0.0,0.0,23,0.785,
1,134,-422,0.0,0.0,26,0.8124,
1,135,-439,0.0,0.0,29,0.8337,
0,131,141,0.0,0.0,10,0.3152,
0,132,115,0.0,0.0,10,0.3169,
0,133,89,0.0,0.0,10,0.3169,
0,134,73,0.0,0.0,10,0.3169,
0,135,57,0.0,0.0,10,0.3169,
1,131,-1139,0.0,0.0,3,0.708,
1,132,-1139,0.0,0.0,3,0.708,
1,133,-1154,0.0,0.0,4,0.721,
1,134,-1174,0.0,0.0,8,0.754,
1,135,-1120,0.0,0.0,8,0.755,
1,131,-1073,0.0,0.0,4,0.1801,
1,132,-1029,0.0,0.0,4,0.1801,
1,133,-897,0.0,0.0,4,0.1801,
1,134,-885,0.0,0.0,4,0.1801,
1,135,-873,0.0,0.0,4,0.1801,
1,131,-199,0.0,0.0,19,0.4027,
1,132,-147,0.0,0.0,19,0.4027,
1,133,-123,0.0,0.0,19,0.4027,
1,134,-129,0.0,0.0,19,0.4027,
1,135,-135,0.0,0.0,19,0.4027,
0,131,141,0.0,0.0,24,0.6207,
0,132,113,0.0,0.0,25,0.6226,
0,133,85,0.0,0.0,26,0.6411,
0,134,73,0.0,0.0,28,0.6525,
0,135,61,0.0,0.0,28,0.6525,
0,131,721,0.0,0.0,-6,-0.3204,
0,132,721,0.0,0.0,-6,-0.3204,
0,133,599,0.0,0.0,-6,-0.3201,
0,134,599,0.0,0.0,-6,-0.3201,
0,135,599,0.0,0.0,-6,-0.3676,
0,131,-34,0.0,0.0,-15,-0.4374,
0,132,-70,0.0,0.0,-16,-0.4259,
0,133,-84,0.0,0.0,-16,-0.4259,
0,134,-82,0.0,0.0,-16,-0.4259,
0,135,25,0.0,0.0,-16,-0.4259,
1,131,452,0.0,0.0,-13,-0.4411,
1,132,464,0.0,0.0,-13,-0.4411,
1,133,508,0.0,0.0,-13,-0.4411,
1,134,536,0.0,0.0,-13,-0.4411,
1,135,641,0.0,0.0,-14,-0.4516,
1,131,102,0.0,0.0,-37,-0.6268,
1,132,-42,0.0,0.0,-40,-0.6361,
1,133,464,0.0,0.0,-40,-0.6443,
1,134,557,0.0,0.0,-42,-0.6515,
1,135,553,0.0,0.0,-42,-0.6515,
0,131,745,0.0,0.0,11,0.0908,
0,132,717,0.0,0.0,11,0.0868,
0,133,701,0.0,0.0,11,0.0828,
0,134,731,0.0,0.0,12,0.0788,
0,135,755,0.0,0.0,14,0.0748,
0,131,306,0.0,0.0,-6,-0.2425,
0,132,252,0.0,0.0,-5,-0.2412,
0,133,236,0.0,0.0,-5,-0.2412,
0,134,244,0.0,0.0,-5,-0.2412,
0,135,253,0.0,0.0,-5,-0.2412,
0,131,1124,0.0,0.0,-11,-0.6139,
0,132,1226,0.0,0.0,-13,-0.6231,
0,133,1116,0.0,0.0,-13,-0.626,
0,134,1116,0.0,0.0,-13,-0.626,
0,135,1116,0.0,0.0,-13,-0.626,
0,131,1337,0.0,0.0,-19,-0.4389,
0,132,1187,0.0,0.0,-19,-0.4389,
0,133,1187,0.0,0.0,-19,-0.4389,
0,134,1187,0.0,0.0,-23,-0.4841,
0,135,1183,0.0,0.0,-25,-0.5186,
0,131,1233,0.0,0.0,-13,-0.5295,
0,132,1233,0.0,0.0,-13,-0.5295,
0,133,1247,0.0,0.0,-13,-0.5295,
0,134,1261,0.0,0.0,-13,-0.5295,
0,135,1275,0.0,0.0,-13,-0.5295,
0,131,2051,0.0,0.0,-13,-0.4767,
0,132,2080,0.0,0.0,-13,-0.4735,
0,133,2093,0.0,0.0,-13,-0.4723,
0,134,1998,0.0,0.0,-13,-0.4698,
0,135,2010,0.0,0.0,-13,-0.4656,
0,131,704,0.0,0.0,-43,-1.0394,
0,132,588,0.0,0.0,-43,-1.0588,
0,133,588,0.0,0.0,-43,-1.0588,
0,134,588,0.0,0.0,-43,-1.0588,
0,135,588,0.0,0.0,-43,-1.0588,
0,131,1283,0.0,0.0,-52,-1.0512,
0,132,1287,0.0,0.0,-52,-1.0512,
0,133,1299,0.0,0.0,-52,-1.0512,
0,134,1299,0.0,0.0,-52,-1.0512,
0,135,1301,0.0,0.0,-52,-1.0512,
0,131,958,0.0,0.0,-29,-0.588,
0,132,882,0.0,0.0,-29,-0.588,
0,133,758,0.0,0.0,-29,-0.588,
0,134,758,0.0,0.0,-29,-0.588,
0,135,753,0.0,0.0,-32,-0.6152,
1,131,111,0.0,0.0,-31,-0.5496,
1,132,74,0.0,0.0,-31,-0.5496,
1,133,65,0.0,0.0,-31,-0.5496,
1,134,80,0.0,0.0,-31,-0.5496,
1,135,88,0.0,0.0,-31,-0.5496,
0,131,1289,0.0,0.0,-24,-0.5738,
0,132,1296,0.0,0.0,-24,-0.5738,
0,133,1303,0.0,0.0,-25,-0.5933,
0,134,1306,0.0,0.0,-31,-0.6358,
0,135,1235,0.0,0.0,-32,-0.6762,
0,131,614,0.0,0.0,-30,-0.3135,
0,132,616,0.0,0.0,-30,-0.327,
0,133,618,0.0,0.0,-30,-0.3563,
0,134,628,0.0,0.0,-29,-0.3676,
0,135,630,0.0,0.0,-29,-0.3676,
0,131,329,0.0,0.0,-4,-0.1787,
0,132,345,0.0,0.0,-4,-0.1895,
0,133,361,0.0,0.0,-4,-0.2004,
0,134,369,0.0,0.0,-7,-0.2113,
0,135,377,0.0,0.0,-9,-0.2225,
0,131,676,0.0,0.0,-27,-0.4524,
0,132,640,0.0,0.0,-27,-0.4663,
0,133,616,0.0,0.0,-28,-0.4649,
0,134,616,0.0,0.0,-28,-0.4636,
0,135,616,0.0,0.0,-28,-0.4623,
0,131,993,0.0,0.0,-31,-0.8387,
0,132,1009,0.0,0.0,-33,-0.8536,
0,133,1022,0.0,0.0,-39,-0.8883,
0,134,957,0.0,0.0,-39,-0.8948,
0,135,845,0.0,0.0,-39,-0.8948,
0,131,1244,0.0,0.0,-9,-0.5343,
0,132,1244,0.0,0.0,-9,-0.5343,
0,133,1241,0.0,0.0,-9,-0.5353,
0,134,1164,0.0,0.0,-9,-0.5353,
0,135,1028,0.0,0.0,-9,-0.5353,
1,131,-132,0.0,0.0,-24,-0.4652,
1,132,-104,0.0,0.0,-24,-0.4652,
1,133,-68,0.0,0.0,-24,-0.4652,
1,134,-44,0.0,0.0,-24,-0.4652,
1,135,-20,0.0,0.0,-24,-0.4652,
0,131,897,0.0,0.0,-29,-0.6395,
0,132,897,0.0,0.0,-29,-0.6395,
0,133,897,0.0,0.0,-29,-0.6395,
0,134,897,0.0,0.0,-29,-0.6395,
0,135,897,0.0,0.0,-29,-0.6395,
1,131,790,0.0,0.0,-22,-0.5508,
1,132,528,0.0,0.0,-22,-0.5508,
1,133,533,0.0,0.0,-22,-0.5508,
1,134,538,0.0,0.0,-22,-0.5508,
1,135,543,0.0,0.0,-22,-0.5508,
0,131,332,0.0,0.0,-14,-0.3758,
0,132,242,0.0,0.0,-15,-0.3868,
0,133,258,0.0,0.0,-15,-0.3876,
0,134,375,0.0,0.0,-15,-0.3876,
0,135,389,0.0,0.0,-16,-0.3942,
0,131,615,0.0,0.0,-16,-0.5683,
0,132,623,0.0,0.0,-15,-0.5723,
0,133,610,0.0,0.0,-17,-0.6079,
0,134,618,0.0,0.0,-17,-0.6119,
0,135,619,0.0,0.0,-17,-0.6161,
0,131,663,0.0,0.0,2,0.095,
0,132,755,0.0,0.0,2,0.087,
0,133,767,0.0,0.0,3,0.079,
0,134,802,0.0,0.0,3,0.0736,
0,135,838,0.0,0.0,3,0.0656,
0,131,1427,0.0,0.0,-29,-0.7909,
0,132,1427,0.0,0.0,-29,-0.7909,
0,133,1424,0.0,0.0,-29,-0.8039,
0,134,1346,0.0,0.0,-31,-0.8159,
0,135,1346,0.0,0.0,-31,-0.8159,
0,131,1791,0.0,0.0,-14,-0.457,
0,132,1791,0.0,0.0,-14,-0.457,
0,133,1799,0.0,0.0,-14,-0.457,
0,134,1807,0.0,0.0,-14,-0.457,
0,135,1815,0.0,0.0,-14,-0.457,
0,131,836,0.0,0.0,-24,-0.7401,
0,132,720,0.0,0.0,-24,-0.7401,
0,133,720,0.0,0.0,-24,-0.7401,
0,134,1228,0.0,0.0,-24,-0.7421,
0,135,1236,0.0,0.0,-24,-0.7421,
0,131,612,0.0,0.0,-11,-0.3848,
0,132,616,0.0,0.0,-11,-0.3848,
0,133,636,0.0,0.0,-11,-0.3848,
0,134,656,0.0,0.0,-11,-0.3848,
0,135,676,0.0,0.0,-11,-0.3848,
1,131,447,0.0,-51.2,-6,-0.3806,
1,132,483,0.0,-66.4,-6,-0.3806,
1,133,407,0.0,-81.6,-6,-0.3806,
1,134,331,0.0,-96.8,-6,-0.3806,
1,135,-1185,0.0,-100.0,-6,-0.3806,
0,131,1625,0.0,0.0,-8,-0.3807,
0,132,1521,0.0,0.0,-8,-0.3807,
0,133,1469,0.0,0.0,-8,-0.3807,
0,134,1481,0.0,0.0,-8,-0.3807,
0,135,1493,0.0,0.0,-8,-0.3919,
1,131,787,0.0,-6.4,-22,-0.4962,
1,132,719,0.0,-21.6,-22,-0.4962,
1,133,651,0.0,-36.8,-22,-0.4962,
1,134,578,0.0,-52.0,-22,-0.4962,
1,135,505,0.0,-67.2,-22,-0.4962,
1,131,-235,0.0,0.0,-12,-0.4917,
1,132,-264,0.0,0.0,-12,-0.4917,
1,133,-413,0.0,0.0,-12,-0.5033,
1,134,-542,0.0,0.0,-12,-0.5033,
1,135,-543,0.0,0.0,-12,-0.5033,
1,131,377,0.0,0.0,-12,-0.4223,
1,132,308,0.0,0.0,-13,-0.4301,
1,133,238,0.0,0.0,-14,-0.4374,
1,134,167,0.0,-6.4,-14,-0.4383,
1,135,96,0.0,-21.6,-13,-0.4391,
0,131,1267,0.0,0.0,-9,-0.5633,
0,132,1267,0.0,0.0,-9,-0.5633,
0,133,1283,0.0,0.0,-9,-0.5633,
0,134,1391,0.0,0.0,-9,-0.5633,
0,135,1391,0.0,0.0,-9,-0.5633,
1,131,349,0.0,-66.4,-29,-0.7348,
1,132,279,0.0,-81.6,-30,-0.7426,
1,133,184,0.0,-96.8,-30,-0.7448,
1,134,-1427,0.0,-100.0,-30,-0.7448,
1,131,690,0.0,-67.2,-10,-0.2705,
1,132,612,0.0,-82.4,-10,-0.2711,
1,133,610,0.0,-82.4,-10,-0.2727,
1,134,604,0.0,-82.4,-13,-0.3031,
1,135,543,0.0,-97.6,-14,-0.3169,
0,131,1398,0.0,0.0,-16,-0.7656,
0,132,1396,0.0,0.0,-16,-0.7699,
0,133,1396,0.0,0.0,-16,-0.7699,
0,134,1396,0.0,0.0,-16,-0.7699,
0,135,1396,0.0,0.0,-16,-0.7699,
1,131,383,0.0,-66.4,-14,-0.2818,
1,132,323,0.0,-81.6,-14,-0.2818,
1,133,263,0.0,-96.8,-14,-0.2818,
1,134,-1221,0.0,-100.0,-14,-0.2818,
0,131,1382,0.0,0.0,-9,-0.4623,
0,132,1268,0.0,0.0,-9,-0.4623,
0,133,1268,0.0,0.0,-9,-0.4623,
0,134,1268,0.0,0.0,-9,-0.4623,
0,135,1268,0.0,0.0,-9,-0.4623,
1,131,293,0.0,-92.0,11,-0.1206,
1,132,-1213,0.0,-100.0,12,-0.1114,
1,131,777,8.8,-6.4,4,-0.2157,
1,132,709,8.8,-21.6,4,-0.2157,
1,133,641,8.8,-36.8,4,-0.2157,
1,134,649,8.8,-36.8,4,-0.2157,
1,135,643,8.8,-36.8,0,-0.2299,
1,131,805,48.0,-76.8,-6,-0.4571,
1,132,737,49.6,-92.0,-6,-0.4571,
1,133,-803,49.6,-100.0,-6,-0.4571,
1,131,282,0.0,-40.8,-11,-0.4899,
1,132,210,0.0,-58.4,-11,-0.4943,
1,133,122,0.0,-76.0,-12,-0.4956,
1,134,34,0.0,-93.6,-11,-0.5,
1,135,-1490,0.0,-100.0,-9,-0.5044,
0,131,1994,0.0,0.0,-35,-1.0861,
0,132,2006,0.0,0.0,-35,-1.0861,
0,133,2006,0.0,0.0,-35,-1.0861,
0,134,2006,0.0,0.0,-35,-1.0861,
0,135,2006,0.0,0.0,-35,-1.0861,
1,131,-248,0.0,0.0,-10,-0.0717,
1,132,-300,0.0,-6.4,-10,-0.0717,
1,133,156,0.0,-21.6,-10,-0.0717,
1,134,204,0.0,-36.8,-10,-0.0717,
1,135,136,0.0,-52.0,-10,-0.0717,
1,131,34,0.0,-21.6,-13,-0.4144,
1,132,-42,0.0,-36.8,-13,-0.4144,
1,133,-118,0.0,-52.0,-13,-0.4144,
1,134,-194,0.0,-67.2,-13,-0.4144,
1,135,-270,0.0,-82.4,-13,-0.4144,
1,131,159,0.0,-81.6,-23,-0.3723,
1,132,95,0.0,-96.8,-23,-0.3723,
1,133,-1421,0.0,-100.0,-23,-0.3723,
1,131,650,0.0,-36.0,-11,-0.3317,
1,132,661,0.0,-36.0,-14,-0.3523,
1,133,670,0.0,-36.0,-15,-0.3721,
1,134,683,0.0,-36.0,-17,-0.4021,
1,135,636,0.0,-51.2,-19,-0.4181,
1,131,714,0.0,-51.2,3,-0.1858,
1,132,716,0.0,-51.2,-1,-0.2245,
1,133,709,0.0,-51.2,-3,-0.234,
1,134,629,0.0,-66.4,-3,-0.236,
1,135,626,0.0,-66.4,-3,-0.236,
1,131,-1540,0.0,-100.0,-12,-0.4707,
0,131,1627,0.0,0.0,9,-0.2355,
0,132,1627,0.0,0.0,9,-0.2355,
0,133,2087,0.0,0.0,9,-0.2355,
0,134,1931,0.0,0.0,9,-0.2355,
0,135,1939,0.0,0.0,9,-0.2355,
0,131,1048,0.0,0.0,1,-0.1978,
0,132,948,0.0,0.0,1,-0.1893,
0,133,844,0.0,0.0,1,-0.1881,
0,134,947,0.0,0.0,1,-0.1881,
0,135,935,0.0,0.0,1,-0.1881,
1,131,1098,13.8,-20.8,-5,-0.1546,
1,132,1035,15.4,-36.0,-5,-0.1586,
1,133,974,17.0,-51.2,-5,-0.1586,
1,134,974,17.0,-51.2,-5,-0.1586,
1,135,893,17.0,-66.4,-5,-0.1561,
0,131,1572,0.0,0.0,6,-0.4218,
0,132,1572,0.0,0.0,6,-0.4218,
0,133,1572,0.0,0.0,6,-0.4207,
0,134,1571,0.0,0.0,-1,-0.4496,
0,135,1401,0.0,0.0,-2,-0.4636,
1,131,549,0.0,-52.0,7,-0.3103,
1,132,470,0.0,-67.2,7,-0.3193,
1,133,482,0.0,-67.2,7,-0.3193,
1,134,418,0.0,-82.4,7,-0.3633,
1,135,354,0.0,-97.6,7,-0.3633,
0,131,353,0.0,0.0,-35,-0.5078,
0,132,238,0.0,0.0,-35,-0.5078,
0,133,246,0.0,0.0,-35,-0.5078,
0,134,229,0.0,0.0,-35,-0.5292,
0,135,225,0.0,0.0,-35,-0.5484,
1,131,533,0.0,0.0,-13,-0.3274,
1,132,651,0.0,0.0,-13,-0.3584,
1,133,679,0.0,0.0,-14,-0.3894,
1,134,705,0.0,0.0,-19,-0.4257,
1,135,629,0.0,-6.4,-19,-0.4359,
0,131,1892,0.0,0.0,-13,-0.5449,
0,132,1860,0.0,0.0,-13,-0.5449,
0,133,1680,0.0,0.0,-13,-0.5449,
0,134,1696,0.0,0.0,-13,-0.5449,
0,135,1712,0.0,0.0,-13,-0.5449,
1,131,90,0.0,-66.4,-6,-0.4814,
1,132,99,0.0,-66.4,-6,-0.5254,
1,133,107,0.0,-66.4,-8,-0.5709,
1,134,114,0.0,-66.4,-11,-0.6155,
1,135,121,0.0,-66.4,-17,-0.6542,
1,131,-185,0.0,-36.0,-17,-0.468,
1,132,-256,0.0,-51.2,-17,-0.5233,
1,133,-326,0.0,-66.4,-17,-0.5233,
1,134,-386,0.0,-81.6,-17,-0.5233,
1,135,-446,0.0,-96.8,-17,-0.5233,
1,131,450,0.0,-51.2,-28,-0.8018,
1,132,374,0.0,-66.4,-28,-0.8018,
1,133,303,0.0,-81.6,-28,-0.8018,
1,134,232,0.0,-96.8,-28,-0.8018,
1,135,-1279,0.0,-100.0,-28,-0.8018,
1,131,469,0.0,-82.4,-4,-0.4741,
1,132,401,0.0,-97.6,-4,-0.4784,
1,133,-1103,0.0,-100.0,-4,-0.4874,
0,131,1900,0.0,0.0,-30,-1.0391,
0,132,1898,0.0,0.0,-39,-1.0951,
0,133,1892,0.0,0.0,-42,-1.1268,
0,134,1892,0.0,0.0,-42,-1.1268,
0,135,1892,0.0,0.0,-42,-1.1268,
1,131,1872,0.0,0.0,-15,-0.3966,
1,132,1292,0.0,0.0,-18,-0.4063,
1,133,1218,0.0,0.0,-19,-0.4076,
1,134,1140,0.0,0.0,-20,-0.4134,
1,135,1136,0.0,0.0,-21,-0.4182,
1,131,427,0.0,0.0,-35,-0.5789,
1,132,365,0.0,0.0,-35,-0.5789,
1,133,289,0.0,0.0,-35,-0.5789,
1,134,213,0.0,0.0,-35,-0.5789,
1,135,137,0.0,0.0,-35,-0.5789,
1,131,581,0.0,-21.6,9,-0.1342,
1,132,505,0.0,-36.8,9,-0.1342,
1,133,429,0.0,-52.0,8,-0.1411,
1,134,352,0.0,-67.2,6,-0.1428,
1,135,284,0.0,-82.4,6,-0.1428,
1,131,1024,0.0,-81.6,11,-0.0779,
1,132,1056,0.0,-96.8,11,-0.0779,
1,133,-456,0.0,-100.0,11,-0.0779,
1,131,1012,0.0,0.0,2,-0.4347,
1,132,1062,0.0,0.0,-1,-0.465,
1,133,1169,0.0,0.0,-2,-0.4865,
1,134,1173,0.0,0.0,-9,-0.4965,
1,135,1172,0.0,0.0,-9,-0.4915,
1,131,-1309,0.0,-100.0,1,-0.1123,
1,131,645,0.0,0.0,-6,-0.3998,
1,132,653,0.0,0.0,-13,-0.4212,
1,133,656,0.0,0.0,-16,-0.4268,
1,134,585,0.0,-6.4,-16,-0.4359,
1,135,525,0.0,-21.6,-16,-0.4472,
1,131,-140,0.0,-21.6,-37,-0.7749,
1,132,-186,0.0,-36.8,-37,-0.7863,
1,133,-233,0.0,-52.0,-38,-0.7961,
1,134,-280,0.0,-67.2,-38,-0.7956,
1,135,-334,0.0,-82.4,-38,-0.7956,
1,131,263,0.0,-82.4,-23,-0.4787,
1,132,202,0.0,-97.6,-25,-0.4911,
1,133,-1294,0.0,-100.0,-27,-0.5043,
0,131,1902,0.0,0.0,-16,-0.6372,
0,132,1902,0.0,0.0,-16,-0.6372,
0,133,1902,0.0,0.0,-16,-0.6372,
0,134,1902,0.0,0.0,-16,-0.6372,
0,135,1902,0.0,0.0,-16,-0.6372,
0,131,1714,0.0,0.0,-5,-0.2537,
0,132,1722,0.0,0.0,-5,-0.2537,
0,133,1746,0.0,0.0,-5,-0.2537,
0,134,1770,0.0,0.0,-5,-0.2537,
0,135,1794,0.0,0.0,-5,-0.2537,
1,131,580,0.0,-52.0,-27,-0.5531,
1,132,512,0.0,-67.2,-27,-0.5531,
1,133,512,0.0,-67.2,-27,-0.5531,
1,134,432,0.0,-82.4,-27,-0.5617,
1,135,356,0.0,-97.6,-27,-0.5617,
1,131,-284,0.0,0.0,-40,-0.9186,
1,132,-288,0.0,0.0,-40,-0.9186,
1,133,-293,0.0,0.0,-40,-0.9223,
1,134,-393,0.0,0.0,-42,-0.9331,
1,135,-427,0.0,0.0,-43,-0.9496,
1,131,380,0.0,-92.0,-22,-0.4316,
1,132,395,0.0,-92.0,-23,-0.483,
1,133,409,0.0,-92.0,-26,-0.5327,
1,134,417,0.0,-92.0,-30,-0.579,
1,135,-1117,0.0,-100.0,-34,-0.6131,
1,131,137,0.0,-36.8,-12,-0.2235,
1,132,161,0.0,-36.8,-15,-0.2325,
1,133,161,0.0,-36.8,-15,-0.2805,
1,134,185,0.0,-36.8,-14,-0.3205,
1,135,209,0.0,-36.8,-14,-0.3685,
1,131,684,0.0,0.0,-11,-0.3385,
1,132,648,0.0,0.0,-11,-0.3385,
1,133,700,0.0,-6.4,-11,-0.3385,
1,134,640,0.0,-21.6,-11,-0.3385,
1,135,680,0.0,-36.8,-11,-0.3385,
1,131,453,0.0,-52.0,-10,-0.2341,
1,132,375,0.0,-67.2,-11,-0.2316,
1,133,299,0.0,-82.4,-12,-0.241,
1,134,221,0.0,-97.6,-13,-0.2516,
1,135,221,0.0,-97.6,-13,-0.2516,
0,131,1543,0.0,0.0,1,-0.5571,
0,132,1543,0.0,0.0,1,-0.5571,
0,133,1413,0.0,0.0,-5,-0.5795,
0,134,1413,0.0,0.0,-5,-0.5795,
0,135,1413,0.0,0.0,-5,-0.5795,
1,131,402,0.0,-20.8,-17,-0.3936,
1,132,333,0.0,-36.0,-17,-0.3936,
1,133,257,0.0,-51.2,-17,-0.3936,
1,134,181,0.0,-66.4,-17,-0.3936,
1,135,121,0.0,-81.6,-17,-0.3936,
1,131,243,0.0,-67.2,-22,-0.5798,
1,132,183,0.0,-82.4,-22,-0.5798,
1,133,123,0.0,-97.6,-22,-0.5798,
1,134,-1373,0.0,-100.0,-22,-0.5798,
1,131,899,0.0,0.0,-16,-0.3327,
1,132,823,0.0,0.0,-16,-0.3327,
1,133,755,0.0,-6.4,-16,-0.3327,
1,134,690,0.0,-21.6,-16,-0.3327,
1,135,625,0.0,-36.8,-16,-0.3327,
1,131,592,31.4,-66.4,-2,-0.2054,
1,132,550,33.8,-81.6,-2,-0.2054,
1,133,495,37.6,-81.6,-2,-0.2054,
1,134,481,41.4,-96.8,-2,-0.2049,
1,135,-980,45.2,-100.0,-2,-0.2049,
1,131,-30,0.0,-67.2,-14,-0.469,
1,132,-82,0.0,-82.4,-14,-0.469,
1,133,-134,0.0,-97.6,-14,-0.469,
1,134,-1514,0.0,-100.0,-14,-0.469,
1,131,515,0.0,-6.4,-7,-0.5171,
1,132,455,0.0,-21.6,-7,-0.5171,
1,133,395,0.0,-36.8,-7,-0.5171,
1,134,423,0.0,-52.0,-7,-0.5171,
1,135,347,0.0,-67.2,-7,-0.5171,
1,131,371,0.0,-6.4,-6,-0.4294,
1,132,318,0.0,-21.6,-8,-0.4363,
1,133,255,0.0,-36.8,-10,-0.4444,
1,134,200,0.0,-52.0,-11,-0.4543,
1,135,147,0.0,-67.2,-11,-0.4561,
0,131,1513,0.0,0.0,-8,-0.4146,
0,132,1397,0.0,0.0,-8,-0.4146,
0,133,1397,0.0,0.0,-8,-0.4146,
0,134,1396,0.0,0.0,-14,-0.4445,
0,135,1389,0.0,0.0,-16,-0.4721,
1,131,598,0.0,0.0,-28,-0.728,
1,132,519,0.0,0.0,-29,-0.7343,
1,133,443,0.0,0.0,-29,-0.7343,
1,134,367,0.0,-5.6,-29,-0.7343,
1,135,307,0.0,-20.8,-29,-0.7343,
1,131,474,0.0,-31.2,-14,-0.2148,
1,132,428,0.0,-46.4,-15,-0.2213,
1,133,472,0.0,-61.6,-15,-0.2213,
1,134,412,0.0,-76.8,-15,-0.2213,
1,135,352,0.0,-92.0,-15,-0.2213,
0,131,2207,0.0,0.0,2,-0.7198,
0,132,2191,0.0,0.0,2,-0.7198,
0,133,2127,0.0,0.0,2,-0.7198,
0,134,2127,0.0,0.0,2,-0.7198,
0,135,2125,0.0,0.0,-5,-0.7668,
1,131,319,0.0,-41.6,-33,-0.7251,
1,132,243,0.0,-56.8,-33,-0.7251,
1,133,167,0.0,-72.0,-33,-0.7365,
1,134,91,0.0,-87.2,-33,-0.7365,
1,135,-1473,0.0,-100.0,-33,-0.7365,
0,131,1400,0.0,0.0,-5,-0.2911,
0,132,1400,0.0,0.0,-5,-0.2911,
0,133,1400,0.0,0.0,-5,-0.2911,
0,134,1516,0.0,0.0,-5,-0.3219,
0,135,1532,0.0,0.0,-5,-0.3219,
1,131,160,0.0,-77.6,-20,-0.531,
1,132,94,0.0,-92.4,-20,-0.531,
1,133,-1436,0.0,-100.0,-20,-0.531,
1,131,-73,0.0,-82.4,-16,-0.427,
1,132,-49,0.0,-82.4,-16,-0.4352,
1,133,-40,0.0,-82.4,-18,-0.4785,
1,134,-108,0.0,-97.6,-17,-0.5202,
1,135,-1618,0.0,-100.0,-17,-0.5277,
1,131,449,0.0,-56.8,-28,-0.6811,
1,132,371,0.0,-72.0,-28,-0.6833,
1,133,295,0.0,-87.2,-28,-0.6833,
1,134,-1269,0.0,-100.0,-28,-0.6833,
0,131,502,0.0,0.0,-24,-0.3922,
0,132,492,0.0,0.0,-24,-0.3922,
0,133,492,0.0,0.0,-24,-0.3922,
0,134,482,0.0,0.0,-23,-0.3902,
0,135,448,0.0,0.0,-23,-0.3902,
0,131,1199,0.0,0.0,-27,-0.8932,
0,132,1199,0.0,0.0,-27,-0.8932,
0,133,1199,0.0,0.0,-27,-0.8932,
0,134,1199,0.0,0.0,-27,-0.8932,
0,135,1199,0.0,0.0,-27,-0.8932,
1,131,234,0.0,0.0,-25,-0.4111,
1,132,168,0.0,0.0,-25,-0.4111,
1,133,102,0.0,0.0,-25,-0.4111,
1,134,36,0.0,0.0,-25,-0.4111,
1,135,-38,0.0,-3.6,-25,-0.4111,
1,131,470,0.0,-6.4,-19,-0.6006,
1,132,422,0.0,-21.6,-19,-0.6006,
1,133,366,0.0,-36.8,-19,-0.6006,
1,134,310,0.0,-52.0,-19,-0.6006,
1,135,254,0.0,-67.2,-19,-0.6006,
1,131,790,4.2,-34.4,-11,-0.4684,
1,132,706,4.2,-52.8,-11,-0.4684,
1,133,614,4.2,-71.2,-11,-0.4684,
1,134,522,4.2,-89.6,-11,-0.4684,
1,135,-1030,4.2,-100.0,-11,-0.4684,
0,131,1151,0.0,0.0,-4,-0.5951,
0,132,1151,0.0,0.0,-4,-0.5951,
0,133,1151,0.0,0.0,-4,-0.5951,
0,134,1151,0.0,0.0,-4,-0.5951,
0,135,1151,0.0,0.0,-4,-0.5951,
0,131,1562,0.0,0.0,-7,-0.4647,
0,132,1546,0.0,0.0,-7,-0.4647,
0,133,1406,0.0,0.0,-7,-0.4647,
0,134,1406,0.0,0.0,-7,-0.4647,
0,135,1406,0.0,0.0,-7,-0.4647,
0,131,1397,0.0,0.0,-9,-0.5228,
0,132,1394,0.0,0.0,-13,-0.5788,
0,133,1390,0.0,0.0,-16,-0.6157,
0,134,1389,0.0,0.0,-16,-0.618,
0,135,1499,0.0,0.0,-16,-0.618,
0,131,1333,82.4,-36.0,-8,-0.1478,
0,132,1273,85.6,-51.2,-8,-0.1478,
0,133,1213,88.8,-66.4,-8,-0.1478,
0,134,1153,92.0,-81.6,-8,-0.1478,
0,135,1181,97.6,-81.6,-8,-0.1478,
1,131,-986,43.2,-100.0,-5,-0.234,
1,131,912,0.0,-81.6,6,-0.1904,
1,132,854,0.0,-96.8,8,-0.1844,
1,133,-655,0.0,-100.0,7,-0.1819,
1,131,342,0.0,-82.4,-1,-0.3932,
1,132,350,0.0,-82.4,-1,-0.4372,
1,133,356,0.0,-82.4,-3,-0.4665,
1,134,353,0.0,-82.4,-4,-0.491,
1,135,351,0.0,-82.4,-7,-0.5289,
0,131,1384,0.0,0.0,-19,-0.5285,
0,132,1384,0.0,0.0,-19,-0.5285,
0,133,1384,0.0,0.0,-19,-0.5285,
0,134,1900,0.0,0.0,-19,-0.5285,
0,135,1916,0.0,0.0,-19,-0.5285,
1,131,605,0.0,-52.0,-9,-0.2929,
1,132,537,0.0,-67.2,-9,-0.2929,
1,133,468,0.0,-82.4,-11,-0.3042,
1,134,399,0.0,-97.6,-12,-0.3123,
1,135,-1108,0.0,-100.0,-13,-0.3139,
1,131,406,0.0,-36.8,-21,-0.7801,
1,132,338,0.0,-52.0,-23,-0.7931,
1,133,270,0.0,-67.2,-23,-0.7931,
1,134,202,0.0,-82.4,-23,-0.7931,
1,135,134,0.0,-97.6,-23,-0.7931,
0,131,690,0.0,0.0,-25,-0.7794,
0,132,690,0.0,0.0,-25,-0.7794,
0,133,690,0.0,0.0,-25,-0.7794,
0,134,706,0.0,0.0,-25,-0.7794,
0,135,734,0.0,0.0,-25,-0.7794,
1,131,328,0.0,0.0,-14,-0.3937,
1,132,252,0.0,-5.6,-14,-0.3937,
1,133,176,0.0,-20.8,-14,-0.3937,
1,134,116,0.0,-36.0,-14,-0.3937,
1,135,64,0.0,-51.2,-14,-0.3937,
1,131,102,0.0,-52.0,-4,-0.3144,
1,132,62,0.0,-67.2,-4,-0.3217,
1,133,22,0.0,-82.4,-4,-0.3288,
1,134,78,0.0,-97.6,-4,-0.3361,
1,135,-1410,0.0,-100.0,-5,-0.3432,
0,131,1294,0.0,0.0,-30,-0.7075,
0,132,1278,0.0,0.0,-30,-0.7075,
0,133,1134,0.0,0.0,-30,-0.7075,
0,134,1134,0.0,0.0,-30,-0.7075,
0,135,1134,0.0,0.0,-30,-0.7075,
1,131,410,0.0,-82.4,1,-0.0861,
1,132,362,0.0,-97.6,1,-0.0861,
1,133,-1122,0.0,-100.0,1,-0.0861,
0,131,1252,0.0,0.0,-24,-0.7769,
0,132,1252,0.0,0.0,-24,-0.7769,
0,133,1252,0.0,0.0,-24,-0.7769,
0,134,1252,0.0,0.0,-24,-0.7769,
0,135,1252,0.0,0.0,-24,-0.7769,
1,131,214,0.0,-52.0,-15,-0.3493,
1,132,152,0.0,-67.2,-16,-0.3607,
1,133,82,0.0,-82.4,-16,-0.3719,
1,134,12,0.0,-97.6,-16,-0.3833,
1,135,-1480,0.0,-100.0,-16,-0.3833,
0,131,1510,0.0,0.0,-7,-0.6713,
0,132,1402,0.0,0.0,-7,-0.6713,
0,133,1402,0.0,0.0,-7,-0.6713,
0,134,1402,0.0,0.0,-7,-0.6713,
0,135,1398,0.0,0.0,-8,-0.6831,
1,131,496,0.0,-66.4,-2,-0.2099,
1,132,436,3.2,-81.6,-2,-0.2099,
1,133,376,6.4,-96.8,-2,-0.2099,
1,134,-1124,9.6,-100.0,-2,-0.2099,
0,131,1388,0.0,0.0,-14,-0.6582,
0,132,1388,0.0,0.0,-15,-0.7213,
0,133,1388,0.0,0.0,-15,-0.7213,
0,134,1388,0.0,0.0,-15,-0.7213,
0,135,1388,0.0,0.0,-15,-0.7213,
1,131,986,0.0,-36.8,11,0.1186,
1,132,915,0.0,-52.0,11,0.1186,
1,133,839,0.0,-67.2,11,0.1186,
1,134,763,0.0,-82.4,11,0.1186,
1,135,687,0.0,-97.6,11,0.1186,
0,131,2044,0.0,0.0,-20,-0.7243,
0,132,2028,0.0,0.0,-20,-0.7243,
0,133,1912,0.0,0.0,-20,-0.7243,
0,134,1912,0.0,0.0,-20,-0.7243,
0,135,1912,0.0,0.0,-20,-0.7243,
0,131,1386,0.0,0.0,-18,-0.6542,
0,132,1386,0.0,0.0,-18,-0.6542,
0,133,1386,0.0,0.0,-18,-0.6542,
0,134,1386,0.0,0.0,-18,-0.6542,
0,135,1386,0.0,0.0,-18,-0.6542,
1,131,-951,6.4,-100.0,-10,-0.437,
1,131,742,0.0,-36.0,-6,-0.4394,
1,132,779,0.0,-51.2,-9,-0.437,
1,133,711,0.0,-66.4,-10,-0.441,
1,134,534,0.0,-81.6,-10,-0.4423,
1,135,466,0.0,-96.8,-10,-0.4423,
0,131,1928,0.0,0.0,-14,-0.8852,
0,132,1940,0.0,0.0,-14,-0.8852,
0,133,1952,0.0,0.0,-14,-0.8852,
0,134,1964,0.0,0.0,-14,-0.8852,
0,135,1976,0.0,0.0,-14,-0.8852,
0,131,1384,0.0,0.0,-17,-0.6461,
0,132,1384,0.0,0.0,-17,-0.6461,
0,133,1384,0.0,0.0,-17,-0.6461,
0,134,1384,0.0,0.0,-17,-0.6461,
0,135,1384,0.0,0.0,-17,-0.6461,
1,131,179,0.0,-92.0,13,0.0052,
1,132,-1363,0.0,-100.0,13,0.0082,
1,131,560,0.0,-36.8,-9,-0.5552,
1,132,496,0.0,-52.0,-9,-0.5552,
1,133,432,0.0,-67.2,-9,-0.5552,
1,134,368,0.0,-82.4,-9,-0.5552,
1,135,300,0.0,-97.6,-9,-0.5552,
1,131,-109,0.0,-96.8,-2,-0.1694,
1,132,-113,0.0,-96.8,-6,-0.2122,
1,133,-1635,0.0,-100.0,-13,-0.2447,
1,131,-779,0.0,-100.0,-3,-0.2122,
1,131,577,0.0,-66.4,-5,-0.4326,
1,132,522,0.0,-81.6,-5,-0.4326,
1,133,466,0.0,-96.8,-7,-0.4435,
1,134,-1037,0.0,-100.0,-7,-0.4435,
1,131,324,0.0,-66.4,11,-0.0408,
1,132,248,0.0,-81.6,10,-0.05,
1,133,248,0.0,-81.6,8,-0.0591,
1,134,256,0.0,-81.6,6,-0.105,
1,135,188,0.0,-96.8,6,-0.149,
1,131,423,0.0,-36.8,-27,-0.7327,
1,132,359,0.0,-52.0,-27,-0.7327,
1,133,302,0.0,-67.2,-27,-0.7327,
1,134,245,0.0,-82.4,-27,-0.744,
1,135,181,0.0,-97.6,-27,-0.7553,
0,131,1384,0.0,0.0,-16,-0.6726,
0,132,1384,0.0,0.0,-16,-0.6726,
0,133,1384,0.0,0.0,-16,-0.6726,
0,134,1384,0.0,0.0,-16,-0.6726,
0,135,1384,0.0,0.0,-16,-0.6726,
0,131,1412,0.0,0.0,-34,-0.8811,
0,132,1364,0.0,0.0,-34,-0.8811,
0,133,1192,0.0,0.0,-34,-0.8811,
0,134,1192,0.0,0.0,-34,-0.8811,
0,135,1704,0.0,0.0,-34,-0.8811,
0,131,1303,0.0,0.0,-16,-0.5051,
0,132,1311,0.0,0.0,-16,-0.5051,
0,133,1319,0.0,0.0,-16,-0.5051,
0,134,1320,0.0,0.0,-16,-0.5177,
0,135,1328,0.0,0.0,-16,-0.5177,
1,131,-38,0.0,-6.4,-22,-0.4791,
1,132,14,0.0,-21.6,-22,-0.4791,
1,133,-62,0.0,-36.8,-22,-0.4791,
1,134,-138,0.0,-52.0,-22,-0.4791,
1,135,-214,0.0,-67.2,-22,-0.4791,
1,131,373,0.0,-36.0,-8,-0.4897,
1,132,307,0.0,-51.2,-8,-0.4897,
1,133,241,0.0,-66.4,-8,-0.4897,
1,134,175,0.0,-81.6,-8,-0.4897,
1,135,109,0.0,-96.8,-8,-0.4897,
1,131,-1537,0.0,-100.0,-6,-0.2571,
1,131,419,0.0,-21.6,-30,-0.7562,
1,132,343,0.0,-36.8,-30,-0.7562,
1,133,267,0.0,-52.0,-30,-0.7562,
1,134,191,0.0,-67.2,-30,-0.7562,
1,135,123,0.0,-82.4,-30,-0.7562,
1,131,939,0.0,-36.0,13,-0.1237,
1,132,868,0.0,-51.2,13,-0.1237,
1,133,797,0.0,-66.4,13,-0.1237,
1,134,726,0.0,-81.6,13,-0.1237,
1,135,655,0.0,-96.8,13,-0.1237,
0,131,1414,0.0,0.0,-22,-0.9428,
0,132,1366,0.0,0.0,-22,-0.9428,
0,133,1366,0.0,0.0,-22,-0.9428,
0,134,1871,0.0,0.0,-28,-0.9873,
0,135,1690,0.0,0.0,-28,-0.9948,
0,131,1653,0.0,0.0,3,-0.4513,
0,132,1653,0.0,0.0,3,-0.4513,
0,133,1653,0.0,0.0,3,-0.4433,
0,134,1653,0.0,0.0,-1,-0.4753,
0,135,1648,0.0,0.0,-5,-0.5116,
1,131,64,0.0,-96.8,-22,-0.5395,
1,132,-1336,0.0,-100.0,-25,-0.5506,
0,131,1554,0.0,0.0,-12,-0.5586,
0,132,1438,0.0,0.0,-12,-0.5586,
0,133,1374,0.0,0.0,-12,-0.5586,
0,134,1274,0.0,0.0,-12,-0.5586,
0,135,1154,0.0,0.0,-12,-0.5586,
0,131,1923,0.0,0.0,-8,-0.5697,
0,132,1939,0.0,0.0,-8,-0.5697,
0,133,1955,0.0,0.0,-8,-0.5697,
0,134,1971,0.0,0.0,-8,-0.5697,
0,135,1987,0.0,0.0,-8,-0.5697,
0,131,1662,0.0,0.0,-19,-0.5653,
0,132,1662,0.0,0.0,-19,-0.5653,
0,133,1662,0.0,0.0,-19,-0.5613,
0,134,1661,0.0,0.0,-21,-0.5893,
0,135,1658,0.0,0.0,-21,-0.6263,
1,131,-1364,0.0,-100.0,-19,-0.636,
1,131,387,0.0,-82.4,-9,-0.2667,
1,132,326,0.0,-97.6,-9,-0.275,
1,133,-1170,0.0,-100.0,-9,-0.275,
1,131,-1406,0.0,-100.0,-11,-0.4954,
1,131,-4,0.0,-36.8,-14,-0.5024,
1,132,-62,0.0,-52.0,-17,-0.5136,
1,133,-120,0.0,-67.2,-17,-0.5136,
1,134,-184,0.0,-82.4,-17,-0.5136,
1,135,-172,0.0,-82.4,-17,-0.5136,
1,131,-110,0.0,-23.2,-17,-0.3331,
1,132,-115,0.0,-23.2,-19,-0.3551,
1,133,-203,0.0,-40.8,-19,-0.3625,
1,134,-291,0.0,-58.4,-19,-0.3684,
1,135,-379,0.0,-76.0,-18,-0.3744,
0,131,863,0.0,0.0,-16,-0.7183,
0,132,863,0.0,0.0,-16,-0.7183,
0,133,863,0.0,0.0,-16,-0.7183,
0,134,863,0.0,0.0,-16,-0.7183,
0,135,863,0.0,0.0,-16,-0.7183,
0,131,2050,0.0,0.0,-2,-0.4621,
0,132,2042,0.0,0.0,-2,-0.4621,
0,133,1924,0.0,0.0,-2,-0.4621,
0,134,1924,0.0,0.0,-2,-0.4621,
0,135,1924,0.0,0.0,-4,-0.5225,
1,131,-1305,0.0,-100.0,-35,-0.7485,
1,131,450,0.0,-40.8,-37,-0.6839,
1,132,367,0.0,-58.4,-37,-0.6839,
1,133,279,0.0,-76.0,-37,-0.6839,
1,134,191,0.0,-93.6,-37,-0.6839,
1,135,-1341,0.0,-100.0,-37,-0.6839,
1,131,1203,94.4,-81.6,6,-0.3505,
1,132,1125,94.4,-96.8,5,-0.3595,
1,133,-394,94.4,-100.0,4,-0.3681,
1,131,802,0.0,0.0,-12,-0.517,
1,132,802,0.0,0.0,-12,-0.517,
1,133,802,0.0,0.0,-17,-0.5437,
1,134,797,0.0,0.0,-19,-0.5577,
1,135,726,0.0,0.0,-19,-0.5714,
1,131,625,0.0,0.0,-22,-0.5594,
1,132,569,0.0,-5.6,-21,-0.5637,
1,133,519,0.0,-20.8,-21,-0.5628,
1,134,569,0.0,-36.0,-21,-0.5635,
1,135,509,0.0,-51.2,-21,-0.5635,
1,131,-1676,0.0,-100.0,-51,-0.9758,
0,131,1171,0.0,0.0,-6,-0.3878,
0,132,1171,0.0,0.0,-6,-0.3878,
0,133,1171,0.0,0.0,-6,-0.3878,
0,134,1183,0.0,0.0,-6,-0.3878,
0,135,1203,0.0,0.0,-6,-0.3878,
1,131,904,0.8,-21.6,-6,-0.2831,
1,132,836,2.4,-36.8,-6,-0.2831,
1,133,768,4.0,-52.0,-6,-0.2831,
1,134,708,7.2,-67.2,-6,-0.2831,
1,135,648,10.4,-82.4,-6,-0.2831,
0,131,1508,0.0,0.0,0,-0.5828,
0,132,1508,0.0,0.0,0,-0.5828,
0,133,1400,0.0,0.0,0,-0.5828,
0,134,1400,0.0,0.0,0,-0.5828,
0,135,1400,0.0,0.0,0,-0.5828,
1,131,-1748,0.0,-100.0,-10,-0.542,
0,131,1410,0.0,0.0,-3,-0.4462,
0,132,1410,0.0,0.0,-3,-0.4462,
0,133,1410,0.0,0.0,-3,-0.4462,
0,134,1410,0.0,0.0,-3,-0.4462,
0,135,1410,0.0,0.0,-3,-0.4462,
1,131,1133,36.8,0.0,-6,-0.3404,
1,132,1096,42.8,-6.4,-6,-0.3404,
1,133,1058,48.8,-21.6,-6,-0.3404,
1,134,1020,54.8,-36.8,-6,-0.3404,
1,135,966,57.6,-52.0,-6,-0.3404,
1,131,-21,0.0,-82.4,-6,-0.0603,
1,132,-85,0.0,-97.6,-6,-0.0603,
1,133,-1593,0.0,-100.0,-6,-0.0603,
1,131,-26,0.0,-66.4,-24,-0.5782,
1,132,-82,0.0,-81.6,-24,-0.5782,
1,133,-146,0.0,-96.8,-24,-0.5782,
1,134,-1650,0.0,-100.0,-24,-0.5782,
0,131,1441,0.0,0.0,-28,-0.785,
0,132,1425,0.0,0.0,-28,-0.785,
0,133,1361,0.0,0.0,-28,-0.785,
0,134,1181,0.0,0.0,-28,-0.785,
0,135,1181,0.0,0.0,-28,-0.785,
0,131,1161,0.0,0.0,-20,-1.014,
0,132,1161,0.0,0.0,-21,-1.077,
0,133,1161,0.0,0.0,-21,-1.077,
0,134,1161,0.0,0.0,-21,-1.077,
0,135,1161,0.0,0.0,-21,-1.077,
0,131,1636,0.0,0.0,9,-0.2639,
0,132,1636,0.0,0.0,9,-0.2639,
0,133,1575,0.0,0.0,9,-0.2609,
0,134,1414,0.0,0.0,9,-0.2609,
0,135,1414,0.0,0.0,9,-0.2609,
0,131,2356,0.0,0.0,0,-0.6582,
0,132,2256,0.0,0.0,0,-0.6582,
0,133,2208,0.0,0.0,0,-0.6582,
0,134,2124,0.0,0.0,0,-0.6582,
0,135,2020,0.0,0.0,0,-0.6582,
0,131,1373,0.0,0.0,-34,-0.8585,
0,132,1373,0.0,0.0,-34,-0.8585,
0,133,1373,0.0,0.0,-34,-0.8585,
0,134,1373,0.0,0.0,-34,-0.8585,
0,135,1373,0.0,0.0,-34,-0.8585,
0,131,1409,0.0,0.0,0,-0.3627,
0,132,1409,0.0,0.0,0,-0.3627,
0,133,1409,0.0,0.0,0,-0.3627,
0,134,1409,0.0,0.0,0,-0.3627,
0,135,1409,0.0,0.0,0,-0.3627,
1,131,-510,75.2,-100.0,-6,-0.2905,
1,131,302,0.0,-21.6,1,-0.0172,
1,132,227,0.0,-36.8,1,-0.0172,
1,133,152,0.0,-52.0,1,-0.0172,
1,134,77,0.0,-67.2,1,-0.0172,
1,135,10,0.0,-82.4,1,-0.0172,
1,131,494,0.0,-82.4,8,-0.247,
1,132,450,0.0,-97.6,8,-0.247,
1,133,-932,0.0,-100.0,8,-0.247,
1,131,597,50.0,-97.6,-6,-0.3598,
1,132,-909,50.0,-100.0,-6,-0.3598,
1,131,91,0.0,-72.0,-8,-0.4649,
1,132,36,0.0,-87.2,-8,-0.4649,
1,133,-1412,0.0,-100.0,-8,-0.4649,
0,131,1996,0.0,0.0,-12,-0.7008,
0,132,1996,0.0,0.0,-12,-0.7008,
0,133,1996,0.0,0.0,-12,-0.7008,
0,134,1996,0.0,0.0,-12,-0.7008,
0,135,1996,0.0,0.0,-12,-0.7008,
1,131,-1288,0.0,-100.0,-1,-0.2954,
1,131,968,8.0,-96.8,5,-0.0405,
1,132,-519,12.8,-100.0,5,-0.0405,
1,131,-58,0.0,0.0,-7,-0.2929,
1,132,-122,0.0,0.0,-7,-0.2929,
1,133,-186,0.0,-6.4,-7,-0.2929,
1,134,266,0.0,-21.6,-7,-0.2929,
1,135,218,0.0,-36.8,-7,-0.2929,
1,131,-106,0.0,-66.4,-33,-0.8186,
1,132,-168,0.0,-81.6,-33,-0.8186,
1,133,-230,0.0,-96.8,-33,-0.8186,
1,134,-1732,0.0,-100.0,-33,-0.8186,
1,131,414,0.0,-96.8,-3,-0.4208,
1,132,-1106,0.0,-100.0,-4,-0.4239,
1,131,1096,0.0,-36.8,18,-0.1127,
1,132,1036,0.0,-52.0,18,-0.1127,
1,133,976,0.0,-67.2,18,-0.1127,
1,134,916,0.0,-82.4,18,-0.1127,
1,135,856,0.0,-97.6,18,-0.1127,
1,131,778,0.0,0.0,2,0.0991,
1,132,734,0.0,0.0,2,0.0991,
1,133,850,0.0,0.0,2,0.0991,
1,134,862,0.0,0.0,1,0.0804,
1,135,794,0.0,0.0,1,0.0687,
0,131,1603,0.0,0.0,-9,-0.532,
0,132,1603,0.0,0.0,-9,-0.532,
0,133,1555,0.0,0.0,-9,-0.532,
0,134,1391,0.0,0.0,-9,-0.532,
0,135,1391,0.0,0.0,-9,-0.532,
1,131,491,0.0,-67.2,-10,-0.1979,
1,132,417,0.0,-82.4,-10,-0.1979,
1,133,343,0.0,-97.6,-10,-0.1979,
1,134,-1168,0.0,-100.0,-11,-0.208,
1,131,188,0.0,0.0,-19,-0.3754,
1,132,186,0.0,0.0,-24,-0.3993,
1,133,183,0.0,0.0,-26,-0.422,
1,134,104,0.0,0.0,-26,-0.4333,
1,135,28,0.0,0.0,-26,-0.4333,
1,131,296,0.0,-21.6,-22,-0.5745,
1,132,235,0.0,-36.8,-22,-0.5737,
1,133,175,0.0,-52.0,-22,-0.5737,
1,134,115,0.0,-67.2,-22,-0.5737,
1,135,55,0.0,-82.4,-22,-0.5737,
1,131,762,0.0,-21.6,-12,-0.5521,
1,132,710,0.0,-36.8,-12,-0.5521,
1,133,658,0.0,-52.0,-12,-0.5521,
1,134,622,0.0,-67.2,-12,-0.5521,
1,135,682,0.0,-82.4,-12,-0.5521,
1,131,916,0.0,-6.4,-5,-0.1659,
1,132,845,0.0,-21.6,-6,-0.1739,
1,133,777,0.0,-36.8,-6,-0.1739,
1,134,717,0.0,-52.0,-6,-0.1739,
1,135,657,0.0,-67.2,-6,-0.1739,
0,131,1529,0.0,0.0,-4,-0.3639,
0,132,1413,0.0,0.0,-4,-0.3639,
0,133,1413,0.0,0.0,-4,-0.3639,
0,134,1413,0.0,0.0,-4,-0.3639,
0,135,1413,0.0,0.0,-4,-0.3639,
1,131,929,75.2,-36.8,-1,-0.2478,
1,132,853,75.2,-52.0,-1,-0.2582,
1,133,777,75.2,-67.2,-1,-0.2582,
1,134,701,75.2,-82.4,-1,-0.2582,
1,135,625,75.2,-97.6,-1,-0.2582,
0,131,1388,0.0,0.0,-14,-0.3955,
0,132,1388,0.0,0.0,-14,-0.3955,
0,133,1388,0.0,0.0,-14,-0.3955,
0,134,1388,0.0,0.0,-14,-0.3955,
0,135,1388,0.0,0.0,-14,-0.3955,
0,131,1964,0.0,0.0,-31,-0.8711,
0,132,1966,0.0,0.0,-31,-0.8798,
0,133,1973,0.0,0.0,-31,-0.8798,
0,134,1980,0.0,0.0,-31,-0.8798,
0,135,1987,0.0,0.0,-31,-0.8798,
1,131,-1441,0.0,0.0,12,0.5854,
1,132,-1425,0.0,0.0,12,0.5854,
1,133,-1261,0.0,0.0,12,0.5854,
1,134,-1261,0.0,0.0,12,0.5854,
1,135,-1261,0.0,0.0,12,0.5854,
0,131,-722,96.8,-5.6,-8,0.15,
0,132,-736,96.8,-5.6,-1,0.192,
0,133,770,100.0,-5.6,0,0.206,
1,131,-1801,0.0,0.0,-10,0.4459,
1,132,-1809,0.0,0.0,-10,0.4459,
1,133,-1817,0.0,0.0,-10,0.4459,
1,134,-1825,0.0,0.0,-10,0.4459,
1,135,-1833,0.0,0.0,-10,0.4459,
1,131,-2094,0.0,0.0,24,0.6511,
1,132,-2082,0.0,0.0,24,0.6511,
1,133,-2022,0.0,0.0,24,0.6511,
1,134,-1906,0.0,0.0,24,0.6511,
1,135,-1910,0.0,0.0,24,0.6511,
0,131,-383,20.8,0.0,17,0.4641,
0,132,-394,20.8,0.0,24,0.4922,
0,133,-331,36.0,0.0,24,0.4913,
0,134,-271,51.2,0.0,24,0.4913,
0,135,-211,66.4,0.0,24,0.4913,
0,131,-56,96.8,0.0,-10,0.2961,
0,132,1452,100.0,0.0,-10,0.2999,
0,131,-410,67.2,0.0,6,0.197,
0,132,-350,82.4,0.0,6,0.197,
0,133,-306,97.6,0.0,6,0.197,
0,134,1166,100.0,0.0,6,0.2061,
0,131,53,0.0,0.0,18,0.5204,
0,132,56,0.0,0.0,18,0.5204,
0,133,68,0.0,0.0,22,0.5433,
0,134,78,0.0,0.0,24,0.5625,
0,135,75,0.0,0.0,24,0.5623,
0,131,-836,8.0,-37.0,27,0.7088,
0,132,-842,8.0,-38.6,28,0.7293,
0,133,-847,8.0,-40.2,28,0.7545,
0,134,-846,8.0,0.0,27,0.7884,
0,135,-846,8.0,0.0,27,0.8284,
0,131,-694,82.4,0.0,-19,0.2153,
0,132,-618,97.6,0.0,-19,0.2153,
0,133,894,100.0,0.0,-19,0.2153,
0,131,-64,41.6,0.0,-8,-0.0792,
0,132,-59,41.6,0.0,-8,-0.0792,
0,133,-54,41.6,0.0,-6,-0.0352,
0,134,-47,41.6,0.0,-4,-0.0009,
0,135,-43,41.6,0.0,-1,0.0235,
0,131,-536,69.2,0.0,14,0.6531,
0,132,-458,84.4,0.0,14,0.6586,
0,133,-382,99.6,0.0,12,0.6565,
0,134,1120,100.0,0.0,14,0.66,
0,131,225,0.0,0.0,26,0.7066,
0,132,227,0.0,0.0,27,0.7291,
0,133,227,0.0,0.0,30,0.7527,
0,134,243,0.0,0.0,31,0.7766,
0,135,76,0.0,0.0,31,0.7806,
0,131,61,81.6,0.0,22,0.5167,
0,132,131,96.8,0.0,22,0.5167,
0,133,1647,100.0,0.0,22,0.5167,
0,131,-514,66.4,-16.2,-2,0.2182,
0,132,-461,81.6,-19.4,-2,0.2182,
0,133,-408,96.8,-22.6,-2,0.2182,
0,134,1092,100.0,-25.8,-2,0.2182,
0,131,-934,36.8,0.0,-6,0.1492,
0,132,-858,52.0,0.0,-5,0.1514,
0,133,-782,67.2,0.0,-2,0.1534,
0,134,-706,82.4,0.0,-2,0.1534,
0,135,-706,82.4,0.0,-2,0.1534,
1,131,-1970,0.0,0.0,4,0.5297,
1,132,-1954,0.0,0.0,4,0.5297,
1,133,-1812,0.0,0.0,4,0.5297,
1,134,-1818,0.0,0.0,4,0.5297,
1,135,-1824,0.0,0.0,4,0.5297,
0,131,-678,51.2,0.0,-10,-0.0781,
0,132,-618,66.4,0.0,-10,-0.0781,
0,133,-559,81.6,0.0,-11,-0.0765,
0,134,-469,96.8,0.0,-12,-0.0775,
0,135,1059,100.0,0.0,-12,-0.0775,
0,131,-364,0.0,0.0,5,0.3445,
0,132,-285,11.2,0.0,5,0.3477,
0,133,-210,26.4,0.0,7,0.3511,
0,134,-146,41.6,0.0,10,0.3533,
0,135,-82,56.8,0.0,11,0.3581,
1,131,-1410,0.0,0.0,-1,0.4415,
1,132,-1410,0.0,0.0,-1,0.4415,
1,133,-1410,0.0,0.0,-1,0.4415,
1,134,-1410,0.0,0.0,-1,0.4415,
1,135,-1410,0.0,0.0,-1,0.4415,
0,131,1349,100.0,0.0,11,0.5128,
1,131,-1372,0.0,0.0,11,0.4756,
1,132,-1380,0.0,0.0,11,0.4756,
1,133,-1388,0.0,0.0,11,0.4756,
1,134,-1396,0.0,0.0,11,0.4756,
1,135,-1404,0.0,0.0,11,0.4756,
1,131,-430,0.0,0.0,34,0.7937,
1,132,-430,0.0,0.0,35,0.818,
1,133,-429,0.0,0.0,36,0.8413,
1,134,-289,0.0,0.0,37,0.8665,
1,135,-288,0.0,0.0,38,0.8716,
1,131,-1372,0.0,0.0,30,0.9299,
1,132,-1372,0.0,0.0,30,0.9299,
1,133,-1372,0.0,0.0,30,0.9299,
1,134,-1372,0.0,0.0,30,0.9299,
1,135,-1372,0.0,0.0,30,0.9299,
1,131,-1415,0.0,0.0,-12,0.1957,
1,132,-1415,0.0,0.0,-12,0.1957,
1,133,-1415,0.0,0.0,-12,0.1957,
1,134,-1414,0.0,0.0,-6,0.2242,
1,135,-1408,0.0,0.0,-4,0.2487,
0,131,-523,21.6,0.0,-9,0.0542,
0,132,-464,36.8,0.0,-9,0.0476,
0,133,-482,36.8,0.0,-8,0.039,
0,134,-496,36.8,0.0,-4,0.068,
0,135,-431,52.0,0.0,-9,0.0583,
0,131,-15,21.6,0.0,17,0.2567,
0,132,-49,36.8,0.0,17,0.2567,
0,133,21,52.0,0.0,17,0.2567,
0,134,91,67.2,0.0,17,0.2567,
0,135,161,82.4,0.0,17,0.2567,
0,131,-468,67.2,0.0,12,0.2936,
0,132,-407,82.4,0.0,12,0.2966,
0,133,-347,97.6,0.0,12,0.2966,
0,134,1149,100.0,0.0,12,0.2966,
0,131,-916,66.4,0.0,-5,0.2295,
0,132,-855,81.6,0.0,-5,0.2407,
0,133,-791,96.8,0.0,-5,0.2407,
0,134,713,100.0,0.0,-5,0.2407,
1,131,-712,0.0,0.0,34,0.8764,
1,132,-712,0.0,0.0,34,0.8764,
1,133,-712,0.0,0.0,34,0.8764,
1,134,-712,0.0,0.0,34,0.8764,
1,135,-712,0.0,0.0,34,0.8764,
1,131,-1525,0.0,0.0,41,0.9682,
1,132,-1525,0.0,0.0,41,0.9682,
1,133,-1477,0.0,0.0,41,0.9682,
1,134,-1370,0.0,0.0,41,0.9682,
1,135,-1370,0.0,0.0,41,0.9682,
0,131,843,97.6,0.0,30,0.6983,
0,132,2347,100.0,0.0,30,0.6983,
1,131,-1952,0.0,0.0,4,0.3935,
1,132,-1952,0.0,0.0,4,0.4538,
1,133,-1952,0.0,0.0,5,0.5145,
1,134,-2050,0.0,0.0,8,0.5403,
1,135,-2059,0.0,0.0,8,0.5403,
0,131,1096,100.0,0.0,6,0.5701,
0,131,-1224,82.4,0.0,-37,-0.2144,
0,132,-1332,82.4,-31.2,-37,-0.2144,
0,133,-1327,82.4,-31.2,-32,-0.1982,
0,134,-1248,97.6,-31.2,-32,-0.197,
0,135,264,100.0,-31.2,-32,-0.197,
1,131,-1209,0.0,0.0,15,0.5664,
1,132,-1223,0.0,0.0,15,0.6296,
1,133,-1735,0.0,0.0,15,0.6924,
1,134,-1746,0.0,0.0,20,0.7422,
1,135,-1755,0.0,0.0,22,0.7529,
0,131,-714,51.2,-28.0,39,0.8222,
0,132,-651,66.4,-31.2,40,0.8312,
0,133,-591,81.6,-34.4,40,0.8312,
0,134,-531,96.8,-37.6,40,0.8312,
0,135,969,100.0,-40.8,40,0.8312,
0,131,-1047,66.4,-51.0,28,0.5487,
0,132,-991,81.6,-55.0,28,0.5487,
0,133,-935,96.8,-59.0,28,0.5487,
0,134,561,100.0,-63.0,28,0.5487,
0,131,-511,67.2,0.0,-1,0.1012,
0,132,-443,82.4,0.0,-1,0.1012,
0,133,-367,97.6,0.0,-2,0.1124,
0,134,1145,100.0,0.0,-2,0.1124,
1,131,-1978,0.0,0.0,21,0.7957,
1,132,-1974,0.0,0.0,26,0.844,
1,133,-1974,0.0,0.0,26,0.844,
1,134,-1974,0.0,0.0,26,0.844,
1,135,-1974,0.0,0.0,26,0.844,
0,131,-860,0.0,0.0,25,0.4053,
0,132,-784,0.0,0.0,26,0.4108,
0,133,-707,14.8,0.0,26,0.4165,
0,134,-632,31.2,0.0,27,0.4214,
0,135,-558,47.6,0.0,27,0.4214,
0,131,-482,0.0,0.0,12,0.4498,
0,132,-485,0.0,0.0,13,0.4625,
0,133,-408,0.0,0.0,13,0.4623,
0,134,-332,5.6,0.0,13,0.4623,
0,135,-256,20.8,0.0,13,0.4623,
0,131,-712,6.4,0.0,13,0.6037,
0,132,-668,21.6,0.0,13,0.6037,
0,133,-624,36.8,0.0,13,0.6037,
0,134,-564,52.0,0.0,13,0.6037,
0,135,-504,67.2,0.0,13,0.6037,
0,131,-655,96.8,0.0,-10,-0.0437,
0,132,862,100.0,0.0,-10,-0.0437,
0,131,-463,96.8,0.0,-1,0.0611,
0,132,1051,100.0,0.0,1,0.0721,
1,131,-1281,0.0,0.0,12,0.3417,
1,132,-1281,0.0,0.0,12,0.3417,
1,133,-1281,0.0,0.0,12,0.3417,
1,134,-1281,0.0,0.0,12,0.3417,
1,135,-1281,0.0,0.0,12,0.3417,
0,131,-493,66.4,0.0,2,0.1949,
0,132,-429,81.6,0.0,2,0.1949,
0,133,-365,96.8,0.0,2,0.1949,
0,134,1139,100.0,0.0,2,0.1949,
1,131,-1905,0.0,0.0,39,1.058,
1,132,-1921,0.0,0.0,39,1.058,
1,133,-1937,0.0,0.0,39,1.058,
1,134,-1953,0.0,0.0,39,1.058,
1,135,-1953,0.0,0.0,39,1.058,
0,131,69,96.8,0.0,12,0.4551,
0,132,1541,100.0,0.0,12,0.4551,
1,131,-1958,0.0,0.0,8,0.5747,
1,132,-1958,0.0,0.0,8,0.5747,
1,133,-1958,0.0,0.0,8,0.5747,
1,134,-1958,0.0,0.0,8,0.5747,
1,135,-1958,0.0,0.0,8,0.5747,
1,131,-1406,0.0,0.0,3,0.5122,
1,132,-1406,0.0,0.0,3,0.5122,
1,133,-1406,0.0,0.0,3,0.5122,
1,134,-1406,0.0,0.0,3,0.5671,
1,135,-1522,0.0,0.0,3,0.5822,
0,131,-192,58.4,0.0,42,0.7411,
0,132,-122,76.0,0.0,42,0.7411,
0,133,-52,93.6,0.0,42,0.7411,
0,134,1462,100.0,0.0,42,0.7411,
0,131,-754,0.0,0.0,24,0.5635,
0,132,-756,0.0,0.0,27,0.5954,
0,133,-760,0.0,0.0,31,0.6328,
0,134,-687,5.6,0.0,32,0.6425,
0,135,-619,20.8,0.0,32,0.6425,
1,131,-1980,0.0,0.0,13,0.6554,
1,132,-2000,0.0,0.0,13,0.6554,
1,133,-2026,0.0,0.0,13,0.6554,
1,134,-2148,0.0,0.0,13,0.6554,
1,135,-2168,0.0,0.0,13,0.6554,
1,131,-1188,0.0,0.0,12,0.4599,
1,132,-1188,0.0,0.0,12,0.4599,
1,133,-1188,0.0,0.0,12,0.4599,
1,134,-1188,0.0,0.0,12,0.4599,
1,135,-1188,0.0,0.0,12,0.4599,
0,131,939,100.0,0.0,-5,-0.084,
0,131,-41,0.0,0.0,12,0.259,
0,132,27,6.4,0.0,12,0.259,
0,133,95,21.6,0.0,12,0.259,
0,134,163,36.8,0.0,12,0.259,
0,135,231,52.0,0.0,12,0.259,
0,131,940,72.0,0.0,18,0.3602,
0,132,1107,87.2,0.0,16,0.3652,
0,133,2657,100.0,0.0,16,0.3652,
1,131,-2047,0.0,0.0,38,1.0322,
1,132,-2048,0.0,0.0,38,1.0322,
1,133,-2052,0.0,0.0,38,1.0322,
1,134,-2165,0.0,0.0,41,1.0609,
1,135,-2178,0.0,0.0,41,1.0609,
1,131,-1538,0.0,0.0,20,0.5125,
1,132,-1522,0.0,0.0,20,0.5125,
1,133,-1522,0.0,0.0,20,0.5125,
1,134,-1380,0.0,0.0,20,0.5122,
1,135,-1380,0.0,0.0,20,0.5122,
0,131,1145,100.0,0.0,19,0.4507,
1,131,-1989,0.0,0.0,14,0.7792,
1,132,-1989,0.0,0.0,14,0.7792,
1,133,-1989,0.0,0.0,14,0.7792,
1,134,-1989,0.0,0.0,14,0.7792,
1,135,-1989,0.0,0.0,14,0.7792,
0,131,-720,21.6,0.0,16,0.3611,
0,132,-678,36.8,0.0,16,0.3611,
0,133,-636,52.0,0.0,16,0.3611,
0,134,-594,67.2,0.0,16,0.3611,
0,135,-560,82.4,0.0,16,0.3611,
0,131,371,67.2,0.0,11,0.4495,
0,132,444,82.4,0.0,11,0.4495,
0,133,517,97.6,0.0,11,0.4609,
0,134,2026,100.0,0.0,11,0.4724,
0,131,-864,36.8,-12.8,6,0.2506,
0,132,-800,52.0,-15.2,6,0.2506,
0,133,-724,67.2,0.0,6,0.2506,
0,134,-648,82.4,0.0,6,0.2506,
0,135,-572,97.6,0.0,6,0.2506,
1,131,-1402,0.0,0.0,4,0.558,
1,132,-1402,0.0,0.0,4,0.558,
1,133,-1402,0.0,0.0,4,0.558,
1,134,-1910,0.0,0.0,4,0.558,
1,135,-1918,0.0,0.0,4,0.558,
1,131,-1619,0.0,0.0,3,0.5056,
1,132,-1603,0.0,0.0,3,0.5056,
1,133,-1539,0.0,0.0,3,0.5056,
1,134,-1411,0.0,0.0,3,0.5056,
1,135,-1411,0.0,0.0,3,0.5056,
0,131,-696,36.8,0.0,9,0.2591,
0,132,-804,36.8,0.0,13,0.2982,
0,133,-736,52.0,0.0,14,0.3131,
0,134,-666,67.2,0.0,14,0.3169,
0,135,-609,82.4,0.0,14,0.321,
0,131,-711,0.0,0.0,29,0.6507,
0,132,-643,0.0,0.0,29,0.6507,
0,133,-575,0.0,0.0,29,0.6507,
0,134,-507,6.4,0.0,29,0.6507,
0,135,-439,21.6,0.0,29,0.6507,
0,131,1127,100.0,0.0,14,0.5706,
0,131,-717,21.6,0.0,14,0.4886,
0,132,-641,36.8,0.0,16,0.4928,
0,133,-565,52.0,0.0,16,0.4974,
0,134,-487,67.2,0.0,16,0.5003,
0,135,-411,82.4,0.0,16,0.5115,
0,131,-675,82.4,-76.0,29,0.7635,
0,132,-601,97.6,-76.0,29,0.7635,
0,133,-603,97.6,-76.0,29,0.7635,
0,134,907,100.0,-76.0,29,0.8075,
1,131,-852,0.0,0.0,8,0.1572,
1,132,-852,0.0,0.0,7,0.1612,
1,133,-852,0.0,0.0,6,0.1652,
1,134,-852,0.0,0.0,6,0.1692,
1,135,-828,0.0,0.0,6,0.1732,
0,131,-1015,66.4,0.0,7,0.4917,
0,132,-1014,66.4,0.0,11,0.5317,
0,133,-1006,66.4,0.0,13,0.5454,
0,134,-928,81.6,0.0,15,0.5532,
0,135,-852,96.8,0.0,18,0.5597,
0,131,-550,67.2,0.0,0,0.2714,
0,132,-492,82.4,0.0,0,0.2714,
0,133,-428,97.6,0.0,0,0.2714,
0,134,972,100.0,0.0,0,0.2714,
0,131,-402,96.8,0.0,4,0.2512,
0,132,1114,100.0,0.0,4,0.2512,
0,131,-773,21.6,0.0,18,0.2917,
0,132,-983,21.6,0.0,21,0.3155,
0,133,-905,36.8,0.0,21,0.3149,
0,134,-829,52.0,0.0,21,0.3149,
0,135,-753,67.2,0.0,21,0.3149,
0,131,-678,0.0,0.0,16,0.5963,
0,132,-610,6.4,0.0,16,0.5963,
0,133,-542,21.6,0.0,16,0.6052,
0,134,-474,36.8,0.0,16,0.6139,
0,135,-406,52.0,0.0,16,0.6229,
0,131,1476,100.0,0.0,4,0.1647,
0,131,-47,92.0,0.0,27,0.6673,
0,132,1493,100.0,0.0,27,0.6673,
0,131,-793,41.6,-44.4,0,0.3555,
0,132,-733,56.8,-47.6,0,0.3668,
0,133,-673,72.0,-50.8,0,0.3668,
0,134,-629,87.2,-54.0,0,0.3668,
0,135,903,100.0,-57.2,3,0.3735,
0,131,404,88.8,0.0,37,0.6633,
0,132,1958,100.0,0.0,37,0.6633,
0,131,-242,62.8,0.0,-6,0.0245,
0,132,-168,77.6,0.0,-6,0.0336,
0,133,-94,92.4,0.0,-6,0.0424,
0,134,1444,100.0,0.0,-6,0.0515,
0,131,133,81.6,0.0,18,0.4578,
0,132,167,96.8,0.0,18,0.4578,
0,133,1645,100.0,0.0,18,0.4578,
0,131,-156,36.8,0.0,14,0.5918,
0,132,-80,52.0,0.0,14,0.5918,
0,133,-4,67.2,0.0,14,0.5918,
0,134,72,82.4,0.0,14,0.6037,
0,135,148,97.6,0.0,16,0.6154,
0,131,1159,100.0,0.0,9,0.2497,
0,131,-785,21.6,0.0,1,0.2267,
0,132,-709,36.8,0.0,1,0.2267,
0,133,-633,52.0,0.0,1,0.2267,
0,134,-557,67.2,0.0,1,0.2267,
0,135,-481,82.4,0.0,1,0.2267,
1,131,-1180,0.0,0.0,1,0.3671,
1,132,-1180,0.0,0.0,1,0.3671,
1,133,-1180,0.0,0.0,1,0.3671,
1,134,-1180,0.0,0.0,1,0.3671,
1,135,-1180,0.0,0.0,1,0.3671,
0,131,-1347,0.0,0.0,15,0.3584,
0,132,-1287,0.0,0.0,19,0.3649,
0,133,-1225,0.0,0.0,19,0.3702,
0,134,-1163,0.0,0.0,22,0.3784,
0,135,-1101,0.0,0.0,23,0.383,
1,131,-1412,0.0,0.0,24,0.5272,
1,132,-1396,0.0,0.0,24,0.5272,
1,133,-1272,0.0,0.0,24,0.5272,
1,134,-1272,0.0,0.0,24,0.5272,
1,135,-1272,0.0,0.0,24,0.5272,
0,131,368,93.6,0.0,20,0.5279,
0,132,1884,100.0,0.0,21,0.5348,
1,131,-1392,0.0,0.0,10,0.7889,
1,132,-1392,0.0,0.0,10,0.7889,
1,133,-1392,0.0,0.0,10,0.7889,
1,134,-1392,0.0,0.0,10,0.7889,
1,135,-1392,0.0,0.0,10,0.7889,
1,131,-1894,0.0,0.0,34,0.9693,
1,132,-1894,0.0,0.0,34,0.9693,
1,133,-1894,0.0,0.0,34,0.9693,
1,134,-1894,0.0,0.0,34,0.9693,
1,135,-1894,0.0,0.0,34,0.9693,
0,131,1661,100.0,0.0,28,0.4861,
0,131,-605,36.8,0.0,-13,0.1284,
0,132,-553,52.0,0.0,-13,0.1284,
0,133,-589,67.2,0.0,-13,0.1284,
0,134,-521,82.4,0.0,-13,0.1284,
0,135,-445,97.6,0.0,-13,0.1284,
0,131,-8,97.6,0.0,14,0.3369,
0,132,1484,100.0,0.0,14,0.3369,
0,131,1125,100.0,0.0,0,0.2243,
0,131,-669,6.4,0.0,24,0.4345,
0,132,-611,21.6,0.0,24,0.4345,
0,133,-541,36.8,0.0,24,0.4345,
0,134,-471,52.0,0.0,24,0.4345,
0,135,-392,67.2,0.0,25,0.4399,
0,131,-404,82.4,-7.2,-19,0.2132,
0,132,-352,97.6,-8.8,-19,0.2245,
0,133,1032,100.0,-10.4,-18,0.2358,
0,131,-366,96.8,0.0,2,0.2663,
0,132,1126,100.0,0.0,2,0.2683,
1,131,-576,0.0,0.0,20,0.6346,
1,132,-603,0.0,0.0,20,0.6346,
1,133,-606,0.0,0.0,20,0.6346,
1,134,-623,0.0,0.0,20,0.6339,
1,135,-517,0.0,0.0,20,0.6344,
0,131,-407,0.0,0.0,39,0.7438,
0,132,-405,0.0,0.0,40,0.7638,
0,133,-326,0.0,0.0,42,0.7781,
0,134,-250,0.0,0.0,42,0.7781,
0,135,-280,0.0,0.0,42,0.7781,
1,131,-1557,0.0,0.0,-15,0.0341,
1,132,-1541,0.0,0.0,-15,0.0341,
1,133,-1417,0.0,0.0,-15,0.0341,
1,134,-1417,0.0,0.0,-15,0.0341,
1,135,-1417,0.0,0.0,-15,0.0341,
0,131,-614,21.6,0.0,-17,-0.1,
0,132,-554,36.8,0.0,-17,-0.1,
0,133,-510,52.0,0.0,-17,-0.1,
0,134,-450,67.2,0.0,-17,-0.1,
0,135,-390,82.4,0.0,-17,-0.1,
1,131,-1392,0.0,0.0,8,0.5281,
1,132,-1392,0.0,0.0,8,0.5281,
1,133,-1392,0.0,0.0,8,0.5281,
1,134,-1392,0.0,0.0,8,0.5281,
1,135,-1392,0.0,0.0,8,0.5281,
0,131,-346,82.4,0.0,17,0.4182,
0,132,-286,97.6,0.0,17,0.4273,
0,133,1210,100.0,0.0,17,0.4273,
0,131,-1237,0.0,0.0,23,0.4213,
0,132,-1237,0.0,0.0,25,0.4523,
0,133,-1133,0.0,0.0,26,0.4783,
0,134,-1054,0.0,0.0,28,0.4993,
0,135,-1054,0.0,0.0,28,0.4993,
1,131,-1662,0.0,0.0,3,0.3751,
1,132,-1646,0.0,0.0,3,0.3751,
1,133,-2084,0.0,0.0,3,0.3751,
1,134,-1902,0.0,0.0,3,0.3751,
1,135,-1902,0.0,0.0,3,0.3751,
1,131,-1387,0.0,0.0,19,0.6474,
1,132,-1387,0.0,0.0,19,0.6474,
1,133,-1387,0.0,0.0,19,0.6474,
1,134,-1387,0.0,0.0,19,0.6474,
1,135,-1387,0.0,0.0,19,0.6474,
1,131,-1377,0.0,0.0,31,0.7355,
1,132,-1377,0.0,0.0,31,0.7355,
1,133,-1893,0.0,0.0,31,0.7355,
1,134,-1917,0.0,0.0,31,0.7355,
1,135,-1941,0.0,0.0,31,0.7355,
0,131,-143,67.2,0.0,17,0.2484,
0,132,-151,67.2,0.0,17,0.2484,
0,133,-159,67.2,0.0,18,0.2924,
0,134,-166,67.2,0.0,24,0.3324,
0,135,-169,67.2,0.0,26,0.3513,
0,131,1213,100.0,0.0,21,0.4034,
0,131,813,100.0,-78.2,6,0.3149,
0,131,-71,82.4,0.0,7,0.3504,
0,132,0,97.6,0.0,7,0.3504,
0,133,1507,100.0,0.0,7,0.3504,
1,131,-60,0.0,0.0,28,0.7893,
1,132,-46,0.0,0.0,30,0.8103,
1,133,-29,0.0,0.0,32,0.8272,
1,134,95,0.0,0.0,32,0.8272,
1,135,135,0.0,0.0,32,0.8272,
1,131,-1942,0.0,0.0,-12,0.1077,
1,132,-1942,0.0,0.0,-12,0.1077,
1,133,-1940,0.0,0.0,-12,0.1151,
1,134,-1940,0.0,0.0,-12,0.1151,
1,135,-1940,0.0,0.0,-12,0.1151,
0,131,-461,52.0,0.0,10,0.326,
0,132,-385,67.2,0.0,10,0.326,
0,133,-309,82.4,0.0,10,0.326,
0,134,-257,97.6,0.0,10,0.326,
0,135,1231,100.0,0.0,10,0.326,
1,131,-1659,0.0,0.0,27,0.9563,
1,132,-1643,0.0,0.0,27,0.9563,
1,133,-1579,0.0,0.0,27,0.9563,
1,134,-1379,0.0,0.0,27,0.9563,
1,135,-1379,0.0,0.0,27,0.9563,
1,131,-1380,0.0,0.0,24,0.7261,
1,132,-1380,0.0,0.0,24,0.7261,
1,133,-1380,0.0,0.0,24,0.7261,
1,134,-1380,0.0,0.0,24,0.7261,
1,135,-1380,0.0,0.0,24,0.7261,
0,131,-444,67.2,0.0,-11,0.3038,
0,132,-480,82.4,0.0,-11,0.3038,
0,133,-404,97.6,0.0,-11,0.3038,
0,134,1108,100.0,0.0,-11,0.3038,
0,131,-961,0.0,0.0,-1,0.4219,
0,132,-885,0.0,0.0,-3,0.425,
0,133,-809,0.0,0.0,-2,0.4281,
0,134,-736,6.4,0.0,-1,0.4312,
0,135,-663,21.6,0.0,0,0.4251,
1,131,-1959,0.0,0.0,1,0.4081,
1,132,-1965,0.0,0.0,1,0.4081,
1,133,-1983,0.0,0.0,1,0.4081,
1,134,-2001,0.0,0.0,1,0.463,
1,135,-2221,0.0,0.0,1,0.4782,
1,131,-1612,0.0,0.0,10,0.7121,
1,132,-1612,0.0,0.0,10,0.7121,
1,133,-1564,0.0,0.0,10,0.7121,
1,134,-1392,0.0,0.0,10,0.7121,
1,135,-1392,0.0,0.0,10,0.7121,
0,131,-957,52.0,0.0,-2,0.457,
0,132,-881,67.2,0.0,-2,0.457,
0,133,-805,82.4,0.0,-2,0.457,
0,134,-729,97.6,0.0,-2,0.457,
0,135,783,100.0,0.0,-2,0.457,
0,131,-641,36.8,0.0,7,0.2494,
0,132,-653,36.8,0.0,7,0.2494,
0,133,-665,36.8,0.0,7,0.2934,
0,134,-677,36.8,0.0,8,0.3374,
0,135,-685,36.8,0.0,18,0.3806,
1,131,-1401,0.0,0.0,7,0.8276,
1,132,-1401,0.0,0.0,7,0.8276,
1,133,-1401,0.0,0.0,7,0.8276,
1,134,-1401,0.0,0.0,7,0.8276,
1,135,-1401,0.0,0.0,7,0.8276,
0,131,-472,0.0,0.0,26,0.5631,
0,132,-404,0.0,0.0,26,0.5631,
0,133,-412,0.0,0.0,26,0.5631,
0,134,-419,0.0,0.0,29,0.5892,
0,135,-440,0.0,0.0,32,0.6102,
0,131,-570,66.4,0.0,1,0.5147,
0,132,-518,81.6,0.0,1,0.5147,
0,133,-450,96.8,0.0,1,0.5147,
0,134,-466,96.8,0.0,1,0.5147,
0,135,-482,96.8,0.0,1,0.5587,
0,131,-134,96.8,0.0,2,0.2077,
0,132,-134,96.8,0.0,2,0.2477,
0,133,-134,96.8,0.0,2,0.2877,
0,134,-134,96.8,0.0,3,0.3391,
0,135,-131,96.8,0.0,3,0.3823,
0,131,-1583,0.0,0.0,15,0.6947,
0,132,-1610,0.0,0.0,20,0.7101,
0,133,-1061,0.0,0.0,23,0.7284,
0,134,-1017,0.0,0.0,23,0.7284,
0,135,-1069,0.0,0.0,23,0.7284,
1,131,-692,0.0,0.0,22,0.5027,
1,132,-700,0.0,0.0,22,0.5027,
1,133,-584,0.0,0.0,22,0.5027,
1,134,-568,0.0,0.0,22,0.5027,
1,135,-568,0.0,0.0,22,0.5027,
1,131,-1400,0.0,0.0,13,0.7355,
1,132,-1400,0.0,0.0,13,0.7355,
1,133,-1400,0.0,0.0,13,0.7355,
1,134,-1400,0.0,0.0,13,0.7355,
1,135,-1400,0.0,0.0,13,0.7355,
0,131,-76,72.0,0.0,26,0.6907,
0,132,-8,87.2,0.0,26,0.6907,
0,133,1438,100.0,0.0,26,0.6907,
1,131,-1919,0.0,0.0,21,0.9184,
1,132,-1919,0.0,0.0,21,0.9184,
1,133,-1919,0.0,0.0,21,0.9184,
1,134,-1919,0.0,0.0,21,0.9184,
1,135,-1919,0.0,0.0,21,0.9184,
0,131,-26,71.2,0.0,15,0.5722,
0,132,50,89.6,0.0,15,0.5722,
0,133,1586,100.0,0.0,15,0.5722,
0,131,-459,52.0,0.0,7,0.5132,
0,132,-470,52.0,0.0,10,0.5339,
0,133,-402,67.2,0.0,11,0.5335,
0,134,-327,82.4,0.0,10,0.5287,
0,135,-254,97.6,0.0,10,0.5212,
1,131,-1911,0.0,0.0,19,0.8615,
1,132,-1914,0.0,0.0,19,0.8615,
1,133,-1914,0.0,0.0,19,0.8615,
1,134,-1914,0.0,0.0,19,0.8615,
1,135,-1914,0.0,0.0,19,0.8615,
1,131,-1607,0.0,0.0,1,0.5937,
1,132,-1407,0.0,0.0,1,0.5937,
1,133,-1407,0.0,0.0,1,0.5937,
1,134,-1407,0.0,0.0,1,0.5937,
1,135,-1407,0.0,0.0,1,0.5937,
1,131,-1395,0.0,0.0,12,0.6215,
1,132,-1395,0.0,0.0,12,0.6215,
1,133,-1395,0.0,0.0,12,0.6215,
1,134,-1395,0.0,0.0,12,0.6215,
1,135,-1395,0.0,0.0,12,0.6215,
0,131,1853,100.0,0.0,11,0.3589,
1,131,-2114,0.0,0.0,29,0.9879,
1,132,-2074,0.0,0.0,29,0.9879,
1,133,-1930,0.0,0.0,29,0.9879,
1,134,-1938,0.0,0.0,29,0.9879,
1,135,-1946,0.0,0.0,30,1.0507,
1,131,-1904,0.0,0.0,20,0.7852,
1,132,-1856,0.0,0.0,20,0.7852,
1,133,-1756,0.0,0.0,20,0.7852,
1,134,-1628,0.0,0.0,20,0.7852,
1,135,-1628,0.0,0.0,20,0.7852,
1,131,-1384,0.0,0.0,21,0.8446,
1,132,-1384,0.0,0.0,21,0.8446,
1,133,-1384,0.0,0.0,21,0.8446,
1,134,-1384,0.0,0.0,21,0.8446,
1,135,-1384,0.0,0.0,21,0.8446,
0,131,-768,0.0,0.0,34,0.7673,
0,132,-702,0.0,0.0,34,0.7673,
0,133,-636,5.6,0.0,34,0.7673,
0,134,-570,18.8,0.0,34,0.7673,
0,135,-504,32.0,0.0,34,0.7673,
0,131,2288,100.0,0.0,18,0.4975,
0,131,1671,100.0,0.0,7,0.3077,
1,131,-1228,0.0,0.0,-4,0.3699,
1,132,-1228,0.0,0.0,-4,0.3699,
1,133,-1228,0.0,0.0,-4,0.3699,
1,134,-1228,0.0,0.0,-4,0.3699,
1,135,-1228,0.0,0.0,-4,0.3699,
1,131,-1390,0.0,0.0,21,0.7666,
1,132,-1383,0.0,0.0,23,0.7927,
1,133,-1382,0.0,0.0,23,0.7933,
1,134,-1382,0.0,0.0,23,0.7933,
1,135,-1382,0.0,0.0,23,0.7933,
0,131,-596,0.0,0.0,9,0.3354,
0,132,-621,0.0,0.0,9,0.3664,
0,133,-646,0.0,0.0,12,0.3974,
0,134,-669,0.0,0.0,16,0.4188,
0,135,-692,0.0,0.0,17,0.4397,
0,131,-356,96.8,0.0,3,0.3218,
0,132,1040,100.0,0.0,3,0.3218,
1,131,-1384,0.0,0.0,30,0.8195,
1,132,-1384,0.0,0.0,30,0.8195,
1,133,-1384,0.0,0.0,30,0.8195,
1,134,-1384,0.0,0.0,30,0.8195,
1,135,-1384,0.0,0.0,30,0.8195,
0,131,-1262,0.0,-12.0,-6,0.1775,
0,132,-1274,0.0,-14.4,-6,0.1987,
0,133,-1286,0.0,-16.8,-4,0.2195,
0,134,-1300,0.0,-19.2,-1,0.2404,
0,135,-1312,0.0,-21.6,2,0.2598,
0,131,-492,6.4,0.0,25,0.6326,
0,132,-424,21.6,0.0,25,0.6326,
0,133,-384,36.8,0.0,25,0.6326,
0,134,-352,52.0,0.0,25,0.6326,
0,135,-320,67.2,0.0,25,0.6326,
1,131,-1397,0.0,0.0,13,0.7203,
1,132,-1397,0.0,0.0,13,0.7203,
1,133,-1397,0.0,0.0,13,0.7203,
1,134,-1391,0.0,0.0,14,0.7325,
1,135,-1391,0.0,0.0,14,0.7325,
0,131,-613,21.6,0.0,3,0.1944,
0,132,-537,36.8,0.0,3,0.2056,
0,133,-460,52.0,0.0,3,0.2123,
0,134,-384,67.2,0.0,2,0.2203,
0,135,-308,82.4,0.0,4,0.2316,
0,131,-285,0.0,0.0,7,0.1989,
0,132,-217,0.0,0.0,7,0.2103,
0,133,-657,6.4,0.0,6,0.2214,
0,134,-773,6.4,0.0,9,0.2328,
0,135,-778,6.4,0.0,13,0.2648,
1,131,-1791,0.0,0.0,27,0.8635,
1,132,-1743,0.0,0.0,27,0.8635,
1,133,-1599,0.0,0.0,27,0.8635,
1,134,-1615,0.0,0.0,27,0.8635,
1,135,-1633,0.0,0.0,27,0.8635,
0,131,-293,66.4,0.0,5,0.379,
0,132,-241,81.6,0.0,5,0.379,
0,133,-189,96.8,0.0,5,0.379,
0,134,1303,100.0,0.0,5,0.379,
0,131,-521,21.6,0.0,18,0.1104,
0,132,-524,21.6,0.0,18,0.1104,
0,133,-527,21.6,0.0,18,0.1544,
0,134,-537,21.6,0.0,19,0.1984,
0,135,-546,21.6,0.0,20,0.2384,
1,131,-1408,0.0,0.0,0,0.2755,
1,132,-1408,0.0,0.0,0,0.2755,
1,133,-1408,0.0,0.0,0,0.2755,
1,134,-1408,0.0,0.0,0,0.2755,
1,135,-1408,0.0,0.0,0,0.2755,
0,131,-620,81.6,-23.2,8,0.5587,
0,132,-639,81.6,-24.8,13,0.5917,
0,133,-664,81.6,-28.0,15,0.6183,
0,134,-615,96.8,-31.2,17,0.6324,
0,135,871,100.0,-34.4,17,0.6324,
1,131,-724,0.0,0.0,20,0.5576,
1,132,-722,0.0,0.0,22,0.5665,
1,133,-719,0.0,0.0,27,0.5965,
1,134,-1079,0.0,0.0,27,0.6129,
1,135,-1081,0.0,0.0,27,0.6129,
1,131,-975,0.0,0.0,34,0.8262,
1,132,-975,0.0,0.0,34,0.8262,
1,133,-1091,0.0,0.0,34,0.8262,
1,134,-1091,0.0,0.0,34,0.8262,
1,135,-1091,0.0,0.0,34,0.8262,
0,131,-269,0.0,0.0,10,0.0727,
0,132,-290,0.0,0.0,9,0.0685,
0,133,-313,0.0,0.0,10,0.0794,
0,134,-446,0.0,0.0,13,0.0898,
0,135,-477,0.0,0.0,13,0.0958,
1,131,-1069,0.0,0.0,33,0.8499,
1,132,-1072,0.0,0.0,33,0.8675,
1,133,-1083,0.0,0.0,37,0.9126,
1,134,-1091,0.0,0.0,40,0.9472,
1,135,-950,0.0,0.0,44,0.9778,
1,131,-115,0.0,0.0,27,0.473,
1,132,-122,0.0,0.0,27,0.473,
1,133,-129,0.0,0.0,27,0.473,
1,134,-136,0.0,0.0,27,0.473,
1,135,-259,0.0,0.0,27,0.473,
1,131,-714,0.0,0.0,14,0.2063,
1,132,-744,0.0,0.0,14,0.207,
1,133,-870,0.0,0.0,14,0.207,
1,134,-880,0.0,0.0,14,0.207,
1,135,-890,0.0,0.0,14,0.207,
1,131,252,0.0,0.0,3,0.14,
1,132,243,0.0,0.0,3,0.14,
1,133,227,0.0,0.0,3,0.14,
1,134,211,0.0,0.0,3,0.14,
1,135,211,0.0,0.0,3,0.14,
1,131,-696,0.0,0.0,23,0.5807,
1,132,-580,0.0,0.0,23,0.5807,
1,133,-580,0.0,0.0,23,0.5807,
1,134,-580,0.0,0.0,23,0.5807,
1,135,-580,0.0,0.0,23,0.5807,
1,131,-1035,0.0,0.0,25,0.5283,
1,132,-1043,0.0,0.0,25,0.5328,
1,133,-1050,0.0,0.0,25,0.536,
1,134,-1565,0.0,0.0,26,0.583,
1,135,-1576,0.0,0.0,33,0.6222,
1,131,-545,0.0,0.0,19,0.579,
1,132,-545,0.0,0.0,19,0.5837,
1,133,-545,0.0,0.0,20,0.5984,
1,134,-545,0.0,0.0,20,0.5934,
1,135,-545,0.0,0.0,19,0.6019,
1,131,-1087,0.0,0.0,18,0.6,
1,132,-1087,0.0,0.0,18,0.6,
1,133,-1082,0.0,0.0,23,0.6333,
1,134,-1082,0.0,0.0,23,0.6333,
1,135,-1082,0.0,0.0,23,0.6333,
1,131,-906,0.0,0.0,28,0.6856,
1,132,-906,0.0,0.0,28,0.6856,
1,133,-906,0.0,0.0,28,0.6856,
1,134,-922,0.0,0.0,28,0.6856,
1,135,-938,0.0,0.0,28,0.6856,
1,131,-1045,0.0,0.0,21,0.6307,
1,132,-1045,0.0,0.0,21,0.6307,
1,133,-937,0.0,0.0,27,0.646,
1,134,-937,0.0,0.0,27,0.646,
1,135,-937,0.0,0.0,27,0.646,
0,131,1177,0.0,0.0,-21,-0.6955,
0,132,1161,0.0,0.0,-21,-0.6955,
0,133,1085,0.0,0.0,-21,-0.6955,
0,134,1121,0.0,0.0,-21,-0.6955,
0,135,1753,0.0,0.0,-21,-0.6955,
1,131,-130,0.0,0.0,-12,-0.5494,
1,132,-222,0.0,0.0,-12,-0.5494,
1,133,-208,0.0,0.0,-12,-0.5494,
1,134,-62,0.0,0.0,-14,-0.561,
1,135,96,0.0,0.0,-14,-0.561,
0,131,988,0.0,0.0,-22,-0.456,
0,132,988,0.0,0.0,-22,-0.456,
0,133,988,0.0,0.0,-22,-0.456,
0,134,988,0.0,0.0,-22,-0.456,
0,135,988,0.0,0.0,-22,-0.456,
0,131,1101,0.0,0.0,-16,-0.8102,
0,132,1001,0.0,0.0,-16,-0.8102,
0,133,1121,0.0,0.0,-16,-0.8102,
0,134,1118,0.0,0.0,-19,-0.8411,
0,135,1116,0.0,0.0,-24,-0.8753,
1,131,1342,0.0,0.0,-23,-0.5868,
1,132,1326,0.0,0.0,-23,-0.6005,
1,133,1091,0.0,0.0,-25,-0.6108,
1,134,1103,0.0,0.0,-25,-0.6108,
1,135,1115,0.0,0.0,-26,-0.6226,
0,131,1592,0.0,0.0,-28,-0.8446,
0,132,1487,0.0,0.0,-28,-0.8446,
0,133,1498,0.0,0.0,-28,-0.8446,
0,134,1516,0.0,0.0,-28,-0.8446,
0,135,1532,0.0,0.0,-28,-0.8446,
0,131,1256,0.0,0.0,-25,-0.7771,
0,132,1140,0.0,0.0,-25,-0.7771,
0,133,1148,0.0,0.0,-25,-0.7771,
0,134,1156,0.0,0.0,-25,-0.7771,
0,135,1164,0.0,0.0,-25,-0.7771,
0,131,1251,0.0,0.0,-11,-0.3891,
0,132,1219,0.0,0.0,-11,-0.3891,
0,133,1089,0.0,0.0,-11,-0.3891,
0,134,1089,0.0,0.0,-11,-0.3891,
0,135,1092,0.0,0.0,-11,-0.3891,
0,131,709,0.0,0.0,-32,-0.8724,
0,132,711,0.0,0.0,-34,-0.8798,
0,133,711,0.0,0.0,-34,-0.8869,
0,134,1218,0.0,0.0,-34,-0.8919,
0,135,1225,0.0,0.0,-34,-0.8919,
1,131,259,0.0,0.0,-19,-0.4714,
1,132,367,0.0,0.0,-19,-0.4714,
1,133,375,0.0,0.0,-19,-0.4714,
1,134,383,0.0,0.0,-19,-0.4714,
1,135,391,0.0,0.0,-19,-0.4714,
0,131,1792,0.0,0.0,-11,-0.5953,
0,132,1809,0.0,0.0,-11,-0.5953,
0,133,1834,0.0,0.0,-11,-0.5953,
0,134,1850,0.0,0.0,-11,-0.5953,
0,135,1850,0.0,0.0,-11,-0.5953,
0,131,-521,0.0,0.0,-23,-0.4995,
0,132,-505,0.0,0.0,-23,-0.4995,
0,133,-489,0.0,0.0,-23,-0.4995,
0,134,-481,0.0,0.0,-23,-0.4995,
0,135,-473,0.0,0.0,-23,-0.4995,
0,131,803,0.0,0.0,-41,-0.8261,
0,132,710,0.0,0.0,-41,-0.8261,
0,133,718,0.0,0.0,-41,-0.8261,
0,134,834,0.0,0.0,-41,-0.8261,
0,135,830,0.0,0.0,-41,-0.8299,
0,131,1061,0.0,0.0,-13,-0.6401,
0,132,1083,0.0,0.0,-13,-0.6401,
0,133,1097,0.0,0.0,-13,-0.6561,
0,134,1105,0.0,0.0,-15,-0.7001,
0,135,1110,0.0,0.0,-19,-0.7371,
0,131,741,0.0,0.0,-30,-0.6986,
0,132,753,0.0,0.0,-30,-0.6986,
0,133,865,0.0,0.0,-30,-0.6986,
0,134,869,0.0,0.0,-30,-0.6986,
0,135,873,0.0,0.0,-30,-0.6986,
0,131,1002,0.0,0.0,-3,-0.2951,
0,132,1010,0.0,0.0,0,-0.2834,
0,133,1030,0.0,0.0,0,-0.2834,
0,134,1050,0.0,0.0,0,-0.2834,
0,135,1070,0.0,0.0,0,-0.2834,
0,131,-102,0.0,0.0,-17,-0.3745,
0,132,-218,0.0,0.0,-17,-0.3745,
0,133,-182,0.0,0.0,-17,-0.3745,
0,134,-48,0.0,0.0,-17,-0.3745,
0,135,-32,0.0,0.0,-17,-0.3745,
0,131,968,0.0,0.0,-39,-0.9074,
0,132,980,0.0,0.0,-39,-0.9074,
0,133,992,0.0,0.0,-39,-0.9074,
0,134,1104,0.0,0.0,-39,-0.9074,
0,135,1102,0.0,0.0,-39,-0.9085,
1,131,492,0.0,0.0,-17,-0.4483,
1,132,418,0.0,0.0,-17,-0.4494,
1,133,370,0.0,0.0,-17,-0.4494,
1,134,346,0.0,0.0,-17,-0.4494,
1,135,338,0.0,0.0,-17,-0.4494,
0,131,1533,0.0,0.0,-13,-0.6335,
0,132,1401,0.0,0.0,-13,-0.6335,
0,133,1401,0.0,0.0,-13,-0.6335,
0,134,1401,0.0,0.0,-13,-0.6335,
0,135,1401,0.0,0.0,-13,-0.6335,
0,131,1080,0.0,0.0,0,-0.2245,
0,132,978,0.0,0.0,0,-0.2245,
0,133,960,0.0,0.0,0,-0.2245,
0,134,976,0.0,0.0,0,-0.2245,
0,135,992,0.0,0.0,0,-0.2356,
0,131,835,0.0,0.0,-18,-0.3757,
0,132,687,0.0,0.0,-19,-0.3812,
0,133,1195,0.0,0.0,-21,-0.3862,
0,134,1203,0.0,0.0,-21,-0.3862,
0,135,1203,0.0,0.0,-21,-0.4337,
0,131,902,0.0,0.0,-24,-0.728,
0,132,902,0.0,0.0,-24,-0.728,
0,133,902,0.0,0.0,-24,-0.728,
0,134,902,0.0,0.0,-24,-0.728,
0,135,902,0.0,0.0,-24,-0.728,
1,131,196,0.0,0.0,-19,-0.5492,
1,132,172,0.0,0.0,-19,-0.5635,
1,133,148,0.0,0.0,-20,-0.5889,
1,134,148,0.0,0.0,-20,-0.5952,
1,135,148,0.0,0.0,-20,-0.5952,
0,131,841,0.0,0.0,-35,-0.8595,
0,132,716,0.0,0.0,-35,-0.8595,
0,133,716,0.0,0.0,-35,-0.8595,
0,134,712,0.0,0.0,-44,-0.892,
0,135,707,0.0,0.0,-46,-0.9155,
0,131,696,0.0,0.0,-17,-0.2906,
0,132,675,0.0,0.0,-18,-0.2964,
0,133,674,0.0,0.0,-20,-0.301,
0,134,673,0.0,0.0,-20,-0.307,
0,135,660,0.0,0.0,-20,-0.3074,
0,131,833,0.0,0.0,-2,-0.2458,
0,132,796,0.0,0.0,-2,-0.2481,
0,133,772,0.0,0.0,-2,-0.2481,
0,134,772,0.0,0.0,-2,-0.2481,
0,135,777,0.0,0.0,-2,-0.2577,
0,131,962,0.0,0.0,-28,-0.696,
0,132,958,0.0,0.0,-28,-0.7035,
0,133,954,0.0,0.0,-35,-0.7432,
0,134,957,0.0,0.0,-35,-0.7498,
0,135,957,0.0,0.0,-35,-0.7542,
1,131,407,0.0,0.0,-23,-0.3492,
1,132,415,0.0,0.0,-25,-0.3542,
1,133,422,0.0,0.0,-26,-0.3563,
1,134,428,0.0,0.0,-27,-0.3618,
1,135,432,0.0,0.0,-29,-0.366,
0,131,460,0.0,0.0,-11,-0.3206,
0,132,372,0.0,0.0,-11,-0.3206,
0,133,380,0.0,0.0,-11,-0.3246,
0,134,292,0.0,0.0,-11,-0.3246,
0,135,316,0.0,0.0,-11,-0.3246,
0,131,1446,0.0,0.0,-28,-0.7926,
0,132,1461,0.0,0.0,-29,-0.7964,
0,133,1477,0.0,0.0,-29,-0.7964,
0,134,1489,0.0,0.0,-36,-0.8271,
0,135,1505,0.0,0.0,-36,-0.8271,
0,131,847,0.0,0.0,-37,-0.8699,
0,132,863,0.0,0.0,-37,-0.8699,
0,133,879,0.0,0.0,-37,-0.8699,
0,134,895,0.0,0.0,-37,-0.8699,
0,135,911,0.0,0.0,-37,-0.8699,
0,131,1388,0.0,0.0,-9,-0.5173,
0,132,1388,0.0,0.0,-9,-0.5225,
0,133,1904,0.0,0.0,-9,-0.5245,
0,134,1920,0.0,0.0,-9,-0.5245,
0,135,1936,0.0,0.0,-9,-0.5245,
0,131,32,0.0,0.0,29,0.5786,
0,132,58,0.0,0.0,29,0.5786,
0,133,58,0.0,0.0,29,0.5786,
0,134,42,0.0,0.0,29,0.5786,
0,135,26,0.0,0.0,29,0.5786,
1,131,-1418,0.0,0.0,3,0.4391,
1,132,-1391,0.0,0.0,3,0.4391,
1,133,-1320,0.0,0.0,3,0.4391,
1,134,-1203,0.0,0.0,3,0.4391,
1,135,-1203,0.0,0.0,3,0.4391,
1,131,-843,0.0,0.0,-5,-0.007,
1,132,-814,0.0,0.0,-6,-0.0155,
1,133,-719,0.0,0.0,-7,-0.0145,
1,134,-851,0.0,0.0,-6,-0.0168,
1,135,-875,0.0,0.0,-4,-0.0191,
1,131,-748,0.0,0.0,27,0.8472,
1,132,-708,0.0,0.0,27,0.8472,
1,133,-576,0.0,0.0,27,0.8472,
1,134,-684,0.0,0.0,27,0.8472,
1,135,-708,0.0,0.0,27,0.8472,
1,131,-885,0.0,0.0,27,0.7181,
1,132,-895,0.0,0.0,27,0.7223,
1,133,-907,0.0,0.0,27,0.7419,
1,134,-776,0.0,0.0,27,0.7894,
1,135,-788,0.0,0.0,27,0.7894,
1,131,-319,0.0,0.0,23,0.5123,
1,132,-432,0.0,0.0,24,0.5169,
1,133,-423,0.0,0.0,24,0.5276,
1,134,-441,0.0,0.0,24,0.5356,
1,135,-575,0.0,0.0,24,0.5436,
1,131,-1167,0.0,0.0,1,0.3865,
1,132,-1213,0.0,0.0,1,0.4059,
1,133,-1103,0.0,0.0,1,0.453,
1,134,-1141,0.0,0.0,1,0.453,
1,135,-1157,0.0,0.0,1,0.453,
0,131,-92,0.0,0.0,27,0.4924,
0,132,-37,0.0,0.0,28,0.5011,
0,133,73,0.0,0.0,28,0.5011,
0,134,73,0.0,0.0,28,0.5011,
0,135,73,0.0,0.0,28,0.5011,
1,131,-1648,0.0,0.0,21,0.6738,
1,132,-1630,0.0,0.0,21,0.6738,
1,133,-1622,0.0,0.0,21,0.6738,
1,134,-1622,0.0,0.0,21,0.6738,
1,135,-1622,0.0,0.0,21,0.6738,
1,131,152,0.0,0.0,6,0.2974,
1,132,296,0.0,0.0,6,0.3054,
1,133,296,0.0,0.0,6,0.3134,
1,134,296,0.0,0.0,7,0.3214,
1,135,296,0.0,0.0,7,0.3214,
1,131,-162,0.0,0.0,27,0.5736,
1,132,-170,0.0,0.0,27,0.5736,
1,133,-178,0.0,0.0,27,0.5736,
1,134,-186,0.0,0.0,27,0.5736,
1,135,-210,0.0,0.0,27,0.5736,
1,131,-2057,0.0,-83.8,-12,0.0849,
1,132,-2069,0.0,-86.2,-12,0.0849,
1,133,-2204,0.0,-88.6,-12,0.0849,
1,134,-2223,0.0,-91.0,-12,0.0849,
1,135,-2242,0.0,-93.4,-12,0.0812,
1,131,-692,0.0,0.0,31,1.0041,
1,132,-576,0.0,0.0,31,1.0041,
1,133,-576,0.0,0.0,31,1.0041,
1,134,-574,0.0,0.0,36,1.0405,
1,135,-578,0.0,0.0,36,1.0405,
1,131,-791,0.0,0.0,21,0.7472,
1,132,-680,0.0,0.0,21,0.7472,
1,133,-680,0.0,0.0,21,0.7472,
1,134,-1196,0.0,0.0,21,0.7946,
1,135,-1212,0.0,0.0,21,0.7946,
1,131,-908,0.0,0.0,24,0.5973,
1,132,-908,0.0,0.0,24,0.5973,
1,133,-908,0.0,0.0,25,0.6413,
1,134,-906,0.0,0.0,31,0.6823,
1,135,-900,0.0,0.0,32,0.7033,
1,131,-1075,0.0,0.0,21,0.6093,
1,132,-1083,0.0,0.0,22,0.6197,
1,133,-967,0.0,0.0,22,0.6496,
1,134,-1480,0.0,0.0,22,0.6516,
1,135,-1480,0.0,0.0,22,0.6516,
0,131,230,0.0,0.0,26,0.5933,
0,132,239,0.0,0.0,26,0.5947,
0,133,247,0.0,0.0,26,0.5947,
0,134,149,0.0,0.0,26,0.5947,
0,135,151,0.0,0.0,26,0.5947,
1,131,-720,0.0,0.0,21,0.5507,
1,132,-659,0.0,0.0,21,0.5616,
1,133,-627,0.0,0.0,21,0.5616,
1,134,-650,0.0,0.0,21,0.5616,
1,135,-656,0.0,0.0,24,0.565,
0,131,-893,20.8,-26.4,22,0.5417,
0,132,-824,36.0,-27.8,22,0.5417,
0,133,-763,51.2,-29.2,22,0.5506,
0,134,-702,66.4,-30.6,22,0.5598,
0,135,-641,81.6,-32.0,22,0.5598,
0,131,-589,67.2,0.0,3,0.3383,
0,132,-532,82.4,0.0,3,0.3383,
0,133,-575,97.6,0.0,3,0.3383,
0,134,929,100.0,0.0,3,0.3383,
0,131,163,66.4,0.0,0,0.5561,
0,132,58,66.4,0.0,0,0.5561,
0,133,154,81.6,0.0,1,0.6001,
0,134,250,96.8,0.0,1,0.6001,
0,135,1786,100.0,0.0,1,0.6001,
1,131,-725,0.0,0.0,21,0.5593,
1,132,-725,0.0,0.0,21,0.5593,
1,133,-725,0.0,0.0,21,0.5593,
1,134,-725,0.0,0.0,21,0.5593,
1,135,-725,0.0,0.0,21,0.5593,
0,131,-292,67.2,0.0,6,0.3578,
0,132,-224,82.4,0.0,6,0.3693,
0,133,-252,97.6,0.0,6,0.3805,
0,134,1260,100.0,0.0,6,0.3805,
1,131,-1803,0.0,0.0,2,0.5075,
1,132,-1803,0.0,0.0,2,0.5075,
1,133,-1803,0.0,0.0,3,0.4947,
1,134,-1802,0.0,0.0,6,0.4945,
1,135,-1597,0.0,0.0,6,0.4993,
0,131,1388,100.0,0.0,11,0.224,
1,131,-1384,0.0,0.0,22,0.6605,
1,132,-1384,0.0,0.0,22,0.6605,
1,133,-1384,0.0,0.0,22,0.6605,
1,134,-1384,0.0,0.0,22,0.6605,
1,135,-1384,0.0,0.0,22,0.6605,
0,131,1117,100.0,0.0,22,0.3415,
1,131,-1595,0.0,0.0,24,0.7555,
1,132,-1595,0.0,0.0,24,0.7555,
1,133,-1595,0.0,0.0,24,0.7555,
1,134,-1495,0.0,0.0,24,0.7875,
1,135,-1383,0.0,0.0,24,0.7875,
0,131,-654,0.0,0.0,7,0.1215,
0,132,-670,0.0,0.0,8,0.1575,
0,133,-693,0.0,0.0,13,0.1926,
0,134,-814,0.0,0.0,15,0.2089,
0,135,-744,0.0,0.0,15,0.2093,
1,131,-554,0.0,0.0,18,0.3891,
1,132,-507,0.0,0.0,18,0.3891,
1,133,-537,0.0,0.0,18,0.3891,
1,134,-561,0.0,0.0,18,0.4158,
1,135,-569,0.0,0.0,18,0.4327,
0,131,-366,0.0,0.0,9,0.3817,
0,132,-298,6.4,0.0,9,0.3932,
0,133,-326,21.6,0.0,9,0.4002,
0,134,-250,36.8,0.0,10,0.4,
0,135,-181,52.0,0.0,11,0.405,
1,131,-837,0.0,0.0,21,0.7896,
1,132,-837,0.0,0.0,21,0.7896,
1,133,-837,0.0,0.0,21,0.7896,
1,134,-837,0.0,0.0,21,0.7896,
1,135,-837,0.0,0.0,21,0.7896,
0,131,-764,6.4,0.0,10,0.509,
0,132,-771,6.4,0.0,11,0.541,
0,133,-699,21.6,0.0,14,0.5811,
0,134,-623,36.8,0.0,14,0.5811,
0,135,-547,52.0,0.0,14,0.5811,
0,131,-1124,0.0,0.0,-5,0.3267,
0,132,-1047,6.4,0.0,-3,0.3382,
0,133,-970,21.6,0.0,-3,0.348,
0,134,-894,36.8,0.0,-2,0.3608,
0,135,-817,52.0,0.0,0,0.3722,
0,131,-209,0.0,0.0,9,0.4001,
0,132,-133,6.4,0.0,9,0.4001,
0,133,-57,21.6,0.0,9,0.4059,
0,134,19,36.8,0.0,10,0.4121,
0,135,95,52.0,0.0,10,0.4121,
0,131,-20,36.8,0.0,28,0.7136,
0,132,48,52.0,0.0,28,0.7136,
0,133,116,67.2,0.0,28,0.7136,
0,134,184,82.4,0.0,28,0.7136,
0,135,252,97.6,0.0,28,0.7136,
0,131,70,66.4,0.0,-10,0.238,
0,132,106,81.6,0.0,-10,0.238,
0,133,146,96.8,0.0,-10,0.238,
0,134,1436,100.0,0.0,-10,0.238,
1,131,-1487,0.0,0.0,9,0.5629,
1,132,-1487,0.0,0.0,9,0.5629,
1,133,-1439,0.0,0.0,9,0.5629,
1,134,-1339,0.0,0.0,9,0.5629,
1,135,-1199,0.0,0.0,9,0.5629,
0,131,-338,92.0,0.0,3,0.2745,
0,132,-350,92.0,0.0,3,0.3185,
0,133,-370,92.0,0.0,4,0.3625,
0,134,-386,92.0,0.0,10,0.4002,
0,135,-486,92.0,0.0,11,0.4145,
0,131,1438,100.0,0.0,16,0.6424,
0,131,756,100.0,0.0,0,0.0448,
0,131,389,0.0,0.0,33,0.6697,
0,132,465,6.4,0.0,33,0.6697,
0,133,536,21.6,0.0,33,0.6697,
0,134,612,36.8,0.0,33,0.6697,
0,135,688,52.0,0.0,33,0.6697,
0,131,-841,36.8,0.0,7,0.3545,
0,132,-773,52.0,0.0,7,0.3545,
0,133,-705,67.2,0.0,7,0.3545,
0,134,-637,82.4,0.0,7,0.3545,
0,135,-581,97.6,0.0,7,0.3545,
1,131,-1415,0.0,0.0,-6,0.5914,
1,132,-1415,0.0,0.0,-6,0.5914,
1,133,-1415,0.0,0.0,-6,0.5914,
1,134,-1415,0.0,0.0,-6,0.5914,
1,135,-1415,0.0,0.0,-6,0.5914,
1,131,-1788,0.0,0.0,9,0.4813,
1,132,-1799,0.0,0.0,9,0.4813,
1,133,-1810,0.0,0.0,9,0.5444,
1,134,-1937,0.0,0.0,11,0.5753,
1,135,-1948,0.0,0.0,11,0.5753,
0,131,-195,97.6,0.0,7,0.4535,
0,132,1319,100.0,0.0,8,0.462,
1,131,-1698,0.0,0.0,-11,0.2666,
1,132,-1682,0.0,0.0,-11,0.2666,
1,133,-1618,0.0,0.0,-11,0.2666,
1,134,-1518,0.0,0.0,-11,0.2666,
1,135,-1416,0.0,0.0,-11,0.2666,
0,131,-436,82.4,0.0,3,0.3417,
0,132,-377,97.6,0.0,3,0.3417,
0,133,1104,100.0,0.0,3,0.3417,
0,131,1201,100.0,0.0,10,0.4273,
0,131,-390,81.6,0.0,19,0.3757,
0,132,-396,81.6,0.0,20,0.4104,
0,133,-411,81.6,0.0,20,0.4512,
0,134,-427,81.6,0.0,21,0.4952,
0,135,-442,81.6,0.0,25,0.5302,
0,131,-529,66.4,0.0,11,0.2553,
0,132,-343,81.6,0.0,11,0.2553,
0,133,-267,96.8,0.0,11,0.2553,
0,134,1249,100.0,0.0,11,0.2658,
1,131,-1545,0.0,0.0,14,0.6648,
1,132,-2037,0.0,0.0,14,0.6648,
1,133,-1905,0.0,0.0,14,0.6648,
1,134,-1913,0.0,0.0,14,0.6648,
1,135,-1921,0.0,0.0,14,0.6648,
0,131,-484,36.8,-4.8,19,0.5021,
0,132,-484,36.8,0.0,19,0.5124,
0,133,-478,36.8,0.0,20,0.5403,
0,134,-400,52.0,0.0,19,0.5484,
0,135,-324,67.2,0.0,19,0.5586,
0,131,-514,0.0,0.0,32,0.731,
0,132,-445,0.0,0.0,32,0.752,
0,133,-377,6.4,0.0,32,0.752,
0,134,-315,21.6,0.0,32,0.752,
0,135,-253,36.8,0.0,32,0.752,
0,131,-101,0.0,0.0,13,0.5645,
0,132,-109,0.0,0.0,15,0.5912,
0,133,-123,0.0,0.0,18,0.6139,
0,134,-234,0.0,0.0,22,0.6256,
0,135,-155,5.6,0.0,21,0.6169,
0,131,-489,66.4,0.0,-3,0.1825,
0,132,-414,81.6,0.0,-3,0.1817,
0,133,-338,96.8,0.0,-3,0.179,
0,134,1062,100.0,0.0,-3,0.1787,
0,131,-779,82.4,-56.8,23,0.436,
0,132,-700,97.6,-56.8,23,0.4427,
0,133,812,100.0,-56.8,20,0.4495,
1,131,-2086,0.0,0.0,0,0.2407,
1,132,-2098,0.0,0.0,0,0.2407,
1,133,-2110,0.0,0.0,0,0.2407,
1,134,-2122,0.0,0.0,0,0.2407,
1,135,-2134,0.0,0.0,0,0.2407,
0,131,1238,100.0,0.0,15,0.6004,
1,131,-1635,0.0,0.0,-9,0.1563,
1,132,-1619,0.0,0.0,-9,0.1563,
1,133,-1555,0.0,0.0,-9,0.1563,
1,134,-1921,0.0,0.0,-9,0.1563,
1,135,-1929,0.0,0.0,-9,0.1563,
1,131,-1531,0.0,0.0,1,0.3234,
1,132,-2023,0.0,0.0,1,0.3234,
1,133,-1915,0.0,0.0,1,0.3234,
1,134,-1915,0.0,0.0,1,0.3234,
1,135,-1915,0.0,0.0,1,0.3234,
0,131,-509,21.6,0.0,2,0.3507,
0,132,-508,21.6,0.0,7,0.3864,
0,133,-430,36.8,0.0,11,0.4247,
0,134,-354,52.0,0.0,11,0.4247,
0,135,-278,67.2,0.0,11,0.4247,
0,131,-873,52.0,0.0,7,0.2982,
0,132,-881,52.0,0.0,7,0.2982,
0,133,-985,52.0,0.0,7,0.3422,
0,134,-985,52.0,0.0,9,0.3862,
0,135,-983,52.0,0.0,12,0.4204,
1,131,-1436,0.0,0.0,0,0.5612,
1,132,-1434,0.0,0.0,5,0.6192,
1,133,-1429,0.0,0.0,8,0.6441,
1,134,-1428,0.0,0.0,8,0.6445,
1,135,-1428,0.0,0.0,8,0.6445,
0,131,-445,95.4,0.0,26,0.5843,
0,132,1030,100.0,0.0,26,0.5843,
0,131,831,88.8,0.0,39,0.797,
0,132,2379,100.0,0.0,39,0.797,
1,131,-437,0.0,0.0,35,0.7129,
1,132,-457,0.0,0.0,35,0.7169,
1,133,-476,0.0,0.0,37,0.72,
1,134,-496,0.0,0.0,37,0.725,
1,135,-492,0.0,0.0,38,0.73,
0,131,231,36.0,0.0,18,0.4735,
0,132,307,51.2,0.0,18,0.4735,
0,133,383,66.4,0.0,18,0.4735,
0,134,459,81.6,0.0,18,0.4735,
0,135,527,96.8,0.0,18,0.4735,
0,131,36,96.8,0.0,31,0.6555,
0,132,1538,100.0,0.0,31,0.6555,
0,131,-195,96.8,0.0,16,0.4214,
0,132,1321,100.0,0.0,16,0.4214,
0,131,-663,5.6,-18.4,26,0.7679,
0,132,-633,20.8,-22.8,26,0.7679,
0,133,-699,36.0,-27.2,27,0.7766,
0,134,-761,51.2,-31.6,30,0.7865,
0,135,-714,66.4,-36.0,30,0.7928,
0,131,-481,0.0,0.0,10,0.3943,
0,132,-477,0.0,0.0,12,0.4171,
0,133,-408,0.0,0.0,12,0.4171,
0,134,-348,0.0,0.0,12,0.4171,
0,135,-288,12.0,0.0,12,0.4171,
0,131,-1120,0.0,-16.0,25,0.4375,
0,132,-1062,11.2,-17.6,25,0.4375,
0,133,-996,26.4,-19.2,25,0.4375,
0,134,-922,41.6,-19.2,25,0.4375,
0,135,-848,56.8,-19.2,25,0.4375,
0,131,-331,40.8,0.0,36,0.7651,
0,132,-243,58.4,0.0,36,0.7651,
0,133,-155,76.0,0.0,36,0.7721,
0,134,-67,93.6,0.0,36,0.779,
0,135,1465,100.0,0.0,36,0.7859,
0,131,-727,82.4,-12.8,-2,-0.0619,
0,132,-659,97.6,-14.4,-2,-0.0619,
0,133,845,100.0,-16.0,-2,-0.0619,
1,131,-1948,0.0,0.0,-5,0.5118,
1,132,-1956,0.0,0.0,-5,0.5118,
1,133,-1956,0.0,0.0,-5,0.5118,
1,134,-1956,0.0,0.0,-5,0.5118,
1,135,-1972,0.0,0.0,-5,0.5118,
1,131,-1382,0.0,0.0,26,0.6833,
1,132,-1382,0.0,0.0,26,0.6833,
1,133,-1382,0.0,0.0,26,0.6833,
1,134,-1382,0.0,0.0,26,0.6833,
1,135,-1890,0.0,0.0,26,0.6833,
0,131,-690,5.6,0.0,8,0.4242,
0,132,-630,20.8,0.0,8,0.4242,
0,133,-570,36.0,0.0,8,0.4242,
0,134,-510,51.2,0.0,8,0.4242,
0,135,-450,66.4,0.0,8,0.4355,
0,131,2113,100.0,0.0,34,0.7544,
1,131,-1388,0.0,0.0,24,0.5012,
1,132,-1496,0.0,0.0,24,0.5012,
1,133,-1388,0.0,0.0,24,0.5012,
1,134,-1388,0.0,0.0,24,0.5012,
1,135,-1388,0.0,0.0,24,0.5012,
0,131,-366,81.6,0.0,16,0.2706,
0,132,-298,96.8,0.0,16,0.2706,
0,133,1210,100.0,0.0,16,0.2706,
0,131,-1077,0.0,0.0,9,0.326,
0,132,-1092,0.0,0.0,11,0.3438,
0,133,-1113,0.0,0.0,13,0.3609,
0,134,-1126,0.0,0.0,14,0.3802,
0,135,-1140,0.0,0.0,16,0.404,
1,131,-1064,0.0,0.0,10,0.5197,
1,132,-1088,0.0,0.0,10,0.5197,
1,133,-1112,0.0,0.0,15,0.5668,
1,134,-1128,0.0,0.0,15,0.5668,
1,135,-1136,0.0,0.0,15,0.5668,
0,131,-1102,0.0,0.0,17,0.42,
0,132,-1025,6.4,0.0,18,0.4245,
0,133,-949,21.6,0.0,18,0.4245,
0,134,-874,36.8,0.0,17,0.4279,
0,135,-798,52.0,0.0,16,0.4302,
1,131,-1588,0.0,0.0,1,0.5024,
1,132,-1588,0.0,0.0,1,0.5024,
1,133,-1588,0.0,0.0,1,0.5013,
1,134,-1587,0.0,0.0,7,0.5274,
1,135,-1392,0.0,0.0,8,0.545,
1,131,-1697,0.0,0.0,5,0.5285,
1,132,-1495,0.0,0.0,5,0.5282,
1,133,-1443,0.0,0.0,5,0.5282,
1,134,-1443,0.0,0.0,5,0.5282,
1,135,-1443,0.0,0.0,5,0.5282,
1,131,-1804,0.0,0.0,7,0.5672,
1,132,-1688,0.0,0.0,7,0.5672,
1,133,-1624,0.0,0.0,7,0.5672,
1,134,-1524,0.0,0.0,7,0.5672,
1,135,-1404,0.0,0.0,7,0.5672,
0,131,1795,100.0,0.0,30,0.7096,
1,131,-1570,0.0,0.0,15,0.8118,
1,132,-1522,0.0,0.0,15,0.8118,
1,133,-1390,0.0,0.0,15,0.8118,
1,134,-1390,0.0,0.0,15,0.8118,
1,135,-1390,0.0,0.0,15,0.8118,
1,131,-1360,0.0,0.0,16,0.7604,
1,132,-1360,0.0,0.0,16,0.7604,
1,133,-1312,0.0,0.0,16,0.7604,
1,134,-1174,0.0,0.0,16,0.7604,
1,135,-1174,0.0,0.0,16,0.7604,
0,131,-748,66.4,0.0,1,0.267,
0,132,-680,81.6,0.0,1,0.267,
0,133,-612,96.8,0.0,1,0.267,
0,134,896,100.0,0.0,1,0.267,
0,131,-855,67.2,-30.0,26,0.6991,
0,132,-875,67.2,-34.8,26,0.7264,
0,133,-804,82.4,-36.4,28,0.7273,
0,134,-736,97.6,-38.0,30,0.7327,
0,135,770,100.0,-39.6,32,0.7361,
1,131,-1732,0.0,0.0,8,0.4266,
1,132,-1740,0.0,0.0,8,0.4266,
1,133,-1748,0.0,0.0,8,0.4266,
1,134,-1756,0.0,0.0,8,0.4266,
1,135,-1764,0.0,0.0,8,0.4266,
1,131,-205,0.0,0.0,23,0.6499,
1,132,-221,0.0,0.0,23,0.6499,
1,133,-315,0.0,0.0,23,0.6497,
1,134,-291,0.0,0.0,23,0.6497,
1,135,-267,0.0,0.0,23,0.6497,
0,131,-548,96.8,0.0,0,0.4842,
0,132,-547,96.8,0.0,5,0.5242,
0,133,-542,96.8,0.0,7,0.5472,
0,134,968,100.0,0.0,7,0.5472,
0,131,-502,97.6,-41.6,-3,0.1422,
0,132,996,100.0,-44.8,-3,0.146,
1,131,-1810,0.0,0.0,-8,0.4354,
1,132,-1810,0.0,0.0,-8,0.4354,
1,133,-1809,0.0,0.0,-8,0.4355,
1,134,-1808,0.0,0.0,-8,0.4347,
1,135,-1808,0.0,0.0,-8,0.4459,
0,131,-25,6.4,0.0,2,0.2178,
0,132,46,21.6,0.0,3,0.2293,
0,133,117,36.8,0.0,3,0.2405,
0,134,172,52.0,0.0,5,0.252,
0,135,232,67.2,0.0,6,0.2636,
0,131,919,100.0,-26.4,6,0.4387,
0,131,-608,6.4,0.0,9,0.5031,
0,132,-539,21.6,0.0,11,0.512,
0,133,-471,36.8,0.0,13,0.5219,
0,134,-403,52.0,0.0,13,0.5219,
0,135,-335,67.2,0.0,13,0.5219,
1,131,-1524,0.0,0.0,-8,0.4391,
1,132,-1524,0.0,0.0,-8,0.4391,
1,133,-1408,0.0,0.0,-8,0.4425,
1,134,-1408,0.0,0.0,-8,0.4425,
1,135,-1408,0.0,0.0,-8,0.4425,
0,131,-224,51.2,0.0,21,0.503,
0,132,-152,66.4,0.0,21,0.503,
0,133,-96,81.6,0.0,21,0.503,
0,134,-35,96.8,0.0,20,0.5096,
0,135,1466,100.0,0.0,20,0.5162,
0,131,-452,51.2,0.0,3,0.2251,
0,132,-376,66.4,0.0,4,0.2319,
0,133,-300,81.6,0.0,5,0.2387,
0,134,-224,96.8,0.0,6,0.2453,
0,135,1292,100.0,0.0,8,0.2519,
1,131,-1406,0.0,0.0,2,0.4225,
1,132,-1406,0.0,0.0,2,0.4225,
1,133,-1406,0.0,0.0,2,0.4225,
1,134,-1406,0.0,0.0,2,0.4225,
1,135,-1406,0.0,0.0,2,0.4225,
0,131,36,36.8,0.0,26,0.6578,
0,132,104,52.0,0.0,26,0.6668,
0,133,172,67.2,0.0,26,0.6757,
0,134,224,82.4,0.0,26,0.6844,
0,135,284,97.6,0.0,26,0.6844,
0,131,-194,52.0,0.0,13,0.3514,
0,132,-118,67.2,0.0,13,0.3514,
0,133,-42,82.4,0.0,13,0.3514,
0,134,34,97.6,0.0,13,0.3514,
0,135,1546,100.0,0.0,13,0.3514,
0,131,-340,81.6,0.0,9,0.3941,
0,132,-262,96.8,0.0,9,0.3979,
0,133,1254,100.0,0.0,9,0.3979,
1,131,-1922,0.0,0.0,-1,0.4252,
1,132,-1912,0.0,0.0,-1,0.4252,
1,133,-1768,0.0,0.0,-1,0.4252,
1,134,-1774,0.0,0.0,-1,0.4252,
1,135,-1780,0.0,0.0,-1,0.4252,
1,131,-1630,0.0,0.0,0,0.3745,
1,132,-1630,0.0,0.0,0,0.3745,
1,133,-1630,0.0,0.0,0,0.3665,
1,134,-1629,0.0,0.0,7,0.3905,
1,135,-1522,0.0,0.0,8,0.4085,
0,131,-497,52.0,0.0,25,0.4792,
0,132,-427,67.2,0.0,26,0.4916,
0,133,-363,82.4,0.0,26,0.4916,
0,134,-299,97.6,0.0,26,0.4916,
0,135,1201,100.0,0.0,26,0.4916,
0,131,-491,36.0,0.0,22,0.4647,
0,132,-421,51.2,0.0,23,0.4733,
0,133,-344,66.4,0.0,23,0.4731,
0,134,-268,81.6,0.0,23,0.4731,
0,135,-200,96.8,0.0,23,0.4731,
1,131,586,0.0,-66.4,-7,-0.3455,
1,132,512,0.0,-81.6,-7,-0.357,
1,133,436,0.0,-96.8,-8,-0.3639,
1,134,-1080,0.0,-100.0,-9,-0.3753,
1,131,100,0.0,-46.4,-17,-0.3625,
1,132,100,0.0,-46.4,-17,-0.4025,
1,133,216,0.0,-46.4,-17,-0.4425,
1,134,216,0.0,-46.4,-19,-0.4825,
1,135,222,0.0,-46.4,-21,-0.5157,
1,131,939,0.0,-36.8,7,-0.0141,
1,132,877,0.0,-52.0,7,-0.057,
1,133,815,0.0,-67.2,7,-0.0561,
1,134,755,0.0,-82.4,7,-0.0561,
1,135,695,0.0,-97.6,7,-0.0561,
1,131,278,0.0,0.0,-29,-0.5061,
1,132,202,0.0,-6.4,-29,-0.5061,
1,133,142,0.0,-21.6,-29,-0.5061,
1,134,82,0.0,-36.8,-29,-0.5173,
1,135,38,0.0,-52.0,-29,-0.5173,
0,131,1909,0.0,0.0,-27,-0.7706,
0,132,1765,0.0,0.0,-27,-0.7706,
0,133,1765,0.0,0.0,-27,-0.7706,
0,134,1765,0.0,0.0,-27,-0.7706,
0,135,1758,0.0,0.0,-27,-0.7921,
1,131,908,0.0,0.0,7,-0.2012,
1,132,908,0.0,0.0,7,-0.2322,
1,133,907,0.0,0.0,6,-0.2623,
1,134,907,0.0,0.0,2,-0.2943,
1,135,901,0.0,0.0,-1,-0.3092,
0,131,1500,0.0,0.0,-25,-0.8532,
0,132,1503,0.0,0.0,-25,-0.8532,
0,133,1379,0.0,0.0,-25,-0.8532,
0,134,1379,0.0,0.0,-25,-0.8532,
0,135,1379,0.0,0.0,-25,-0.8532,
0,131,1802,0.0,0.0,-5,-0.5557,
0,132,1802,0.0,0.0,-5,-0.5557,
0,133,1802,0.0,0.0,-5,-0.5327,
0,134,1802,0.0,0.0,-5,-0.5271,
0,135,2318,0.0,0.0,-5,-0.537,
1,131,435,0.0,-96.8,-1,-0.3535,
1,132,-1080,0.0,-100.0,-4,-0.3579,
0,131,661,0.0,0.0,-19,-0.4665,
0,132,658,0.0,0.0,-19,-0.4936,
0,133,658,0.0,0.0,-22,-0.5203,
0,134,656,0.0,0.0,-25,-0.5456,
0,135,651,0.0,0.0,-27,-0.5609,
1,131,189,0.0,-67.2,-2,-0.2398,
1,132,122,0.0,-82.4,-2,-0.2398,
1,133,55,0.0,-97.6,-2,-0.2398,
1,134,-1449,0.0,-100.0,-2,-0.2513,
1,131,325,0.0,-96.8,-15,-0.4478,
1,132,-1190,0.0,-100.0,-15,-0.4478,
0,131,1547,0.0,0.0,-3,-0.4506,
0,132,1547,0.0,0.0,-3,-0.4506,
0,133,1399,0.0,0.0,-3,-0.4506,
0,134,1399,0.0,0.0,-3,-0.4506,
0,135,1399,0.0,0.0,-3,-0.4506,
1,131,285,0.0,-67.2,0,-0.2762,
1,132,209,0.0,-82.4,0,-0.2762,
1,133,133,0.0,-97.6,0,-0.2762,
1,134,-1379,0.0,-100.0,0,-0.2762,
1,131,913,0.0,-21.6,-16,-0.5501,
1,132,863,0.0,-36.8,-16,-0.5501,
1,133,909,0.0,-52.0,-16,-0.5501,
1,134,849,0.0,-67.2,-16,-0.5501,
1,135,789,0.0,-82.4,-16,-0.5501,
0,131,1930,0.0,0.0,-1,-0.3759,
0,132,1944,0.0,0.0,-1,-0.3759,
0,133,1958,0.0,0.0,-1,-0.3759,
0,134,1972,0.0,0.0,-1,-0.3759,
0,135,1972,0.0,0.0,-1,-0.3759,
0,131,1399,0.0,0.0,-6,-0.2471,
0,132,1399,0.0,0.0,-6,-0.2471,
0,133,1399,0.0,0.0,-6,-0.2471,
0,134,1399,0.0,0.0,-6,-0.2471,
0,135,1399,0.0,0.0,-6,-0.2471,
1,131,723,0.0,-6.4,-11,-0.3133,
1,132,667,0.0,-21.6,-11,-0.3133,
1,133,611,0.0,-36.8,-11,-0.3133,
1,134,553,0.0,-52.0,-10,-0.3152,
1,135,478,0.0,-67.2,-9,-0.3181,
0,131,1208,0.0,0.0,-16,-0.5753,
0,132,1208,0.0,0.0,-16,-0.5753,
0,133,1208,0.0,0.0,-17,-0.6385,
0,134,1204,0.0,0.0,-23,-0.6869,
0,135,1200,0.0,0.0,-24,-0.7011,
0,131,1994,0.0,0.0,-12,-0.6451,
0,132,1992,0.0,0.0,-13,-0.6941,
0,133,1988,0.0,0.0,-20,-0.7471,
0,134,1988,0.0,0.0,-20,-0.7471,
0,135,1988,0.0,0.0,-20,-0.7471,
1,131,346,0.0,-44.0,-30,-0.5864,
1,132,254,0.0,-61.6,-30,-0.5885,
1,133,166,0.0,-79.2,-30,-0.5885,
1,134,86,0.0,-96.8,-30,-0.5935,
1,135,-1421,0.0,-100.0,-30,-0.599,
1,131,-1346,0.0,-100.0,-19,-0.5827,
0,131,1379,0.0,0.0,-23,-0.6011,
0,132,1379,0.0,0.0,-23,-0.6011,
0,133,1379,0.0,0.0,-23,-0.6011,
0,134,1379,0.0,0.0,-23,-0.6011,
0,135,1379,0.0,0.0,-23,-0.6011,
1,131,96,0.0,-40.8,-35,-0.6166,
1,132,112,0.0,-58.4,-35,-0.6166,
1,133,24,0.0,-76.0,-35,-0.6166,
1,134,-56,0.0,-93.6,-35,-0.6166,
1,135,-1580,0.0,-100.0,-35,-0.6166,
1,131,16,0.0,-67.2,-12,-0.2544,
1,132,-64,0.0,-82.4,-12,-0.2544,
1,133,-130,0.0,-97.6,-12,-0.2544,
1,134,-1632,0.0,-100.0,-12,-0.2574,
0,131,2037,0.0,0.0,-11,-0.5516,
0,132,2028,0.0,0.0,-11,-0.5516,
0,133,1929,0.0,0.0,-11,-0.5516,
0,134,1936,0.0,0.0,-11,-0.5516,
0,135,1943,0.0,0.0,-11,-0.5516,
1,131,182,0.0,-36.0,-6,-0.2343,
1,132,190,0.0,-36.0,-10,-0.2823,
1,133,190,0.0,-36.0,-13,-0.31,
1,134,105,0.0,-53.6,-14,-0.3213,
1,135,25,0.0,-71.2,-14,-0.3213,
1,131,1067,0.0,0.0,-9,-0.2257,
1,132,1016,0.0,0.0,-10,-0.2362,
1,133,966,0.0,0.0,-11,-0.2489,
1,134,916,0.0,-3.6,-13,-0.2602,
1,135,850,0.0,-18.4,-13,-0.2602,
1,131,878,0.0,-6.4,-16,-0.4038,
1,132,802,0.0,-21.6,-16,-0.4038,
1,133,726,0.0,-36.8,-16,-0.4038,
1,134,657,0.0,-52.0,-16,-0.4038,
1,135,596,0.0,-67.2,-16,-0.4038,
0,131,555,0.0,0.0,-12,-0.4504,
0,132,1060,0.0,0.0,-12,-0.4504,
0,133,1065,0.0,0.0,-12,-0.4504,
0,134,1070,0.0,0.0,-12,-0.4504,
0,135,1075,0.0,0.0,-12,-0.4504,
1,131,1264,50.4,-82.4,24,0.106,
1,132,1320,53.6,-82.4,24,0.062,
1,133,1344,56.8,-82.4,22,0.018,
1,134,1366,60.0,-82.4,19,-0.0106,
1,135,1385,63.2,-82.4,16,-0.0339,
1,131,191,0.0,-6.4,-35,-0.588,
1,132,133,0.0,-21.6,-36,-0.5985,
1,133,76,0.0,-36.8,-37,-0.6096,
1,134,20,0.0,-52.0,-37,-0.6096,
1,135,-36,0.0,-67.2,-37,-0.6096,
0,131,1504,0.0,0.0,-14,-0.8038,
0,132,1504,0.0,0.0,-14,-0.8038,
0,133,1504,0.0,0.0,-14,-0.8073,
0,134,1504,0.0,0.0,-14,-0.8422,
0,135,1503,0.0,0.0,-17,-0.9043,
1,131,865,0.0,-21.6,-14,-0.3286,
1,132,866,0.0,-21.6,-17,-0.356,
1,133,794,0.0,-36.8,-19,-0.3664,
1,134,726,0.0,-52.0,-19,-0.3664,
1,135,658,0.0,-67.2,-19,-0.3664,
1,131,-1292,0.0,-100.0,8,0.0599,
0,131,1196,0.0,0.0,-11,-0.4761,
0,132,1196,0.0,0.0,-11,-0.4761,
0,133,1196,0.0,0.0,-11,-0.4761,
0,134,1196,0.0,0.0,-11,-0.4761,
0,135,1688,0.0,0.0,-11,-0.4761,
1,131,827,36.0,-96.8,7,-0.1096,
1,132,-654,43.0,-100.0,7,-0.1096,
1,131,451,0.0,-46.4,-9,-0.4815,
1,132,357,0.0,-61.6,-11,-0.4825,
1,133,263,0.0,-76.8,-11,-0.4825,
1,134,159,0.0,-76.8,-11,-0.4825,
1,135,159,0.0,-76.8,-11,-0.5265,
0,131,1296,0.0,0.0,-1,-0.2882,
0,132,1400,0.0,0.0,-1,-0.2882,
0,133,1400,0.0,0.0,-1,-0.2882,
0,134,1400,0.0,0.0,-1,-0.2882,
0,135,1916,0.0,0.0,-1,-0.2882,
1,131,223,0.0,-97.6,5,-0.0462,
1,132,-1289,0.0,-100.0,5,-0.0462,
1,131,-1104,0.0,-100.0,-21,-0.5344,
0,131,1303,0.0,0.0,-32,-0.7807,
0,132,1303,0.0,0.0,-32,-0.7807,
0,133,1209,0.0,0.0,-32,-0.7807,
0,134,1221,0.0,0.0,-32,-0.7807,
0,135,1225,0.0,0.0,-32,-0.7807,
0,131,2175,0.0,0.0,1,-0.4461,
0,132,2183,0.0,0.0,1,-0.4461,
0,133,2191,0.0,0.0,1,-0.4781,
0,134,2198,0.0,0.0,-3,-0.5361,
0,135,2099,0.0,0.0,-7,-0.5751,
1,131,-1989,0.0,-100.0,-19,-0.6097,
0,131,1787,0.0,0.0,-14,-0.7621,
0,132,1787,0.0,0.0,-14,-0.7621,
0,133,1787,0.0,0.0,-16,-0.7632,
0,134,1782,0.0,0.0,-17,-0.7791,
0,135,1781,0.0,0.0,-17,-0.78,
0,131,1557,0.0,0.0,4,-0.231,
0,132,1557,0.0,0.0,4,-0.231,
0,133,1557,0.0,0.0,4,-0.2344,
0,134,1557,0.0,0.0,4,-0.2695,
0,135,1557,0.0,0.0,4,-0.3324,
1,131,525,16.8,-81.6,1,-0.5372,
1,132,471,18.4,-96.8,1,-0.5372,
1,133,-1023,20.0,-100.0,1,-0.5372,
1,131,837,0.0,-36.8,-20,-0.667,
1,132,837,0.0,-36.8,-20,-0.667,
1,133,836,0.0,-36.8,-23,-0.7077,
1,134,836,0.0,-36.8,-27,-0.7363,
1,135,764,0.0,-52.0,-27,-0.7424,
1,131,200,0.0,-82.4,-13,-0.3827,
1,132,132,0.0,-97.6,-13,-0.3941,
1,133,-1272,0.0,-100.0,-13,-0.3941,
1,131,290,0.0,-67.2,-13,-0.3629,
1,132,246,0.0,-82.4,-12,-0.3579,
1,133,203,0.0,-97.6,-11,-0.3546,
1,134,-1177,0.0,-100.0,-11,-0.3502,
1,131,-914,0.0,-100.0,-5,-0.3588,
0,131,1390,0.0,0.0,-14,-0.5121,
0,132,1390,0.0,0.0,-18,-0.5752,
0,133,1384,0.0,0.0,-22,-0.6162,
0,134,1382,0.0,0.0,-22,-0.6174,
0,135,1382,0.0,0.0,-22,-0.6174,
0,131,1285,0.0,0.0,-2,-0.2586,
0,132,1293,0.0,0.0,-2,-0.2586,
0,133,1301,0.0,0.0,-2,-0.2586,
0,134,1309,0.0,0.0,-2,-0.2586,
0,135,1309,0.0,0.0,-2,-0.2586,
1,131,560,0.0,-66.4,-7,-0.6341,
1,132,579,0.0,-66.4,-8,-0.6725,
1,133,598,0.0,-66.4,-15,-0.7132,
1,134,610,0.0,-66.4,-18,-0.7424,
1,135,620,0.0,-66.4,-19,-0.7559,
1,131,-478,0.0,-82.4,-27,-0.8769,
1,132,-540,0.0,-97.6,-27,-0.8769,
1,133,-2038,0.0,-100.0,-27,-0.8769,
1,131,-855,31.6,-100.0,-17,-0.4905,
0,131,1524,0.0,0.0,1,-0.2129,
0,132,1916,0.0,0.0,1,-0.2129,
0,133,1924,0.0,0.0,1,-0.2129,
0,134,1932,0.0,0.0,1,-0.2129,
0,135,1940,0.0,0.0,1,-0.2129,
1,131,914,34.4,-82.4,8,-0.0428,
1,132,838,34.4,-97.6,8,-0.0428,
1,133,-674,34.4,-100.0,8,-0.0428,
0,131,1758,0.0,0.0,-15,-0.5561,
0,132,1758,0.0,0.0,-15,-0.619,
0,133,1757,0.0,0.0,-17,-0.6752,
0,134,1761,0.0,0.0,-23,-0.703,
0,135,1770,0.0,0.0,-23,-0.703,
1,131,610,0.0,-96.8,11,0.1593,
1,132,-890,0.0,-100.0,11,0.1593,
0,131,1901,0.0,0.0,-15,-0.5334,
0,132,1895,0.0,0.0,-17,-0.5572,
0,133,1894,0.0,0.0,-17,-0.5576,
0,134,1894,0.0,0.0,-17,-0.5576,
0,135,1894,0.0,0.0,-17,-0.5576,
0,131,2034,0.0,0.0,-17,-0.4137,
0,132,2034,0.0,0.0,-17,-0.4137,
0,133,2034,0.0,0.0,-17,-0.4137,
0,134,2034,0.0,0.0,-17,-0.4137,
0,135,2034,0.0,0.0,-17,-0.4137,
1,131,20,0.0,-52.0,-21,-0.6803,
1,132,-36,0.0,-67.2,-21,-0.6803,
1,133,-92,0.0,-82.4,-21,-0.6803,
1,134,-160,0.0,-97.6,-21,-0.6867,
1,135,-1664,0.0,-100.0,-25,-0.6934,
0,131,1400,0.0,0.0,-1,-0.3365,
0,132,1400,0.0,0.0,-1,-0.3365,
0,133,1400,0.0,0.0,-1,-0.3365,
0,134,1400,0.0,0.0,-1,-0.3365,
0,135,1400,0.0,0.0,-1,-0.3365,
1,131,426,0.0,-6.4,13,0.0812,
1,132,454,0.0,-6.4,14,0.031,
1,133,466,0.0,-6.4,14,-0.013,
1,134,478,0.0,-6.4,12,-0.0635,
1,135,489,0.0,-6.4,8,-0.1082,
1,131,3,0.0,-96.8,-29,-0.563,
1,132,12,0.0,-96.8,-34,-0.6026,
1,133,-1496,0.0,-100.0,-35,-0.6123,
0,131,636,0.0,0.0,-37,-0.8927,
0,132,636,0.0,0.0,-37,-0.8927,
0,133,636,0.0,0.0,-37,-0.8927,
0,134,636,0.0,0.0,-37,-0.8927,
0,135,636,0.0,0.0,-37,-0.8927,
0,131,2223,0.0,0.0,-7,-0.5158,
0,132,2347,0.0,0.0,-7,-0.5158,
0,133,2363,0.0,0.0,-7,-0.506,
0,134,2379,0.0,0.0,-7,-0.5247,
0,135,2395,0.0,0.0,-7,-0.562,
1,131,108,0.0,-96.8,-4,-0.5567,
1,132,-1408,0.0,-100.0,-4,-0.5632,
1,131,1240,42.4,0.0,-26,-0.5594,
1,132,1161,44.0,0.0,-26,-0.5594,
1,133,1082,45.6,0.0,-26,-0.5663,
1,134,1003,47.2,-14.2,-26,-0.5733,
1,135,924,48.8,-31.8,-26,-0.5802,
1,131,951,0.0,0.0,-5,-0.3997,
1,132,950,0.0,0.0,-8,-0.4229,
1,133,947,0.0,0.0,-10,-0.4557,
1,134,945,0.0,0.0,-18,-0.4855,
1,135,939,0.0,0.0,-21,-0.5045,
1,131,-417,0.0,-76.0,-26,-0.6205,
1,132,-505,0.0,-93.6,-26,-0.6205,
1,133,-2037,0.0,-100.0,-26,-0.6205,
0,131,1400,0.0,0.0,-3,-0.388,
0,132,1400,0.0,0.0,-3,-0.388,
0,133,1400,0.0,0.0,-3,-0.388,
0,134,1400,0.0,0.0,-3,-0.388,
0,135,1400,0.0,0.0,-3,-0.388,
1,131,825,0.0,-96.8,25,0.1466,
1,132,831,0.0,-96.8,20,0.1169,
1,133,834,0.0,-96.8,20,0.1099,
1,134,-667,0.0,-100.0,20,0.1096,
1,131,671,0.0,0.0,-45,-1.0729,
1,132,595,0.0,0.0,-45,-1.0729,
1,133,519,0.0,-6.4,-45,-1.0729,
1,134,451,0.0,-21.6,-45,-1.0729,
1,135,383,0.0,-36.8,-45,-1.0729,
1,131,-140,0.0,-51.2,-27,-0.5887,
1,132,-217,0.0,-66.4,-28,-0.5958,
1,133,-298,0.0,-81.6,-28,-0.5988,
1,134,-376,0.0,-96.8,-28,-0.6012,
1,135,-1892,0.0,-100.0,-28,-0.6012,
1,131,1063,34.4,-21.6,-16,-0.646,
1,132,1006,34.4,-36.8,-18,-0.6525,
1,133,947,34.4,-52.0,-18,-0.6576,
1,134,963,34.4,-52.0,-18,-0.6582,
1,135,969,34.4,-52.0,-20,-0.6845,
1,131,656,0.0,-52.0,-6,-0.4347,
1,132,656,0.0,-52.0,-10,-0.4859,
1,133,669,0.0,-52.0,-14,-0.5305,
1,134,682,0.0,-52.0,-18,-0.5682,
1,135,693,0.0,-52.0,-21,-0.5875,
0,131,1387,0.0,0.0,-18,-0.3977,
0,132,1895,0.0,0.0,-18,-0.3977,
0,133,1903,0.0,0.0,-18,-0.3977,
0,134,1911,0.0,0.0,-18,-0.3977,
0,135,1919,0.0,0.0,-18,-0.3977,
0,131,1365,0.0,0.0,-5,-0.4033,
0,132,1485,0.0,0.0,-5,-0.4033,
0,133,1389,0.0,0.0,-5,-0.4033,
0,134,1385,0.0,0.0,-5,-0.4033,
0,135,1397,0.0,0.0,-5,-0.4033,
1,131,453,0.0,-20.8,-41,-1.0781,
1,132,391,0.0,-36.0,-41,-1.0781,
1,133,327,0.0,-51.2,-41,-1.0781,
1,134,261,0.0,-66.4,-41,-1.0781,
1,135,195,0.0,-81.6,-41,-1.0781,
1,131,-128,0.0,-36.0,-35,-0.8739,
1,132,-204,0.0,-51.2,-35,-0.8739,
1,133,-280,0.0,-66.4,-35,-0.8739,
1,134,-356,0.0,-81.6,-35,-0.8739,
1,135,-432,0.0,-96.8,-35,-0.8739,
1,131,1005,37.6,-36.0,5,-0.1851,
1,132,943,38.8,-51.2,5,-0.1851,
1,133,897,40.0,-66.4,5,-0.1851,
1,134,851,41.2,-81.6,5,-0.1851,
1,135,981,42.4,-81.6,5,-0.1851,
0,131,1417,0.0,0.0,10,-0.3946,
0,132,1417,0.0,0.0,10,-0.3946,
0,133,1369,0.0,0.0,10,-0.3946,
0,134,1237,0.0,0.0,10,-0.3946,
0,135,1237,0.0,0.0,10,-0.3946,
1,131,-251,0.0,-66.4,-33,-0.8593,
1,132,-321,0.0,-81.6,-33,-0.8635,
1,133,-397,0.0,-96.8,-33,-0.8635,
1,134,-1885,0.0,-100.0,-33,-0.8635,
0,131,1796,0.0,0.0,-4,-0.4817,
0,132,1796,0.0,0.0,-4,-0.4817,
0,133,1648,0.0,0.0,-4,-0.4817,
0,134,1548,0.0,0.0,-4,-0.4817,
0,135,1396,0.0,0.0,-4,-0.4817,
0,131,1800,0.0,0.0,-9,-0.4127,
0,132,1908,0.0,0.0,-9,-0.4127,
0,133,1908,0.0,0.0,-9,-0.4127,
0,134,1908,0.0,0.0,-9,-0.4127,
0,135,1916,0.0,0.0,-9,-0.4127,
1,131,713,11.0,0.0,-37,-0.8761,
1,132,672,14.2,0.0,-37,-0.8761,
1,133,631,17.4,-6.4,-37,-0.8761,
1,134,580,20.6,-21.6,-37,-0.8761,
1,135,523,23.8,-36.8,-37,-0.8761,
0,131,1396,0.0,0.0,-4,-0.522,
0,132,1396,0.0,0.0,-4,-0.522,
0,133,1396,0.0,0.0,-4,-0.522,
0,134,1396,0.0,0.0,-4,-0.522,
0,135,1904,0.0,0.0,-4,-0.522,
1,131,-1252,0.0,-100.0,-18,-0.4609,
