1,126,-584,0.0,0.0,22,0.6377,
1,127,-584,0.0,0.0,22,0.6377,
1,128,-584,0.0,0.0,22,0.6377,
1,129,-686,0.0,0.0,22,0.6377,
1,130,-698,0.0,0.0,22,0.6377,
1,126,-1473,0.0,0.0,35,0.879,
1,127,-1457,0.0,0.0,35,0.879,
1,128,-965,0.0,0.0,35,0.879,
1,129,-1003,0.0,0.0,35,0.879,
1,130,-1041,0.0,0.0,35,0.879,
1,126,-756,0.0,0.0,8,0.2779,
1,127,-881,0.0,0.0,8,0.3009,
1,128,-890,0.0,0.0,8,0.3009,
1,129,-898,0.0,0.0,8,0.3009,
1,130,-898,0.0,0.0,8,0.3009,
1,126,-293,0.0,0.0,8,0.3221,
1,127,-316,0.0,0.0,10,0.3226,
1,128,-340,0.0,0.0,11,0.3189,
1,129,-363,0.0,0.0,12,0.315,
1,130,-345,0.0,0.0,13,0.3174,
1,126,-602,0.0,0.0,20,0.6986,
1,127,-602,0.0,0.0,20,0.6959,
1,128,-602,0.0,0.0,20,0.6932,
1,129,-602,0.0,0.0,20,0.6906,
1,130,-602,0.0,0.0,20,0.6879,
1,126,-1132,0.0,0.0,16,0.6483,
1,127,-1132,0.0,0.0,16,0.6483,
1,128,-1132,0.0,0.0,16,0.6483,
1,129,-1248,0.0,0.0,16,0.6588,
1,130,-1244,0.0,0.0,16,0.6611,
0,126,-543,0.0,0.0,18,0.362,
0,127,-536,0.0,0.0,17,0.3648,
0,128,-519,0.0,0.0,18,0.3722,
0,129,-501,0.0,0.0,19,0.3805,
0,130,-459,0.0,0.0,20,0.3878,
1,126,-1081,0.0,-8.4,-8,0.2073,
1,127,-1187,0.0,-13.2,-8,0.2107,
1,128,-1193,0.0,-18.0,-8,0.2107,
1,129,-1219,0.0,-22.8,-8,0.2107,
1,130,-1225,0.0,-26.0,-8,0.2054,
1,126,-91,0.0,0.0,17,0.7037,
1,127,-90,0.0,0.0,17,0.732,
1,128,-90,0.0,0.0,22,0.7547,
1,129,-206,0.0,0.0,22,0.7566,
1,130,-214,0.0,0.0,22,0.7566,
1,126,-723,0.0,0.0,30,0.7378,
1,127,-737,0.0,0.0,31,0.747,
1,128,-751,0.0,0.0,32,0.7522,
1,129,-757,0.0,0.0,32,0.7551,
1,130,-765,0.0,0.0,32,0.7551,
1,126,-740,0.0,0.0,10,0.63,
1,127,-740,0.0,0.0,14,0.646,
1,128,-723,0.0,0.0,18,0.65,
1,129,-722,0.0,0.0,19,0.64,
1,130,-720,0.0,0.0,20,0.6317,
1,126,-902,0.0,0.0,33,0.881,
1,127,-902,0.0,0.0,33,0.881,
1,128,-908,0.0,0.0,33,0.881,
1,129,-908,0.0,0.0,33,0.881,
1,130,-908,0.0,0.0,33,0.881,
1,126,-1008,0.0,0.0,29,0.7627,
1,127,-1008,0.0,0.0,29,0.7627,
1,128,-1008,0.0,0.0,29,0.7627,
1,129,-1008,0.0,0.0,29,0.7627,
1,130,-1020,0.0,0.0,29,0.7627,
0,126,269,0.0,0.0,14,0.276,
0,127,285,0.0,0.0,14,0.276,
0,128,300,0.0,0.0,14,0.276,
0,129,323,0.0,0.0,14,0.276,
0,130,346,0.0,0.0,14,0.276,
1,126,-306,0.0,0.0,46,0.8049,
1,127,-306,0.0,0.0,46,0.8049,
1,128,-306,0.0,0.0,46,0.8049,
1,129,-306,0.0,0.0,46,0.8049,
1,130,-306,0.0,0.0,46,0.8049,
1,126,-213,0.0,0.0,21,0.725,
1,127,-229,0.0,0.0,21,0.725,
1,128,-245,0.0,0.0,21,0.725,
1,129,-261,0.0,0.0,21,0.725,
1,130,-277,0.0,0.0,21,0.725,
0,126,196,0.0,0.0,11,0.3099,
0,127,209,0.0,0.0,11,0.3099,
0,128,85,0.0,0.0,11,0.3099,
0,129,61,0.0,0.0,10,0.3117,
0,130,43,0.0,0.0,10,0.3134,
1,126,-851,0.0,0.0,3,0.708,
1,127,-974,0.0,0.0,3,0.708,
1,128,-997,0.0,0.0,3,0.708,
1,129,-1020,0.0,0.0,3,0.708,
1,130,-1132,0.0,0.0,3,0.708,
1,126,-714,0.0,0.0,0,0.1714,
1,127,-694,0.0,0.0,2,0.1737,
1,128,-691,0.0,0.0,2,0.1698,
1,129,-1189,0.0,0.0,2,0.1708,
1,130,-1210,0.0,0.0,3,0.1744,
1,126,-145,0.0,0.0,17,0.3944,
1,127,-179,0.0,0.0,19,0.3977,
1,128,-213,0.0,0.0,19,0.401,
1,129,-237,0.0,0.0,19,0.4027,
1,130,-243,0.0,0.0,19,0.4027,
0,126,0,0.0,0.0,24,0.6096,
0,127,32,0.0,0.0,24,0.6096,
0,128,40,0.0,0.0,24,0.6096,
0,129,149,0.0,0.0,24,0.6207,
0,130,133,0.0,0.0,24,0.6207,
0,126,711,0.0,0.0,-6,-0.3204,
0,127,713,0.0,0.0,-6,-0.3204,
0,128,715,0.0,0.0,-6,-0.3204,
0,129,717,0.0,0.0,-6,-0.3204,
0,130,719,0.0,0.0,-6,-0.3204,
0,126,-69,0.0,0.0,-21,-0.5055,
0,127,-43,0.0,0.0,-19,-0.485,
0,128,-27,0.0,0.0,-15,-0.4655,
0,129,-10,0.0,0.0,-14,-0.4512,
0,130,-9,0.0,0.0,-15,-0.4434,
1,126,532,0.0,0.0,-13,-0.4411,
1,127,614,0.0,0.0,-13,-0.4411,
1,128,612,0.0,0.0,-13,-0.4411,
1,129,594,0.0,0.0,-13,-0.4411,
1,130,582,0.0,0.0,-13,-0.4411,
1,126,235,0.0,0.0,-33,-0.5986,
1,127,211,0.0,0.0,-34,-0.6086,
1,128,186,0.0,0.0,-34,-0.6086,
1,129,170,0.0,0.0,-35,-0.6137,
1,130,155,0.0,0.0,-37,-0.619,
0,126,792,0.0,0.0,11,0.0908,
0,127,745,0.0,0.0,11,0.0908,
0,128,706,0.0,0.0,11,0.0908,
0,129,683,0.0,0.0,11,0.0908,
0,130,660,0.0,0.0,11,0.0908,
0,126,152,0.0,0.0,-9,-0.2799,
0,127,169,0.0,0.0,-8,-0.2692,
0,128,186,0.0,0.0,-7,-0.2605,
0,129,204,0.0,0.0,-6,-0.2532,
0,130,214,0.0,0.0,-6,-0.2425,
0,126,836,0.0,0.0,-11,-0.6139,
0,127,852,0.0,0.0,-11,-0.6139,
0,128,868,0.0,0.0,-11,-0.6139,
0,129,992,0.0,0.0,-11,-0.6139,
0,130,1108,0.0,0.0,-11,-0.6139,
0,126,1374,0.0,0.0,-19,-0.4389,
0,127,1374,0.0,0.0,-19,-0.4389,
0,128,1374,0.0,0.0,-19,-0.4389,
0,129,1377,0.0,0.0,-19,-0.4389,
0,130,1377,0.0,0.0,-19,-0.4389,
0,126,1098,0.0,0.0,-12,-0.5191,
0,127,1097,0.0,0.0,-13,-0.5295,
0,128,1097,0.0,0.0,-13,-0.5295,
0,129,1113,0.0,0.0,-13,-0.5295,
0,130,1129,0.0,0.0,-13,-0.5295,
0,126,1396,0.0,0.0,-14,-0.4835,
0,127,1396,0.0,0.0,-14,-0.4835,
0,128,1908,0.0,0.0,-14,-0.4835,
0,129,1920,0.0,0.0,-14,-0.4835,
0,130,1932,0.0,0.0,-14,-0.4801,
0,126,1223,0.0,0.0,-41,-1.0194,
0,127,1221,0.0,0.0,-42,-1.0282,
0,128,1218,0.0,0.0,-43,-1.035,
0,129,696,0.0,0.0,-43,-1.0394,
0,130,704,0.0,0.0,-43,-1.0394,
0,126,1291,0.0,0.0,-52,-1.0512,
0,127,1281,0.0,0.0,-52,-1.0512,
0,128,1271,0.0,0.0,-52,-1.0512,
0,129,1275,0.0,0.0,-52,-1.0512,
0,130,1279,0.0,0.0,-52,-1.0512,
0,126,958,0.0,0.0,-29,-0.588,
0,127,982,0.0,0.0,-29,-0.588,
0,128,990,0.0,0.0,-29,-0.588,
0,129,998,0.0,0.0,-29,-0.588,
0,130,998,0.0,0.0,-29,-0.588,
1,126,163,0.0,0.0,-31,-0.5496,
1,127,146,0.0,0.0,-31,-0.5496,
1,128,141,0.0,0.0,-31,-0.5496,
1,129,142,0.0,0.0,-31,-0.5496,
1,130,136,0.0,0.0,-31,-0.5496,
0,126,1108,0.0,0.0,-23,-0.562,
0,127,1118,0.0,0.0,-24,-0.5738,
0,128,1134,0.0,0.0,-24,-0.5738,
0,129,1150,0.0,0.0,-24,-0.5738,
0,130,1166,0.0,0.0,-24,-0.5738,
0,126,773,0.0,0.0,-27,-0.2955,
0,127,768,0.0,0.0,-29,-0.3061,
0,128,764,0.0,0.0,-30,-0.3098,
0,129,650,0.0,0.0,-30,-0.3135,
0,130,636,0.0,0.0,-30,-0.3135,
0,126,1029,0.0,0.0,-6,-0.1419,
0,127,913,0.0,0.0,-6,-0.1437,
0,128,392,0.0,0.0,-5,-0.1454,
0,129,371,0.0,0.0,-5,-0.1565,
0,130,350,0.0,0.0,-5,-0.1675,
0,126,855,0.0,0.0,-26,-0.4441,
0,127,855,0.0,0.0,-26,-0.4503,
0,128,732,0.0,0.0,-27,-0.4524,
0,129,708,0.0,0.0,-27,-0.4524,
0,130,684,0.0,0.0,-27,-0.4524,
0,126,845,0.0,0.0,-31,-0.8387,
0,127,853,0.0,0.0,-31,-0.8387,
0,128,861,0.0,0.0,-31,-0.8387,
0,129,869,0.0,0.0,-31,-0.8387,
0,130,877,0.0,0.0,-31,-0.8387,
0,126,1203,0.0,0.0,-8,-0.5263,
0,127,1212,0.0,0.0,-9,-0.5343,
0,128,1224,0.0,0.0,-9,-0.5343,
0,129,1236,0.0,0.0,-9,-0.5343,
0,130,1240,0.0,0.0,-9,-0.5343,
1,126,34,0.0,0.0,-23,-0.4572,
1,127,-4,0.0,0.0,-24,-0.4652,
1,128,-40,0.0,0.0,-24,-0.4652,
1,129,-76,0.0,0.0,-24,-0.4652,
1,130,-112,0.0,0.0,-24,-0.4652,
0,126,873,0.0,0.0,-23,-0.6255,
0,127,873,0.0,0.0,-26,-0.6304,
0,128,872,0.0,0.0,-28,-0.634,
0,129,869,0.0,0.0,-28,-0.6368,
0,130,881,0.0,0.0,-29,-0.6395,
1,126,793,0.0,0.0,-26,-0.5628,
1,127,872,0.0,0.0,-22,-0.5508,
1,128,846,0.0,0.0,-22,-0.5508,
1,129,912,0.0,0.0,-22,-0.5508,
1,130,864,0.0,0.0,-22,-0.5508,
0,126,438,0.0,0.0,-14,-0.3758,
0,127,397,0.0,0.0,-14,-0.3758,
0,128,356,0.0,0.0,-14,-0.3758,
0,129,339,0.0,0.0,-14,-0.3758,
0,130,338,0.0,0.0,-14,-0.3758,
0,126,748,0.0,0.0,-16,-0.5837,
0,127,732,0.0,0.0,-16,-0.5837,
0,128,715,0.0,0.0,-16,-0.5843,
0,129,699,0.0,0.0,-16,-0.5763,
0,130,659,0.0,0.0,-16,-0.5683,
0,126,803,0.0,0.0,2,0.1083,
0,127,792,0.0,0.0,2,0.0976,
0,128,757,0.0,0.0,2,0.095,
0,129,722,0.0,0.0,2,0.095,
0,130,687,0.0,0.0,2,0.095,
0,126,1327,0.0,0.0,-29,-0.7909,
0,127,1343,0.0,0.0,-29,-0.7909,
0,128,1359,0.0,0.0,-29,-0.7909,
0,129,1375,0.0,0.0,-29,-0.7909,
0,130,1409,0.0,0.0,-29,-0.7909,
0,126,1743,0.0,0.0,-11,-0.4362,
0,127,1855,0.0,0.0,-11,-0.4362,
0,128,1855,0.0,0.0,-11,-0.4464,
0,129,1831,0.0,0.0,-14,-0.457,
0,130,1915,0.0,0.0,-14,-0.457,
0,126,540,0.0,0.0,-24,-0.7401,
0,127,556,0.0,0.0,-24,-0.7401,
0,128,688,0.0,0.0,-24,-0.7401,
0,129,704,0.0,0.0,-24,-0.7401,
0,130,720,0.0,0.0,-24,-0.7401,
0,126,463,0.0,0.0,-11,-0.3848,
0,127,575,0.0,0.0,-11,-0.3848,
0,128,587,0.0,0.0,-11,-0.3848,
0,129,599,0.0,0.0,-11,-0.3848,
0,130,611,0.0,0.0,-11,-0.3848,
1,126,835,16.8,-51.2,2,0.0013,
1,127,759,16.8,-66.4,2,0.0013,
1,128,683,16.8,-81.6,2,0.0013,
1,129,715,16.8,-96.8,2,0.0013,
1,130,-793,16.8,-100.0,2,0.0013,
1,126,672,0.0,0.0,-2,-0.341,
1,127,678,0.0,0.0,-4,-0.3585,
1,128,606,0.0,-5.6,-7,-0.3759,
1,129,554,0.0,-20.8,-7,-0.3759,
1,130,500,0.0,-36.0,-6,-0.379,
1,126,403,0.0,-51.2,7,0.0407,
1,127,435,0.0,-66.4,7,0.0407,
1,128,375,0.0,-81.6,7,0.0407,
1,129,323,0.0,-96.8,7,0.0407,
1,130,-1153,0.0,-100.0,7,0.0407,
0,126,1469,0.0,0.0,-8,-0.3807,
0,127,1469,0.0,0.0,-8,-0.3807,
0,128,1477,0.0,0.0,-8,-0.3807,
0,129,1485,0.0,0.0,-8,-0.3807,
0,130,1505,0.0,0.0,-8,-0.3807,
1,126,938,0.0,0.0,-18,-0.46,
1,127,959,0.0,0.0,-20,-0.483,
1,128,991,0.0,0.0,-22,-0.4962,
1,129,923,0.0,0.0,-22,-0.4962,
1,130,855,0.0,0.0,-22,-0.4962,
1,126,376,0.0,-51.2,-2,-0.2151,
1,127,308,0.0,-66.4,-3,-0.2264,
1,128,248,0.0,-81.6,-3,-0.2264,
1,129,196,0.0,-96.8,-3,-0.2378,
1,130,-1296,0.0,-100.0,-3,-0.2491,
1,126,-94,0.0,0.0,-12,-0.4917,
1,127,-141,0.0,0.0,-12,-0.4917,
1,128,-188,0.0,0.0,-12,-0.4917,
1,129,-333,0.0,0.0,-12,-0.4917,
1,130,-330,0.0,0.0,-12,-0.4917,
1,126,1148,0.0,0.0,-9,-0.3573,
1,127,1154,0.0,0.0,-12,-0.387,
1,128,583,0.0,0.0,-12,-0.3979,
1,129,515,0.0,0.0,-12,-0.409,
1,130,445,0.0,0.0,-12,-0.4137,
1,126,676,0.0,-51.2,-7,-0.3798,
1,127,600,0.0,-66.4,-7,-0.3798,
1,128,524,0.0,-81.6,-7,-0.3798,
1,129,448,0.0,-96.8,-7,-0.3914,
1,130,-1068,0.0,-100.0,-7,-0.4026,
0,126,1219,0.0,0.0,-9,-0.5633,
0,127,1219,0.0,0.0,-9,-0.5633,
0,128,1231,0.0,0.0,-9,-0.5633,
0,129,1243,0.0,0.0,-9,-0.5633,
0,130,1255,0.0,0.0,-9,-0.5633,
1,126,699,0.0,0.0,-23,-0.6993,
1,127,626,0.0,-5.6,-24,-0.7015,
1,128,558,0.0,-20.8,-26,-0.7113,
1,129,489,0.0,-36.0,-26,-0.7207,
1,130,421,0.0,-51.2,-29,-0.7327,
1,126,1063,0.0,0.0,-10,-0.2588,
1,127,987,0.0,-6.4,-10,-0.2588,
1,128,919,0.0,-21.6,-10,-0.2702,
1,129,843,0.0,-36.8,-10,-0.2721,
1,130,767,0.0,-52.0,-10,-0.2679,
0,126,1404,0.0,0.0,-8,-0.6548,
0,127,1404,0.0,0.0,-8,-0.6548,
0,128,1404,0.0,0.0,-8,-0.6548,
0,129,1404,0.0,0.0,-8,-0.6548,
0,130,1404,0.0,0.0,-10,-0.718,
1,126,472,0.0,-5.6,-8,-0.2224,
1,127,503,0.0,-5.6,-13,-0.2658,
1,128,447,0.0,-20.8,-14,-0.2818,
1,129,397,0.0,-36.0,-14,-0.2818,
1,130,339,0.0,-51.2,-14,-0.2818,
0,126,1382,0.0,0.0,-9,-0.4623,
0,127,1382,0.0,0.0,-9,-0.4623,
0,128,1382,0.0,0.0,-9,-0.4623,
0,129,1382,0.0,0.0,-9,-0.4623,
0,130,1382,0.0,0.0,-9,-0.4623,
1,126,490,17.6,-51.2,-11,-0.5893,
1,127,418,18.4,-66.4,-11,-0.6007,
1,128,346,19.2,-81.6,-15,-0.612,
1,129,278,19.2,-96.8,-15,-0.6187,
1,130,-1230,19.2,-100.0,-15,-0.6251,
1,126,613,0.0,-16.0,8,-0.132,
1,127,537,0.0,-31.2,8,-0.132,
1,128,461,0.0,-46.4,10,-0.1291,
1,129,386,0.0,-61.6,10,-0.1261,
1,130,335,0.0,-76.8,11,-0.1243,
1,126,1069,1.6,0.0,4,-0.2157,
1,127,1012,4.0,0.0,4,-0.2157,
1,128,955,6.4,0.0,4,-0.2157,
1,129,906,8.8,0.0,4,-0.2157,
1,130,845,8.8,0.0,4,-0.2157,
1,126,1017,46.4,-31.2,2,-0.4219,
1,127,1032,46.4,-31.2,-5,-0.4575,
1,128,1026,46.4,-31.2,-6,-0.4571,
1,129,949,46.4,-46.4,-6,-0.4571,
1,130,873,46.4,-61.6,-6,-0.4571,
1,126,520,0.0,0.0,-10,-0.4739,
1,127,552,0.0,0.0,-12,-0.4799,
1,128,501,0.0,0.0,-12,-0.4859,
1,129,531,0.0,-5.6,-11,-0.4899,
1,130,354,0.0,-23.2,-11,-0.4899,
0,126,1809,0.0,0.0,-35,-1.0861,
0,127,1829,0.0,0.0,-35,-1.0861,
0,128,1849,0.0,0.0,-35,-1.0861,
0,129,1869,0.0,0.0,-35,-1.0861,
0,130,1982,0.0,0.0,-35,-1.0861,
1,126,521,0.0,-51.2,0,-0.0351,
1,127,445,0.0,-66.4,0,-0.0351,
1,128,369,0.0,-81.6,0,-0.0351,
1,129,293,0.0,-96.8,0,-0.0463,
1,130,-1223,0.0,-100.0,0,-0.0577,
1,126,-52,0.0,0.0,-6,-0.0195,
1,127,-52,0.0,0.0,-9,-0.0361,
1,128,-56,0.0,0.0,-10,-0.0466,
1,129,-128,0.0,0.0,-10,-0.0539,
1,130,-188,0.0,0.0,-10,-0.0603,
1,126,298,0.0,0.0,-9,-0.3807,
1,127,236,0.0,0.0,-12,-0.3921,
1,128,165,0.0,0.0,-12,-0.4019,
1,129,188,0.0,0.0,-13,-0.409,
1,130,110,0.0,-6.4,-13,-0.4144,
1,126,481,0.0,-5.6,-23,-0.369,
1,127,415,0.0,-20.8,-23,-0.3723,
1,128,351,0.0,-36.0,-23,-0.3723,
1,129,287,0.0,-51.2,-23,-0.3723,
1,130,223,0.0,-66.4,-23,-0.3723,
1,126,604,0.0,-36.0,1,-0.1498,
1,127,604,0.0,-36.0,0,-0.1938,
1,128,603,0.0,-36.0,0,-0.2232,
1,129,619,0.0,-36.0,-2,-0.2562,
1,130,635,0.0,-36.0,-6,-0.2892,
1,126,798,0.0,-36.0,1,-0.0601,
1,127,712,0.0,-51.2,1,-0.0615,
1,128,706,0.0,-51.2,1,-0.0615,
1,129,708,0.0,-51.2,1,-0.1055,
1,130,711,0.0,-51.2,2,-0.1462,
1,126,264,0.0,-36.0,-8,-0.4139,
1,127,188,0.0,-51.2,-8,-0.4255,
1,128,112,0.0,-66.4,-8,-0.4368,
1,129,36,0.0,-81.6,-8,-0.4481,
1,130,-32,0.0,-96.8,-9,-0.4595,
0,126,1603,0.0,0.0,9,-0.2355,
0,127,1611,0.0,0.0,9,-0.2355,
0,128,1619,0.0,0.0,9,-0.2355,
0,129,1627,0.0,0.0,9,-0.2355,
0,130,1627,0.0,0.0,9,-0.2355,
0,126,1160,0.0,0.0,1,-0.2215,
0,127,1308,0.0,0.0,1,-0.2215,
0,128,1168,0.0,0.0,1,-0.2236,
0,129,1128,0.0,0.0,1,-0.2153,
0,130,1088,0.0,0.0,1,-0.2064,
1,126,1074,7.8,-20.8,3,-0.0106,
1,127,1081,9.2,-20.8,3,-0.0106,
1,128,1088,10.6,-20.8,3,-0.0546,
1,129,1088,10.6,-20.8,3,-0.0906,
1,130,1096,12.2,-20.8,-2,-0.1346,
0,126,1556,0.0,0.0,6,-0.4218,
0,127,1556,0.0,0.0,6,-0.4218,
0,128,1556,0.0,0.0,6,-0.4218,
0,129,1556,0.0,0.0,6,-0.4218,
0,130,1564,0.0,0.0,6,-0.4218,
1,126,630,0.0,-36.8,14,-0.1646,
1,127,554,0.0,-52.0,14,-0.1748,
1,128,554,0.0,-52.0,15,-0.1853,
1,129,554,0.0,-52.0,15,-0.2293,
1,130,553,0.0,-52.0,13,-0.2733,
0,126,617,0.0,0.0,-36,-0.4878,
0,127,501,0.0,0.0,-36,-0.4918,
0,128,462,0.0,0.0,-36,-0.4958,
0,129,423,0.0,0.0,-36,-0.4998,
0,130,384,0.0,0.0,-35,-0.5038,
1,126,555,0.0,0.0,-13,-0.2654,
1,127,495,0.0,0.0,-13,-0.2654,
1,128,447,0.0,0.0,-13,-0.2654,
1,129,475,0.0,0.0,-13,-0.2654,
1,130,504,0.0,0.0,-13,-0.2964,
1,126,554,0.0,-51.2,-9,-0.5157,
1,127,488,0.0,-66.4,-10,-0.5225,
1,128,419,0.0,-81.6,-14,-0.5285,
1,129,366,0.0,-96.8,-16,-0.5352,
1,130,-1038,0.0,-100.0,-16,-0.5466,
0,126,863,0.0,0.0,-13,-0.5449,
0,127,863,0.0,0.0,-13,-0.5449,
0,128,1376,0.0,0.0,-13,-0.5449,
0,129,1376,0.0,0.0,-13,-0.5449,
0,130,1376,0.0,0.0,-13,-0.5449,
1,126,394,0.0,-5.6,-6,-0.4804,
1,127,316,0.0,-20.8,-6,-0.4814,
1,128,240,0.0,-36.0,-6,-0.4814,
1,129,164,0.0,-51.2,-6,-0.4814,
1,130,89,0.0,-66.4,-6,-0.4814,
1,126,89,0.0,0.0,-17,-0.4115,
1,127,19,0.0,0.0,-17,-0.4228,
1,128,-51,0.0,-5.6,-17,-0.4339,
1,129,-121,0.0,-20.8,-17,-0.445,
1,130,-191,0.0,-36.0,-18,-0.4566,
1,126,608,0.0,0.0,-29,-0.796,
1,127,567,0.0,0.0,-28,-0.8018,
1,128,528,0.0,-5.6,-28,-0.8018,
1,129,586,0.0,-20.8,-28,-0.8018,
1,130,526,0.0,-36.0,-28,-0.8018,
1,126,683,0.0,-6.4,-4,-0.4741,
1,127,637,0.0,-21.6,-4,-0.4741,
1,128,673,0.0,-36.8,-4,-0.4741,
1,129,605,0.0,-52.0,-4,-0.4741,
1,130,537,0.0,-67.2,-4,-0.4741,
0,126,1901,0.0,0.0,-28,-0.8027,
0,127,1901,0.0,0.0,-28,-0.8027,
0,128,1901,0.0,0.0,-28,-0.8657,
0,129,1901,0.0,0.0,-28,-0.9235,
0,130,1901,0.0,0.0,-29,-0.9815,
1,126,1852,0.0,0.0,-3,-0.2809,
1,127,1870,0.0,0.0,-4,-0.2937,
1,128,1878,0.0,0.0,-5,-0.3146,
1,129,1877,0.0,0.0,-6,-0.3342,
1,130,1876,0.0,0.0,-10,-0.3692,
1,126,52,0.0,-51.2,-20,-0.814,
1,127,-24,0.0,-66.4,-20,-0.8252,
1,128,-89,0.0,-81.6,-20,-0.8252,
1,129,-154,0.0,-96.8,-20,-0.8252,
1,130,-1659,0.0,-100.0,-20,-0.8252,
1,126,593,0.0,0.0,-23,-0.5258,
1,127,591,0.0,0.0,-29,-0.5515,
1,128,509,0.0,0.0,-30,-0.5658,
1,129,509,0.0,0.0,-30,-0.5658,
1,130,507,0.0,0.0,-35,-0.5737,
1,126,914,0.0,0.0,8,-0.1177,
1,127,837,0.0,0.0,9,-0.124,
1,128,777,0.0,0.0,9,-0.124,
1,129,717,0.0,0.0,9,-0.124,
1,130,657,0.0,-6.4,9,-0.124,
1,126,-124,0.0,-51.2,-8,-0.2797,
1,127,-190,0.0,-66.4,-8,-0.2911,
1,128,-256,0.0,-81.6,-7,-0.3023,
1,129,-330,0.0,-96.8,-6,-0.3136,
1,130,-1844,0.0,-100.0,-6,-0.3248,
1,126,-1616,0.0,-100.0,-29,-0.5329,
1,126,1178,0.0,-20.8,13,-0.0576,
1,127,1181,0.0,-20.8,9,-0.0792,
1,128,1216,0.0,-36.0,11,-0.0779,
1,129,1152,0.0,-51.2,11,-0.0779,
1,130,1088,0.0,-66.4,11,-0.0779,
1,126,692,0.0,0.0,7,-0.2718,
1,127,727,0.0,0.0,5,-0.3047,
1,128,774,0.0,0.0,3,-0.3324,
1,129,910,0.0,0.0,2,-0.3708,
1,130,960,0.0,0.0,2,-0.4037,
1,126,377,0.0,-36.8,1,-0.1011,
1,127,317,0.0,-52.0,1,-0.1011,
1,128,257,0.0,-67.2,1,-0.1011,
1,129,205,0.0,-82.4,1,-0.1011,
1,130,161,0.0,-97.6,1,-0.1011,
1,126,147,0.0,-51.2,2,-0.337,
1,127,75,0.0,-66.4,2,-0.337,
1,128,3,0.0,-81.6,2,-0.337,
1,129,-61,0.0,-96.8,2,-0.337,
1,130,-1577,0.0,-100.0,2,-0.337,
1,126,521,0.0,0.0,-1,-0.2854,
1,127,537,0.0,0.0,-1,-0.3164,
1,128,553,0.0,0.0,-1,-0.3474,
1,129,605,0.0,0.0,-5,-0.3784,
1,130,621,0.0,0.0,-5,-0.3784,
1,126,133,0.0,0.0,-32,-0.7535,
1,127,71,0.0,0.0,-34,-0.7615,
1,128,10,0.0,0.0,-36,-0.7662,
1,129,-44,0.0,0.0,-37,-0.7738,
1,130,-94,0.0,-6.4,-37,-0.7749,
1,126,591,0.0,-6.4,-23,-0.4769,
1,127,525,0.0,-21.6,-23,-0.4769,
1,128,459,0.0,-36.8,-23,-0.4769,
1,129,390,0.0,-52.0,-23,-0.4788,
1,130,331,0.0,-67.2,-23,-0.4787,
0,126,1902,0.0,0.0,-16,-0.6372,
0,127,1902,0.0,0.0,-16,-0.6372,
0,128,1902,0.0,0.0,-16,-0.6372,
0,129,1902,0.0,0.0,-16,-0.6372,
0,130,1902,0.0,0.0,-16,-0.6372,
0,126,1682,0.0,0.0,2,-0.1997,
0,127,1690,0.0,0.0,2,-0.1997,
0,128,1698,0.0,0.0,2,-0.1997,
0,129,1701,0.0,0.0,-5,-0.2501,
0,130,1706,0.0,0.0,-5,-0.2537,
1,126,904,0.0,0.0,-27,-0.5531,
1,127,844,0.0,0.0,-27,-0.5531,
1,128,784,0.0,-6.4,-27,-0.5531,
1,129,716,0.0,-21.6,-27,-0.5531,
1,130,648,0.0,-36.8,-27,-0.5531,
1,126,364,0.0,-51.2,-6,-0.2767,
1,127,304,0.0,-66.4,-5,-0.2861,
1,128,340,0.0,-81.6,-5,-0.2955,
1,129,272,0.0,-96.8,-5,-0.3048,
1,130,-1220,0.0,-100.0,-6,-0.3142,
1,126,-192,0.0,0.0,-40,-0.9058,
1,127,-224,0.0,0.0,-40,-0.9186,
1,128,-317,0.0,0.0,-40,-0.9186,
1,129,-302,0.0,0.0,-40,-0.9186,
1,130,-287,0.0,0.0,-40,-0.9186,
1,126,614,0.0,-31.2,-22,-0.4316,
1,127,552,0.0,-46.4,-22,-0.4316,
1,128,490,0.0,-61.6,-22,-0.4316,
1,129,428,0.0,-76.8,-22,-0.4316,
1,130,366,0.0,-92.0,-22,-0.4316,
1,126,486,0.0,0.0,-11,-0.1838,
1,127,410,0.0,0.0,-11,-0.1918,
1,128,342,0.0,0.0,-11,-0.1998,
1,129,274,0.0,-6.4,-11,-0.2078,
1,130,206,0.0,-21.6,-12,-0.2158,
1,126,113,0.0,-51.2,-18,-0.3845,
1,127,63,0.0,-66.4,-18,-0.3845,
1,128,-3,0.0,-81.6,-18,-0.3959,
1,129,-69,0.0,-96.8,-18,-0.4005,
1,130,-1575,0.0,-100.0,-18,-0.4046,
1,126,708,0.0,0.0,-8,-0.3265,
1,127,640,0.0,0.0,-8,-0.3265,
1,128,664,0.0,0.0,-8,-0.3265,
1,129,688,0.0,0.0,-10,-0.3365,
1,130,722,0.0,0.0,-11,-0.34,
1,126,665,0.0,0.0,-4,-0.2296,
1,127,609,0.0,0.0,-4,-0.2296,
1,128,553,0.0,-6.4,-4,-0.2296,
1,129,489,0.0,-21.6,-5,-0.2372,
1,130,424,0.0,-36.8,-6,-0.2349,
0,126,1521,0.0,0.0,1,-0.5571,
0,127,1521,0.0,0.0,1,-0.5571,
0,128,1521,0.0,0.0,1,-0.5571,
0,129,1521,0.0,0.0,1,-0.5571,
0,130,1535,0.0,0.0,1,-0.5571,
1,126,390,0.0,0.0,-8,-0.318,
1,127,410,0.0,0.0,-11,-0.3491,
1,128,542,0.0,0.0,-15,-0.3793,
1,129,546,0.0,0.0,-17,-0.391,
1,130,471,0.0,-5.6,-17,-0.3936,
1,126,623,0.0,0.0,-20,-0.5684,
1,127,547,0.0,-6.4,-22,-0.5798,
1,128,471,0.0,-21.6,-22,-0.5798,
1,129,395,0.0,-36.8,-22,-0.5798,
1,130,319,0.0,-52.0,-22,-0.5798,
1,126,1053,0.0,0.0,-12,-0.2985,
1,127,1077,0.0,0.0,-12,-0.2985,
1,128,1006,0.0,0.0,-16,-0.3215,
1,129,938,0.0,0.0,-16,-0.3215,
1,130,870,0.0,0.0,-16,-0.3215,
1,126,854,16.2,0.0,-3,-0.2209,
1,127,806,20.2,-5.6,-3,-0.2134,
1,128,735,24.2,-20.8,-2,-0.2054,
1,129,656,26.6,-36.0,-2,-0.2054,
1,130,570,29.0,-51.2,-2,-0.2054,
1,126,-214,0.0,0.0,-14,-0.469,
1,127,-290,0.0,-6.4,-14,-0.469,
1,128,-358,0.0,-21.6,-14,-0.469,
1,129,82,0.0,-36.8,-14,-0.469,
1,130,22,0.0,-52.0,-14,-0.469,
1,126,839,0.0,0.0,-6,-0.5061,
1,127,779,0.0,0.0,-6,-0.5061,
1,128,719,0.0,0.0,-7,-0.5171,
1,129,651,0.0,0.0,-7,-0.5171,
1,130,583,0.0,0.0,-7,-0.5171,
1,126,695,0.0,0.0,-6,-0.418,
1,127,627,0.0,0.0,-6,-0.418,
1,128,559,0.0,0.0,-6,-0.418,
1,129,491,0.0,0.0,-6,-0.418,
1,130,423,0.0,0.0,-6,-0.418,
1,126,1289,52.8,-51.2,-12,-0.1545,
1,127,1221,54.4,-66.4,-12,-0.1545,
1,128,1159,56.0,-81.6,-12,-0.1545,
1,129,1097,57.6,-96.8,-12,-0.1545,
1,130,-411,59.2,-100.0,-12,-0.1545,
0,126,1513,0.0,0.0,-8,-0.4146,
0,127,1513,0.0,0.0,-8,-0.4146,
0,128,1513,0.0,0.0,-8,-0.4146,
0,129,1513,0.0,0.0,-8,-0.4146,
0,130,1513,0.0,0.0,-8,-0.4146,
1,126,597,0.0,0.0,-20,-0.6193,
1,127,595,0.0,0.0,-21,-0.6313,
1,128,597,0.0,0.0,-21,-0.658,
1,129,599,0.0,0.0,-23,-0.6846,
1,130,599,0.0,0.0,-25,-0.7066,
1,126,346,0.0,-51.2,-13,-0.2651,
1,127,274,0.0,-66.4,-13,-0.2761,
1,128,202,0.0,-81.6,-13,-0.283,
1,129,130,0.0,-96.8,-13,-0.2866,
1,130,-1383,0.0,-100.0,-13,-0.2891,
1,126,516,0.0,-16.0,1,-0.0941,
1,127,516,0.0,-16.0,-1,-0.1381,
1,128,521,0.0,-16.0,-7,-0.1751,
1,129,448,0.0,-31.2,-7,-0.1811,
1,130,456,0.0,-31.2,-7,-0.1811,
0,126,1683,0.0,0.0,2,-0.7198,
0,127,1683,0.0,0.0,2,-0.7198,
0,128,2191,0.0,0.0,2,-0.7198,
0,129,2199,0.0,0.0,2,-0.7198,
0,130,2207,0.0,0.0,2,-0.7198,
1,126,585,0.0,0.0,-33,-0.7251,
1,127,516,0.0,0.0,-33,-0.7251,
1,128,547,0.0,0.0,-33,-0.7251,
1,129,471,0.0,-11.2,-33,-0.7251,
1,130,395,0.0,-26.4,-33,-0.7251,
1,126,-2420,0.0,-100.0,-21,-0.3581,
0,126,1408,0.0,0.0,3,-0.2464,
0,127,1408,0.0,0.0,3,-0.2464,
0,128,1408,0.0,0.0,3,-0.2464,
0,129,1408,0.0,0.0,3,-0.2464,
0,130,1403,0.0,0.0,-5,-0.2893,
1,126,506,0.0,-3.6,-20,-0.4743,
1,127,432,0.0,-18.4,-20,-0.4857,
1,128,358,0.0,-33.2,-20,-0.4972,
1,129,292,0.0,-48.0,-20,-0.5082,
1,130,226,0.0,-62.8,-20,-0.5197,
1,126,299,0.0,-6.4,-16,-0.427,
1,127,223,0.0,-21.6,-16,-0.427,
1,128,147,0.0,-36.8,-16,-0.427,
1,129,71,0.0,-52.0,-16,-0.427,
1,130,-5,0.0,-67.2,-16,-0.427,
1,126,797,0.0,0.0,-29,-0.6629,
1,127,733,0.0,0.0,-29,-0.6629,
1,128,669,0.0,-11.2,-29,-0.6629,
1,129,604,0.0,-26.4,-27,-0.6687,
1,130,523,0.0,-41.6,-27,-0.6722,
0,126,675,0.0,0.0,-23,-0.3455,
0,127,651,0.0,0.0,-23,-0.3455,
0,128,532,0.0,0.0,-24,-0.3649,
0,129,522,0.0,0.0,-24,-0.3649,
0,130,512,0.0,0.0,-24,-0.3649,
0,126,1199,0.0,0.0,-27,-0.8932,
0,127,1199,0.0,0.0,-27,-0.8932,
0,128,1199,0.0,0.0,-27,-0.8932,
0,129,1199,0.0,0.0,-27,-0.8932,
0,130,1199,0.0,0.0,-27,-0.8932,
1,126,956,0.0,0.0,-18,-0.3349,
1,127,961,0.0,0.0,-21,-0.3511,
1,128,959,0.0,0.0,-24,-0.387,
1,129,382,0.0,0.0,-24,-0.4,
1,130,308,0.0,0.0,-25,-0.4111,
1,126,410,0.0,0.0,-11,-0.5138,
1,127,430,0.0,0.0,-11,-0.5448,
1,128,449,0.0,0.0,-17,-0.5751,
1,129,472,0.0,0.0,-18,-0.5886,
1,130,422,0.0,0.0,-19,-0.6006,
1,126,1058,4.2,0.0,-4,-0.4536,
1,127,1057,4.2,0.0,-10,-0.4667,
1,128,1059,4.2,0.0,-11,-0.4703,
1,129,974,4.2,0.0,-11,-0.4684,
1,130,882,4.2,-16.0,-11,-0.4684,
1,126,-468,0.0,-51.2,-4,-0.2177,
1,127,-536,0.0,-66.4,-4,-0.2177,
1,128,-604,0.0,-81.6,-4,-0.2177,
1,129,-672,0.0,-96.8,-4,-0.2238,
1,130,-2181,0.0,-100.0,-4,-0.2324,
1,126,138,0.0,-58.4,-20,-0.4923,
1,127,62,0.0,-76.0,-20,-0.4923,
1,128,-14,0.0,-93.6,-20,-0.4923,
1,129,-1518,0.0,-100.0,-20,-0.4923,
0,126,1159,0.0,0.0,4,-0.5324,
0,127,1159,0.0,0.0,4,-0.5324,
0,128,1157,0.0,0.0,-4,-0.5873,
0,129,1151,0.0,0.0,-4,-0.5951,
0,130,1151,0.0,0.0,-4,-0.5951,
0,126,1562,0.0,0.0,-7,-0.4647,
0,127,1562,0.0,0.0,-7,-0.4647,
0,128,1562,0.0,0.0,-7,-0.4647,
0,129,1562,0.0,0.0,-7,-0.4647,
0,130,1562,0.0,0.0,-7,-0.4647,
0,126,1279,0.0,0.0,-8,-0.3994,
0,127,1289,0.0,0.0,-8,-0.4598,
0,128,1397,0.0,0.0,-8,-0.4598,
0,129,1397,0.0,0.0,-8,-0.4598,
0,130,1397,0.0,0.0,-8,-0.4598,
0,126,1573,66.4,0.0,-4,-0.1239,
0,127,1529,69.6,0.0,-4,-0.1307,
0,128,1489,72.8,0.0,-3,-0.1364,
0,129,1437,76.0,-5.6,-6,-0.1421,
0,130,1385,79.2,-20.8,-8,-0.1478,
1,126,646,22.4,-36.0,-5,-0.234,
1,127,606,27.2,-51.2,-5,-0.234,
1,128,574,32.0,-66.4,-5,-0.234,
1,129,542,36.8,-81.6,-5,-0.234,
1,130,502,40.0,-96.8,-5,-0.234,
1,126,1213,0.0,-5.6,6,-0.2091,
1,127,1150,0.0,-20.8,6,-0.2111,
1,128,1087,0.0,-36.0,7,-0.2114,
1,129,1024,0.0,-51.2,7,-0.2124,
1,130,968,0.0,-66.4,5,-0.2004,
1,126,545,0.0,-21.6,-1,-0.3876,
1,127,469,0.0,-36.8,-1,-0.3876,
1,128,393,0.0,-52.0,-1,-0.3876,
1,129,317,0.0,-67.2,-1,-0.3876,
1,130,241,0.0,-82.4,-1,-0.3876,
0,126,1384,0.0,0.0,-19,-0.5285,
0,127,1384,0.0,0.0,-19,-0.5285,
0,128,1384,0.0,0.0,-19,-0.5285,
0,129,1384,0.0,0.0,-19,-0.5285,
0,130,1384,0.0,0.0,-19,-0.5285,
1,126,791,0.0,-6.4,-4,-0.2183,
1,127,807,0.0,-6.4,-4,-0.2295,
1,128,812,0.0,-6.4,-10,-0.2642,
1,129,741,0.0,-21.6,-9,-0.2816,
1,130,673,0.0,-36.8,-9,-0.2929,
1,126,742,0.0,0.0,-21,-0.7801,
1,127,673,0.0,0.0,-21,-0.7801,
1,128,604,0.0,0.0,-21,-0.7801,
1,129,535,0.0,-6.4,-21,-0.7801,
1,130,474,0.0,-21.6,-21,-0.7801,
0,126,690,0.0,0.0,-25,-0.7794,
0,127,690,0.0,0.0,-25,-0.7794,
0,128,690,0.0,0.0,-25,-0.7794,
0,129,690,0.0,0.0,-25,-0.7794,
0,130,690,0.0,0.0,-25,-0.7794,
1,126,396,0.0,0.0,-6,-0.2571,
1,127,396,0.0,0.0,-6,-0.2838,
1,128,396,0.0,0.0,-6,-0.3104,
1,129,404,0.0,0.0,-8,-0.3485,
1,130,410,0.0,0.0,-14,-0.385,
1,126,-136,0.0,0.0,-5,-0.2562,
1,127,-212,0.0,-6.4,-5,-0.2562,
1,128,220,0.0,-21.6,-5,-0.2562,
1,129,228,0.0,-21.6,-5,-0.2562,
1,130,170,0.0,-36.8,-5,-0.3074,
0,126,1295,0.0,0.0,-30,-0.7056,
0,127,1294,0.0,0.0,-30,-0.7075,
0,128,1294,0.0,0.0,-30,-0.7075,
0,129,1294,0.0,0.0,-30,-0.7075,
0,130,1294,0.0,0.0,-30,-0.7075,
1,126,665,0.0,-6.4,2,-0.073,
1,127,602,0.0,-21.6,1,-0.077,
1,128,539,0.0,-36.8,1,-0.0825,
1,129,490,0.0,-52.0,1,-0.0861,
1,130,458,0.0,-67.2,1,-0.0861,
1,126,879,35.6,-51.2,4,-0.1623,
1,127,803,35.6,-66.4,4,-0.1736,
1,128,735,37.2,-81.6,4,-0.1736,
1,129,675,40.4,-96.8,4,-0.1736,
1,130,-833,42.0,-100.0,4,-0.1736,
1,126,95,0.0,-51.2,-15,-0.4654,
1,127,20,0.0,-66.4,-15,-0.4737,
1,128,53,0.0,-81.6,-15,-0.4814,
1,129,-23,0.0,-96.8,-15,-0.4874,
1,130,-1531,0.0,-100.0,-15,-0.4934,
1,126,250,0.0,-51.2,6,0.0153,
1,127,182,0.0,-66.4,6,0.0153,
1,128,106,0.0,-81.6,6,0.0153,
1,129,30,0.0,-96.8,6,0.0153,
1,130,-1486,0.0,-100.0,6,0.0153,
0,126,1257,0.0,0.0,-21,-0.751,
0,127,1252,0.0,0.0,-24,-0.7769,
0,128,1252,0.0,0.0,-24,-0.7769,
0,129,1252,0.0,0.0,-24,-0.7769,
0,130,1252,0.0,0.0,-24,-0.7769,
1,126,1172,92.0,-51.2,-10,-0.4824,
1,127,1200,92.0,-66.4,-10,-0.4914,
1,128,1124,92.0,-81.6,-9,-0.5007,
1,129,1048,92.0,-96.8,-9,-0.5007,
1,130,-468,92.0,-100.0,-9,-0.5007,
1,126,424,0.0,0.0,-15,-0.3493,
1,127,362,0.0,0.0,-15,-0.3493,
1,128,400,0.0,-6.4,-15,-0.3493,
1,129,338,0.0,-21.6,-15,-0.3493,
1,130,276,0.0,-36.8,-15,-0.3493,
0,126,1510,0.0,0.0,-7,-0.6713,
0,127,1510,0.0,0.0,-7,-0.6713,
0,128,1510,0.0,0.0,-7,-0.6713,
0,129,1510,0.0,0.0,-7,-0.6713,
0,130,1510,0.0,0.0,-7,-0.6713,
1,126,-1116,0.0,-100.0,-27,-0.5321,
1,126,734,0.0,0.0,0,-0.1879,
1,127,694,0.0,-5.6,0,-0.1879,
1,128,654,0.0,-20.8,0,-0.1879,
1,129,614,0.0,-36.0,-1,-0.1996,
1,130,560,0.0,-51.2,-2,-0.2046,
1,126,131,0.0,-46.4,-12,-0.495,
1,127,55,0.0,-61.6,-13,-0.5018,
1,128,-21,0.0,-76.8,-13,-0.5131,
1,129,10,0.0,-92.0,-13,-0.5246,
1,130,-1523,0.0,-100.0,-13,-0.5308,
0,126,1388,0.0,0.0,-14,-0.6582,
0,127,1388,0.0,0.0,-14,-0.6582,
0,128,1388,0.0,0.0,-14,-0.6582,
0,129,1388,0.0,0.0,-14,-0.6582,
0,130,1388,0.0,0.0,-14,-0.6582,
1,126,1346,0.0,0.0,11,0.1186,
1,127,1270,0.0,0.0,11,0.1186,
1,128,1199,0.0,0.0,11,0.1186,
1,129,1128,0.0,-6.4,11,0.1186,
1,130,1057,0.0,-21.6,11,0.1186,
0,126,1512,0.0,0.0,-20,-0.7243,
0,127,1512,0.0,0.0,-20,-0.7243,
0,128,1512,0.0,0.0,-20,-0.7243,
0,129,1512,0.0,0.0,-20,-0.7243,
0,130,2028,0.0,0.0,-20,-0.7243,
1,126,332,0.0,-51.2,-26,-0.5022,
1,127,256,0.0,-66.4,-26,-0.5022,
1,128,180,0.0,-81.6,-26,-0.5022,
1,129,104,0.0,-96.8,-26,-0.5022,
1,130,-1406,0.0,-100.0,-26,-0.5022,
1,126,359,0.0,-51.2,9,-0.1213,
1,127,283,0.0,-66.4,9,-0.1213,
1,128,207,0.0,-81.6,9,-0.1213,
1,129,131,0.0,-96.8,9,-0.1213,
1,130,-1385,0.0,-100.0,9,-0.1213,
0,126,1391,0.0,0.0,-18,-0.6492,
0,127,1386,0.0,0.0,-18,-0.6542,
0,128,1386,0.0,0.0,-18,-0.6542,
0,129,1386,0.0,0.0,-18,-0.6542,
0,130,1386,0.0,0.0,-18,-0.6542,
1,126,855,3.2,-36.0,-3,-0.4266,
1,127,779,3.2,-51.2,-3,-0.4266,
1,128,703,3.2,-66.4,-3,-0.4266,
1,129,627,3.2,-81.6,-3,-0.4266,
1,130,550,3.2,-96.8,-8,-0.433,
1,126,838,0.0,-20.8,6,-0.2887,
1,127,828,0.0,-20.8,5,-0.3337,
1,128,817,0.0,-20.8,1,-0.3714,
1,129,811,0.0,-20.8,-1,-0.4044,
1,130,805,0.0,-20.8,-6,-0.4367,
0,126,1392,0.0,0.0,-14,-0.8852,
0,127,1392,0.0,0.0,-14,-0.8852,
0,128,1392,0.0,0.0,-14,-0.8852,
0,129,1904,0.0,0.0,-14,-0.8852,
0,130,1916,0.0,0.0,-14,-0.8852,
0,126,1384,0.0,0.0,-17,-0.6461,
0,127,1384,0.0,0.0,-17,-0.6461,
0,128,1384,0.0,0.0,-17,-0.6461,
0,129,1384,0.0,0.0,-17,-0.6461,
0,130,1384,0.0,0.0,-17,-0.6461,
1,126,407,0.0,-46.4,13,-0.013,
1,127,331,0.0,-61.6,14,-0.0027,
1,128,256,0.0,-76.8,15,0.0067,
1,129,181,0.0,-92.0,17,0.0163,
1,130,182,0.0,-92.0,18,0.0256,
1,126,820,0.0,0.0,-9,-0.5552,
1,127,744,0.0,0.0,-9,-0.5552,
1,128,668,0.0,0.0,-9,-0.5552,
1,129,696,0.0,-6.4,-9,-0.5552,
1,130,624,0.0,-21.6,-9,-0.5552,
1,126,-1970,0.0,-100.0,-23,-0.4853,
1,126,89,0.0,-36.0,-1,-0.1625,
1,127,119,0.0,-51.2,-1,-0.1625,
1,128,43,0.0,-66.4,-1,-0.1625,
1,129,-33,0.0,-81.6,-1,-0.1625,
1,130,-109,0.0,-96.8,-1,-0.1625,
1,126,765,0.0,-47.2,3,-0.194,
1,127,793,0.0,-65.6,3,-0.186,
1,128,901,0.0,-65.6,3,-0.186,
1,129,896,0.0,-65.6,-3,-0.222,
1,130,801,0.0,-84.0,-3,-0.2202,
1,126,452,0.0,-46.4,-11,-0.2287,
1,127,408,0.0,-61.6,-11,-0.2287,
1,128,364,0.0,-76.8,-11,-0.2287,
1,129,320,2.4,-92.0,-11,-0.2287,
1,130,-1188,8.8,-100.0,-11,-0.2287,
1,126,773,0.0,0.0,1,-0.4141,
1,127,723,0.0,-5.6,-3,-0.4251,
1,128,674,0.0,-20.8,-5,-0.4295,
1,129,708,0.0,-36.0,-5,-0.4326,
1,130,640,0.0,-51.2,-5,-0.4326,
1,126,706,0.0,0.0,12,-0.0009,
1,127,628,0.0,-5.6,11,-0.0036,
1,128,552,0.0,-20.8,11,-0.0128,
1,129,476,0.0,-36.0,11,-0.0222,
1,130,400,0.0,-51.2,11,-0.0316,
1,126,746,0.0,0.0,-21,-0.7245,
1,127,682,0.0,0.0,-21,-0.7245,
1,128,618,0.0,0.0,-27,-0.7308,
1,129,551,0.0,-6.4,-27,-0.7327,
1,130,487,0.0,-21.6,-27,-0.7327,
0,126,1392,0.0,0.0,-8,-0.5984,
0,127,1392,0.0,0.0,-8,-0.5984,
0,128,1392,0.0,0.0,-8,-0.5984,
0,129,1392,0.0,0.0,-8,-0.5984,
0,130,1389,0.0,0.0,-14,-0.6557,
0,126,1388,0.0,0.0,-34,-0.8811,
0,127,1400,0.0,0.0,-34,-0.8811,
0,128,1412,0.0,0.0,-34,-0.8811,
0,129,1412,0.0,0.0,-34,-0.8811,
0,130,1412,0.0,0.0,-34,-0.8811,
0,126,771,0.0,0.0,-16,-0.5051,
0,127,771,0.0,0.0,-16,-0.5051,
0,128,1279,0.0,0.0,-16,-0.5051,
0,129,1287,0.0,0.0,-16,-0.5051,
0,130,1295,0.0,0.0,-16,-0.5051,
1,126,846,0.0,-46.4,-4,-0.2531,
1,127,770,0.0,-61.6,-4,-0.2531,
1,128,694,0.0,-76.8,-4,-0.2531,
1,129,630,0.0,-92.0,-4,-0.2531,
1,130,-898,0.0,-100.0,-4,-0.2531,
1,126,426,0.0,0.0,-22,-0.4791,
1,127,346,0.0,0.0,-22,-0.4791,
1,128,266,0.0,0.0,-22,-0.4791,
1,129,90,0.0,0.0,-22,-0.4791,
1,130,22,0.0,0.0,-22,-0.4791,
1,126,548,0.0,0.0,-7,-0.4785,
1,127,646,0.0,0.0,-8,-0.4887,
1,128,571,0.0,0.0,-8,-0.4897,
1,129,505,0.0,-5.6,-8,-0.4897,
1,130,439,0.0,-20.8,-8,-0.4897,
1,126,268,0.0,-36.0,-3,-0.2506,
1,127,191,0.0,-51.2,-6,-0.2571,
1,128,115,0.0,-66.4,-6,-0.2571,
1,129,39,0.0,-81.6,-6,-0.2571,
1,130,-37,0.0,-96.8,-6,-0.2571,
1,126,799,0.0,0.0,-30,-0.7562,
1,127,723,0.0,0.0,-30,-0.7562,
1,128,647,0.0,0.0,-30,-0.7562,
1,129,571,0.0,0.0,-30,-0.7562,
1,130,495,0.0,-6.4,-30,-0.7562,
1,126,-2131,0.0,-100.0,-37,-0.7561,
1,126,1288,0.0,0.0,13,-0.1301,
1,127,1220,0.0,0.0,13,-0.1259,
1,128,1152,0.0,0.0,13,-0.1237,
1,129,1081,0.0,-5.6,13,-0.1237,
1,130,1010,0.0,-20.8,13,-0.1237,
0,126,1382,0.0,0.0,-20,-0.9126,
0,127,1390,0.0,0.0,-22,-0.9428,
0,128,1398,0.0,0.0,-22,-0.9428,
0,129,1406,0.0,0.0,-22,-0.9428,
0,130,1414,0.0,0.0,-22,-0.9428,
0,126,1581,0.0,0.0,3,-0.4513,
0,127,1589,0.0,0.0,3,-0.4513,
0,128,1597,0.0,0.0,3,-0.4513,
0,129,1605,0.0,0.0,3,-0.4513,
0,130,1629,0.0,0.0,3,-0.4513,
1,126,340,0.0,-20.8,-24,-0.4922,
1,127,272,0.0,-36.0,-24,-0.5034,
1,128,220,0.0,-51.2,-24,-0.5147,
1,129,168,0.0,-66.4,-24,-0.5259,
1,130,116,0.0,-81.6,-23,-0.5329,
1,126,-749,0.0,-51.2,-19,-0.5642,
1,127,-810,0.0,-66.4,-20,-0.5713,
1,128,-870,0.0,-81.6,-20,-0.5713,
1,129,-930,0.0,-96.8,-20,-0.5713,
1,130,-2431,0.0,-100.0,-20,-0.5796,
0,126,1554,0.0,0.0,-12,-0.5586,
0,127,1554,0.0,0.0,-12,-0.5586,
0,128,1554,0.0,0.0,-12,-0.5586,
0,129,1554,0.0,0.0,-12,-0.5586,
0,130,1554,0.0,0.0,-12,-0.5586,
0,126,1799,0.0,0.0,-8,-0.5388,
0,127,1599,0.0,0.0,-8,-0.5697,
0,128,1399,0.0,0.0,-8,-0.5697,
0,129,1907,0.0,0.0,-8,-0.5697,
0,130,1915,0.0,0.0,-8,-0.5697,
0,126,1625,0.0,0.0,-17,-0.5444,
0,127,1622,0.0,0.0,-19,-0.5653,
0,128,1626,0.0,0.0,-19,-0.5653,
0,129,1638,0.0,0.0,-19,-0.5653,
0,130,1650,0.0,0.0,-19,-0.5653,
1,126,-42,0.0,-51.2,-19,-0.3593,
1,127,-102,0.0,-66.4,-19,-0.3593,
1,128,-162,0.0,-81.6,-19,-0.3593,
1,129,-238,0.0,-96.8,-19,-0.3593,
1,130,-1754,0.0,-100.0,-19,-0.3593,
1,126,480,0.0,-26.4,-18,-0.6091,
1,127,412,0.0,-41.6,-18,-0.6091,
1,128,344,0.0,-56.8,-18,-0.6112,
1,129,268,0.0,-72.0,-19,-0.6133,
1,130,192,0.0,-87.2,-19,-0.6248,
1,126,525,0.0,-36.8,-9,-0.1623,
1,127,477,0.0,-52.0,-9,-0.1687,
1,128,415,0.0,-67.2,-9,-0.1697,
1,129,431,0.0,-67.2,-9,-0.1697,
1,130,447,0.0,-67.2,-9,-0.2137,
1,126,382,0.0,-26.4,-11,-0.4432,
1,127,322,0.0,-41.6,-11,-0.4544,
1,128,262,0.0,-56.8,-11,-0.4659,
1,129,202,0.0,-72.0,-11,-0.4773,
1,130,142,0.0,-87.2,-11,-0.4843,
1,126,43,0.0,0.0,-6,-0.4303,
1,127,75,0.0,0.0,-7,-0.4476,
1,128,204,0.0,0.0,-14,-0.464,
1,129,132,0.0,-6.4,-14,-0.4795,
1,130,64,0.0,-21.6,-14,-0.4908,
1,126,-36,0.0,-5.6,-11,-0.193,
1,127,-116,0.0,-23.2,-13,-0.1949,
1,128,-108,0.0,-23.2,-14,-0.1968,
1,129,-102,0.0,-23.2,-12,-0.2432,
1,130,-107,0.0,-23.2,-12,-0.2904,
1,126,363,0.0,-51.2,-9,-0.515,
1,127,402,0.0,-66.4,-9,-0.515,
1,128,329,0.0,-81.6,-9,-0.515,
1,129,268,0.0,-96.8,-9,-0.515,
1,130,-1233,0.0,-100.0,-9,-0.515,
0,126,863,0.0,0.0,-16,-0.7183,
0,127,863,0.0,0.0,-16,-0.7183,
0,128,863,0.0,0.0,-16,-0.7183,
0,129,863,0.0,0.0,-16,-0.7183,
0,130,863,0.0,0.0,-16,-0.7183,
0,126,1542,0.0,0.0,-2,-0.4621,
0,127,1542,0.0,0.0,-2,-0.4621,
0,128,1542,0.0,0.0,-2,-0.4621,
0,129,1542,0.0,0.0,-2,-0.4621,
0,130,1542,0.0,0.0,-2,-0.4621,
1,126,459,0.0,-23.2,-35,-0.7485,
1,127,391,0.0,-40.8,-35,-0.7485,
1,128,330,0.0,-58.4,-35,-0.7485,
1,129,269,0.0,-76.0,-35,-0.7485,
1,130,204,0.0,-93.6,-35,-0.7485,
1,126,849,0.0,0.0,-37,-0.67,
1,127,766,0.0,0.0,-37,-0.6769,
1,128,691,0.0,0.0,-37,-0.6839,
1,129,616,0.0,-5.6,-37,-0.6839,
1,130,533,0.0,-23.2,-37,-0.6839,
1,126,1337,89.6,-51.2,18,-0.1886,
1,127,1269,91.2,-66.4,18,-0.2001,
1,128,1277,92.8,-66.4,18,-0.2114,
1,129,1285,94.4,-66.4,18,-0.2667,
1,130,1284,94.4,-66.4,11,-0.3197,
1,126,1684,0.0,0.0,-12,-0.5068,
1,127,1106,0.0,0.0,-12,-0.5056,
1,128,1030,0.0,0.0,-12,-0.5056,
1,129,954,0.0,0.0,-12,-0.517,
1,130,878,0.0,0.0,-12,-0.517,
1,126,658,0.0,0.0,-6,-0.4634,
1,127,680,0.0,0.0,-7,-0.4904,
1,128,684,0.0,0.0,-12,-0.5138,
1,129,689,0.0,0.0,-18,-0.5383,
1,130,696,0.0,0.0,-21,-0.5575,
1,126,-340,0.0,-28.0,-51,-0.9758,
1,127,-416,0.0,-45.6,-51,-0.9758,
1,128,-500,0.0,-63.2,-51,-0.9758,
1,129,-588,0.0,-80.8,-51,-0.9758,
1,130,-676,0.0,-98.4,-51,-0.9758,
0,126,1330,0.0,0.0,-4,-0.3683,
0,127,1171,0.0,0.0,-6,-0.3878,
0,128,1171,0.0,0.0,-6,-0.3878,
0,129,1171,0.0,0.0,-6,-0.3878,
0,130,1171,0.0,0.0,-6,-0.3878,
1,126,574,2.4,-51.2,14,-0.1064,
1,127,519,5.6,-66.4,14,-0.1064,
1,128,464,8.8,-81.6,14,-0.1064,
1,129,409,12.0,-96.8,14,-0.1064,
1,130,-1086,15.2,-100.0,13,-0.1166,
1,126,164,0.0,-51.2,13,-0.1452,
1,127,88,0.0,-66.4,13,-0.1543,
1,128,12,0.0,-81.6,13,-0.1543,
1,129,-56,0.0,-96.8,13,-0.1543,
1,130,-1448,0.0,-100.0,13,-0.1656,
1,126,1136,0.0,0.0,-6,-0.2831,
1,127,1076,0.0,0.0,-6,-0.2831,
1,128,1116,0.0,0.0,-6,-0.2831,
1,129,1048,0.0,0.0,-6,-0.2831,
1,130,972,0.0,-6.4,-6,-0.2831,
0,126,1508,0.0,0.0,0,-0.5828,
0,127,1508,0.0,0.0,0,-0.5828,
0,128,1508,0.0,0.0,0,-0.5828,
0,129,1508,0.0,0.0,0,-0.5828,
0,130,1508,0.0,0.0,0,-0.5828,
1,126,216,0.0,-23.2,-10,-0.542,
1,127,16,0.0,-40.8,-10,-0.542,
1,128,-64,0.0,-58.4,-10,-0.542,
1,129,-144,0.0,-76.0,-10,-0.542,
1,130,-224,0.0,-93.6,-10,-0.542,
0,126,1410,0.0,0.0,-3,-0.4462,
0,127,1410,0.0,0.0,-3,-0.4462,
0,128,1410,0.0,0.0,-3,-0.4462,
0,129,1410,0.0,0.0,-3,-0.4462,
0,130,1410,0.0,0.0,-3,-0.4462,
1,126,1420,26.4,0.0,-6,-0.3404,
1,127,1360,28.0,0.0,-6,-0.3404,
1,128,1292,29.6,0.0,-6,-0.3404,
1,129,1224,31.2,0.0,-6,-0.3404,
1,130,1178,34.0,0.0,-6,-0.3404,
1,126,24,0.0,-51.2,-23,-0.5704,
1,127,-37,0.0,-66.4,-22,-0.5719,
1,128,-97,0.0,-81.6,-22,-0.5774,
1,129,-166,0.0,-96.8,-21,-0.5809,
1,130,-1675,0.0,-100.0,-20,-0.5844,
1,126,368,0.0,-6.4,-6,-0.06,
1,127,388,0.0,-21.6,-6,-0.06,
1,128,304,0.0,-36.8,-6,-0.06,
1,129,240,0.0,-52.0,-6,-0.06,
1,130,155,0.0,-67.2,-6,-0.0603,
1,126,298,0.0,-20.8,-16,-0.4998,
1,127,277,0.0,-20.8,-21,-0.5436,
1,128,260,0.0,-20.8,-24,-0.5735,
1,129,86,0.0,-36.0,-24,-0.5782,
1,130,30,0.0,-51.2,-24,-0.5782,
1,126,951,10.4,-51.2,7,-0.1638,
1,127,883,12.0,-66.4,6,-0.1707,
1,128,815,13.6,-81.6,6,-0.1707,
1,129,747,15.2,-96.8,6,-0.1707,
1,130,-761,16.8,-100.0,6,-0.1707,
0,126,1393,0.0,0.0,-28,-0.785,
0,127,1409,0.0,0.0,-28,-0.785,
0,128,1425,0.0,0.0,-28,-0.785,
0,129,1441,0.0,0.0,-28,-0.785,
0,130,1441,0.0,0.0,-28,-0.785,
0,126,1159,0.0,0.0,-20,-1.014,
0,127,1159,0.0,0.0,-20,-1.014,
0,128,1159,0.0,0.0,-20,-1.014,
0,129,1159,0.0,0.0,-20,-1.014,
0,130,1160,0.0,0.0,-20,-1.014,
1,126,544,0.0,-51.2,-8,-0.3176,
1,127,492,0.0,-66.4,-8,-0.3176,
1,128,440,0.0,-81.6,-8,-0.3176,
1,129,388,0.0,-96.8,-8,-0.3176,
1,130,-1088,0.0,-100.0,-8,-0.3176,
0,126,1564,0.0,0.0,9,-0.2639,
0,127,1572,0.0,0.0,9,-0.2639,
0,128,1592,0.0,0.0,9,-0.2639,
0,129,1612,0.0,0.0,9,-0.2639,
0,130,1624,0.0,0.0,9,-0.2639,
0,126,1808,0.0,0.0,0,-0.6582,
0,127,1808,0.0,0.0,0,-0.6582,
0,128,1808,0.0,0.0,0,-0.6582,
0,129,2324,0.0,0.0,0,-0.6582,
0,130,2340,0.0,0.0,0,-0.6582,
0,126,1608,0.0,0.0,-32,-0.8409,
0,127,1505,0.0,0.0,-34,-0.8585,
0,128,1373,0.0,0.0,-34,-0.8585,
0,129,1373,0.0,0.0,-34,-0.8585,
0,130,1373,0.0,0.0,-34,-0.8585,
0,126,1810,0.0,0.0,4,-0.24,
0,127,1809,0.0,0.0,2,-0.2627,
0,128,1809,0.0,0.0,2,-0.296,
0,129,1809,0.0,0.0,2,-0.3294,
0,130,1609,0.0,0.0,0,-0.3627,
1,126,1148,59.2,-36.8,-6,-0.2808,
1,127,1104,62.4,-52.0,-6,-0.2808,
1,128,1060,65.6,-67.2,-6,-0.2808,
1,129,1016,68.8,-82.4,-6,-0.2808,
1,130,972,72.0,-97.6,-6,-0.2808,
1,126,621,0.0,0.0,-1,-0.0319,
1,127,546,0.0,0.0,0,-0.025,
1,128,486,0.0,0.0,1,-0.0211,
1,129,426,0.0,0.0,1,-0.0178,
1,130,370,0.0,-6.4,1,-0.0172,
1,126,778,0.0,-6.4,8,-0.247,
1,127,718,0.0,-21.6,8,-0.247,
1,128,658,0.0,-36.8,8,-0.247,
1,129,606,0.0,-52.0,8,-0.247,
1,130,546,0.0,-67.2,8,-0.247,
1,126,825,21.2,-21.6,-6,-0.3598,
1,127,781,27.6,-36.8,-6,-0.3598,
1,128,737,34.0,-52.0,-6,-0.3598,
1,129,693,40.4,-67.2,-6,-0.3598,
1,130,653,46.8,-82.4,-6,-0.3598,
1,126,447,0.0,0.0,-8,-0.4538,
1,127,371,0.0,-11.2,-8,-0.4649,
1,128,295,0.0,-26.4,-8,-0.4649,
1,129,219,0.0,-41.6,-8,-0.4649,
1,130,151,0.0,-56.8,-8,-0.4649,
0,126,1926,0.0,0.0,-12,-0.7008,
0,127,1940,0.0,0.0,-12,-0.7008,
0,128,1954,0.0,0.0,-12,-0.7008,
0,129,1968,0.0,0.0,-12,-0.7008,
0,130,1982,0.0,0.0,-12,-0.7008,
1,126,45,0.0,-46.4,-17,-0.7229,
1,127,-22,0.0,-61.6,-17,-0.7273,
1,128,-89,0.0,-76.8,-17,-0.7323,
1,129,-162,0.0,-92.0,-17,-0.737,
1,130,-1698,0.0,-100.0,-18,-0.7425,
1,126,688,0.0,-51.2,5,-0.2454,
1,127,720,0.0,-66.4,5,-0.2454,
1,128,644,0.0,-81.6,5,-0.2454,
1,129,568,0.0,-96.8,5,-0.2454,
1,130,-948,0.0,-100.0,5,-0.2454,
1,126,500,0.0,-36.0,-1,-0.2504,
1,127,424,0.0,-51.2,-1,-0.2615,
1,128,348,0.0,-66.4,-1,-0.2728,
1,129,272,0.0,-81.6,-1,-0.2841,
1,130,212,0.0,-96.8,-1,-0.2954,
1,126,880,15.6,-46.4,-2,-0.4314,
1,127,829,19.0,-61.6,-2,-0.4394,
1,128,770,19.2,-76.8,-2,-0.4474,
1,129,693,19.4,-92.0,-2,-0.4554,
1,130,-846,19.6,-100.0,-2,-0.4554,
1,126,778,0.0,-46.4,21,-0.0542,
1,127,830,0.0,-61.6,21,-0.0542,
1,128,759,0.0,-76.8,22,-0.0556,
1,129,687,0.0,-92.0,22,-0.0556,
1,130,-846,0.0,-100.0,22,-0.0555,
1,126,334,20.8,-51.2,-20,-0.4226,
1,127,272,23.6,-66.4,-20,-0.4339,
1,128,210,26.4,-81.6,-20,-0.4453,
1,129,148,29.2,-96.8,-20,-0.4568,
1,130,-1354,32.0,-100.0,-20,-0.4681,
1,126,831,14.4,-51.2,10,-0.0552,
1,127,763,16.0,-66.4,10,-0.0552,
1,128,695,17.6,-81.6,10,-0.0552,
1,129,627,19.2,-96.8,10,-0.0552,
1,130,-881,20.8,-100.0,10,-0.0552,
1,126,-615,0.0,-76.0,-43,-0.9702,
1,127,-587,0.0,-93.6,-43,-0.9702,
1,128,-2119,0.0,-100.0,-43,-0.9702,
1,126,458,0.8,-51.2,-6,-0.5479,
1,127,490,0.8,-66.4,-6,-0.5591,
1,128,414,0.8,-81.6,-6,-0.5591,
1,129,338,0.8,-96.8,-6,-0.5591,
1,130,-1178,0.8,-100.0,-6,-0.5591,
1,126,1261,0.0,-20.8,6,-0.0451,
1,127,1188,0.0,-36.0,4,-0.0528,
1,128,1125,0.0,-51.2,5,-0.0475,
1,129,1076,0.0,-66.4,5,-0.0405,
1,130,1018,3.2,-81.6,5,-0.0405,
1,126,799,0.0,0.0,-5,-0.2872,
1,127,220,0.0,0.0,-6,-0.2906,
1,128,144,0.0,0.0,-8,-0.2906,
1,129,76,0.0,0.0,-7,-0.2903,
1,130,10,0.0,0.0,-7,-0.2929,
1,126,100,0.0,-36.0,-25,-0.6981,
1,127,108,0.0,-36.0,-26,-0.7417,
1,128,114,0.0,-36.0,-29,-0.7851,
1,129,107,0.0,-36.0,-33,-0.8164,
1,130,-52,0.0,-51.2,-33,-0.8186,
1,126,597,0.0,-51.2,7,-0.348,
1,127,535,0.0,-66.4,6,-0.3563,
1,128,475,0.0,-81.6,5,-0.3649,
1,129,411,0.0,-96.8,5,-0.376,
1,130,410,0.0,-96.8,4,-0.3868,
1,126,1314,0.0,0.0,20,-0.0927,
1,127,1246,0.0,-6.4,20,-0.0927,
1,128,1254,0.0,-6.4,20,-0.0927,
1,129,1249,0.0,-6.4,18,-0.1102,
1,130,1172,0.0,-21.6,18,-0.1127,
1,126,1442,0.0,0.0,9,0.1599,
1,127,1442,0.0,0.0,7,0.1321,
1,128,1444,0.0,0.0,3,0.1097,
1,129,882,0.0,0.0,2,0.0991,
1,130,822,0.0,0.0,2,0.0991,
0,126,1603,0.0,0.0,-9,-0.532,
0,127,1603,0.0,0.0,-9,-0.532,
0,128,1603,0.0,0.0,-9,-0.532,
0,129,1603,0.0,0.0,-9,-0.532,
0,130,1603,0.0,0.0,-9,-0.532,
1,126,741,0.0,0.0,-10,-0.1979,
1,127,667,0.0,-6.4,-10,-0.1979,
1,128,601,0.0,-21.6,-10,-0.1979,
1,129,535,0.0,-36.8,-10,-0.1979,
1,130,565,0.0,-52.0,-10,-0.1979,
1,126,597,0.0,-51.2,4,-0.0264,
1,127,573,0.0,-66.4,4,-0.0377,
1,128,649,0.0,-81.6,4,-0.0377,
1,129,609,0.0,-96.8,4,-0.0377,
1,130,-863,0.0,-100.0,4,-0.0377,
1,126,416,0.0,0.0,-18,-0.3372,
1,127,340,0.0,0.0,-18,-0.3372,
1,128,264,0.0,0.0,-18,-0.3372,
1,129,188,0.0,0.0,-18,-0.3372,
1,130,188,0.0,0.0,-18,-0.3487,
1,126,267,0.0,-21.6,-10,-0.4402,
1,127,275,0.0,-21.6,-10,-0.4402,
1,128,283,0.0,-21.6,-12,-0.4802,
1,129,290,0.0,-21.6,-14,-0.519,
1,130,294,0.0,-21.6,-20,-0.5529,
1,126,871,0.0,0.0,-5,-0.4966,
1,127,893,0.0,0.0,-8,-0.5234,
1,128,913,0.0,0.0,-12,-0.5448,
1,129,882,0.0,0.0,-12,-0.5521,
1,130,822,0.0,-6.4,-12,-0.5521,
1,126,159,0.0,-46.4,-15,-0.1985,
1,127,-9,0.0,-61.6,-15,-0.1985,
1,128,-77,0.0,-76.8,-15,-0.1985,
1,129,-145,0.0,-92.0,-15,-0.2023,
1,130,-1676,0.0,-100.0,-13,-0.2072,
1,126,-1645,0.0,-100.0,-19,-0.3273,
1,126,1071,0.0,0.0,1,-0.0619,
1,127,1011,0.0,-6.4,1,-0.0619,
1,128,1020,0.0,-6.4,2,-0.0589,
1,129,1028,0.0,-6.4,3,-0.0979,
1,130,1025,0.0,-6.4,-1,-0.1289,
0,126,1337,0.0,0.0,-4,-0.3639,
0,127,1353,0.0,0.0,-4,-0.3639,
0,128,1385,0.0,0.0,-4,-0.3639,
0,129,1417,0.0,0.0,-4,-0.3639,
0,130,1529,0.0,0.0,-4,-0.3639,
1,126,1270,75.2,0.0,-1,-0.2377,
1,127,1201,75.2,0.0,-1,-0.2374,
1,128,1133,75.2,0.0,-1,-0.2374,
1,129,1065,75.2,-6.4,-1,-0.2374,
1,130,997,75.2,-21.6,-1,-0.2374,
1,126,541,0.0,-51.2,-11,-0.2346,
1,127,506,0.0,-66.4,-11,-0.2367,
1,128,479,0.0,-81.6,-11,-0.2364,
1,129,454,0.0,-96.8,-11,-0.2364,
1,130,-1011,0.0,-100.0,-11,-0.2364,
1,126,209,0.0,-51.2,2,-0.1737,
1,127,252,0.0,-66.4,2,-0.1829,
1,128,192,0.0,-81.6,2,-0.1829,
1,129,232,0.0,-96.8,2,-0.1829,
1,130,-1284,0.0,-100.0,2,-0.1829,
0,126,1260,0.0,0.0,-14,-0.3955,
0,127,1268,0.0,0.0,-14,-0.3955,
0,128,1276,0.0,0.0,-14,-0.3955,
0,129,1284,0.0,0.0,-14,-0.3955,
0,130,1388,0.0,0.0,-14,-0.3955,
0,126,1929,0.0,0.0,-31,-0.8711,
0,127,1936,0.0,0.0,-31,-0.8711,
0,128,1943,0.0,0.0,-31,-0.8711,
0,129,1950,0.0,0.0,-31,-0.8711,
0,130,1957,0.0,0.0,-31,-0.8711,
1,126,-1441,0.0,0.0,12,0.5854,
1,127,-1441,0.0,0.0,12,0.5854,
1,128,-1441,0.0,0.0,12,0.5854,
1,129,-1441,0.0,0.0,12,0.5854,
1,130,-1441,0.0,0.0,12,0.5854,
0,126,-934,51.2,-2.4,-8,0.106,
0,127,-866,66.4,-4.0,-8,0.106,
0,128,-798,81.6,-5.6,-8,0.106,
0,129,-722,96.8,-5.6,-8,0.106,
0,130,-722,96.8,-5.6,-8,0.106,
1,126,-1769,0.0,0.0,-10,0.4459,
1,127,-1793,0.0,0.0,-10,0.4459,
1,128,-1801,0.0,0.0,-10,0.4459,
1,129,-1801,0.0,0.0,-10,0.4459,
1,130,-1801,0.0,0.0,-10,0.4459,
1,126,-1578,0.0,0.0,24,0.6511,
1,127,-1578,0.0,0.0,24,0.6511,
1,128,-2082,0.0,0.0,24,0.6511,
1,129,-2086,0.0,0.0,24,0.6511,
1,130,-2090,0.0,0.0,24,0.6511,
0,126,-599,0.0,0.0,17,0.4641,
0,127,-547,0.0,0.0,17,0.4641,
0,128,-487,0.0,0.0,17,0.4641,
0,129,-427,5.6,0.0,17,0.4641,
0,130,-367,20.8,0.0,17,0.4641,
0,126,-388,20.8,0.0,-10,0.293,
0,127,-312,36.0,0.0,-10,0.2961,
0,128,-244,51.2,0.0,-10,0.2961,
0,129,-184,66.4,0.0,-10,0.2961,
0,130,-124,81.6,0.0,-10,0.2961,
0,126,-606,0.0,0.0,6,0.197,
0,127,-566,6.4,0.0,6,0.197,
0,128,-622,21.6,0.0,6,0.197,
0,129,-562,36.8,0.0,6,0.197,
0,130,-486,52.0,0.0,6,0.197,
0,126,-651,51.2,0.0,-4,0.1334,
0,127,-591,66.4,0.0,-4,0.1323,
0,128,-516,81.6,0.0,-5,0.1312,
0,129,-441,96.8,0.0,-5,0.1312,
0,130,1074,100.0,0.0,-5,0.1312,
0,126,-1207,46.4,0.0,-17,-0.0525,
0,127,-1131,61.6,0.0,-17,-0.0525,
0,128,-1055,76.8,0.0,-17,-0.0525,
0,129,-979,92.0,0.0,-17,-0.0525,
0,130,561,100.0,0.0,-17,-0.0525,
0,126,-67,51.2,0.0,14,0.3674,
0,127,-23,66.4,0.0,14,0.3674,
0,128,37,81.6,0.0,14,0.3674,
0,129,89,96.8,0.0,14,0.3674,
0,130,1481,100.0,0.0,14,0.3674,
0,126,173,90.4,0.0,27,0.6912,
0,127,1713,100.0,0.0,27,0.6912,
0,126,-611,51.2,-10.4,10,0.5737,
0,127,-558,66.4,-13.6,11,0.5844,
0,128,-505,81.6,-16.8,11,0.5919,
0,129,-460,96.8,-20.0,11,0.6017,
0,130,1041,100.0,0.0,14,0.6147,
0,126,-61,0.0,0.0,16,0.492,
0,127,-55,0.0,0.0,16,0.5035,
0,128,60,0.0,0.0,17,0.5152,
0,129,55,0.0,0.0,18,0.5204,
0,130,50,0.0,0.0,18,0.5204,
0,126,-1004,0.0,-24.8,20,0.6749,
0,127,-937,0.0,-26.6,20,0.6749,
0,128,-870,0.0,-28.4,20,0.6749,
0,129,-803,8.0,-30.2,20,0.6749,
0,130,-812,8.0,-32.0,20,0.6749,
0,126,-866,6.4,0.0,-19,0.2003,
0,127,-822,21.6,0.0,-19,0.2057,
0,128,-889,36.8,0.0,-19,0.2126,
0,129,-830,52.0,0.0,-19,0.2153,
0,130,-770,67.2,0.0,-19,0.2153,
0,126,-68,76.0,0.0,14,0.4944,
0,127,12,93.6,0.0,14,0.4944,
0,128,1536,100.0,0.0,14,0.4944,
0,126,-155,51.2,0.0,21,0.4756,
0,127,-87,66.4,0.0,21,0.4756,
0,128,-11,81.6,0.0,21,0.4756,
0,129,65,96.8,0.0,21,0.4756,
0,130,1581,100.0,0.0,21,0.4756,
0,126,-455,0.0,0.0,-2,-0.0429,
0,127,-375,0.0,0.0,-3,-0.0494,
0,128,-301,0.0,0.0,-4,-0.0619,
0,129,-226,11.2,0.0,-6,-0.0743,
0,130,-145,26.4,0.0,-8,-0.0792,
0,126,-304,51.2,0.0,-16,0.1918,
0,127,-235,66.4,0.0,-14,0.1985,
0,128,-176,81.6,0.0,-12,0.2031,
0,129,-108,96.8,0.0,-11,0.2132,
0,130,1293,100.0,0.0,-11,0.2237,
0,126,-832,51.2,0.0,-7,0.1452,
0,127,-756,66.4,0.0,-7,0.1452,
0,128,-680,81.6,0.0,-7,0.1452,
0,129,-604,96.8,0.0,-7,0.1452,
0,130,912,100.0,0.0,-7,0.1452,
0,126,-699,23.6,0.0,1,0.6186,
0,127,-630,38.8,0.0,2,0.6225,
0,128,-578,54.0,0.0,2,0.6225,
0,129,-602,54.0,0.0,3,0.6266,
0,130,-614,54.0,0.0,10,0.6509,
0,126,205,0.0,0.0,24,0.6523,
0,127,237,0.0,0.0,24,0.6523,
0,128,329,0.0,0.0,24,0.6523,
0,129,225,0.0,0.0,24,0.6523,
0,130,225,0.0,0.0,24,0.6794,
0,126,376,51.2,0.0,37,0.8011,
0,127,452,66.4,0.0,37,0.8011,
0,128,528,81.6,0.0,37,0.8011,
0,129,603,96.8,0.0,37,0.8074,
0,130,2115,100.0,0.0,37,0.8165,
0,126,-302,5.6,0.0,21,0.5078,
0,127,-227,20.8,0.0,21,0.5099,
0,128,-154,36.0,0.0,21,0.5115,
0,129,-81,51.2,0.0,22,0.5138,
0,130,-9,66.4,0.0,22,0.5167,
0,126,-253,46.4,0.0,-8,0.0128,
0,127,-185,61.6,0.0,-10,0.0168,
0,128,-109,76.8,0.0,-10,0.0208,
0,129,-33,92.0,0.0,-9,0.0249,
0,130,1507,100.0,0.0,-9,0.0288,
0,126,-646,20.8,0.0,-2,0.1454,
0,127,-662,20.8,-3.4,-2,0.1894,
0,128,-675,20.8,-6.6,-2,0.2198,
0,129,-620,36.0,-9.8,-2,0.2182,
0,130,-567,51.2,-13.0,-2,0.2182,
0,126,-411,76.0,0.0,27,0.6784,
0,127,-351,93.6,-2.4,27,0.6784,
0,128,1165,100.0,-5.6,27,0.6784,
0,126,-495,41.6,0.0,18,0.587,
0,127,-418,56.8,0.0,18,0.5878,
0,128,-342,72.0,0.0,18,0.5899,
0,129,-267,87.2,0.0,17,0.592,
0,130,1297,100.0,0.0,17,0.5934,
0,126,-1164,0.0,0.0,-6,0.1362,
0,127,-1122,0.0,0.0,-6,0.1362,
0,128,-1156,0.0,0.0,-6,0.1362,
0,129,-1082,6.4,0.0,-6,0.1362,
0,130,-1008,21.6,0.0,-6,0.1477,
1,126,-1432,0.0,0.0,0,0.4554,
1,127,-1438,0.0,0.0,2,0.5097,
1,128,-1948,0.0,0.0,4,0.5297,
1,129,-1954,0.0,0.0,4,0.5297,
1,130,-1954,0.0,0.0,4,0.5297,
0,126,-296,51.2,0.0,10,0.2406,
0,127,-244,66.4,0.0,10,0.2406,
0,128,-192,81.6,0.0,10,0.2406,
0,129,-140,96.8,0.0,10,0.2473,
0,130,1352,100.0,0.0,10,0.2541,
0,126,625,51.2,0.0,21,0.6483,
0,127,181,66.4,0.0,21,0.6483,
0,128,253,81.6,0.0,21,0.6483,
0,129,325,96.8,0.0,21,0.6483,
0,130,1837,100.0,0.0,21,0.6483,
0,126,-882,5.6,0.0,-16,-0.1373,
0,127,-866,5.6,0.0,-16,-0.1373,
0,128,-847,5.6,0.0,-13,-0.0998,
0,129,-750,20.8,0.0,-10,-0.0781,
0,130,-658,36.0,0.0,-10,-0.0781,
0,126,-598,0.0,0.0,1,0.256,
0,127,-596,0.0,0.0,2,0.2854,
0,128,-595,0.0,0.0,4,0.3192,
0,129,-516,0.0,0.0,6,0.3362,
0,130,-440,0.0,0.0,6,0.3389,
0,126,847,100.0,0.0,28,0.5373,
0,126,-397,46.4,0.0,15,0.4865,
0,127,-321,61.6,0.0,15,0.4978,
0,128,-261,76.8,0.0,15,0.5088,
0,129,-297,92.0,0.0,15,0.52,
0,130,1243,100.0,0.0,15,0.5313,
1,126,-1410,0.0,0.0,-1,0.4415,
1,127,-1410,0.0,0.0,-1,0.4415,
1,128,-1410,0.0,0.0,-1,0.4415,
1,129,-1410,0.0,0.0,-1,0.4415,
1,130,-1410,0.0,0.0,-1,0.4415,
0,126,-322,51.2,0.0,11,0.5158,
0,127,-324,51.2,0.0,11,0.5158,
0,128,-247,66.4,0.0,11,0.5128,
0,129,-195,81.6,0.0,11,0.5128,
0,130,-143,96.8,0.0,11,0.5128,
1,126,-872,0.0,0.0,3,0.4127,
1,127,-872,0.0,0.0,3,0.4127,
1,128,-870,0.0,0.0,11,0.471,
1,129,-864,0.0,0.0,11,0.4756,
1,130,-864,0.0,0.0,11,0.4756,
1,126,-326,0.0,0.0,30,0.7063,
1,127,-318,0.0,0.0,30,0.7063,
1,128,-318,0.0,0.0,30,0.7063,
1,129,-430,0.0,0.0,30,0.7377,
1,130,-430,0.0,0.0,33,0.769,
0,126,-277,51.2,0.0,6,0.264,
0,127,-233,66.4,0.0,6,0.264,
0,128,-281,81.6,0.0,6,0.264,
0,129,-213,96.8,0.0,6,0.264,
0,130,1295,100.0,0.0,6,0.264,
1,126,-1372,0.0,0.0,30,0.9299,
1,127,-1372,0.0,0.0,30,0.9299,
1,128,-1372,0.0,0.0,30,0.9299,
1,129,-1372,0.0,0.0,30,0.9299,
1,130,-1372,0.0,0.0,30,0.9299,
0,126,178,51.2,0.0,6,0.211,
0,127,249,66.4,0.0,6,0.211,
0,128,320,81.6,0.0,6,0.211,
0,129,391,96.8,0.0,6,0.211,
0,130,1894,100.0,0.0,6,0.211,
1,126,-1415,0.0,0.0,-12,0.1957,
1,127,-1415,0.0,0.0,-12,0.1957,
1,128,-1415,0.0,0.0,-12,0.1957,
1,129,-1415,0.0,0.0,-12,0.1957,
1,130,-1415,0.0,0.0,-12,0.1957,
0,126,-742,0.0,0.0,-9,0.0639,
0,127,-742,0.0,0.0,-9,0.0717,
0,128,-738,0.0,0.0,-9,0.0729,
0,129,-662,0.0,0.0,-9,0.0647,
0,130,-589,6.4,0.0,-9,0.0593,
0,126,-180,0.0,0.0,15,0.1924,
0,127,-192,0.0,0.0,15,0.2041,
0,128,-196,0.0,0.0,16,0.2243,
0,129,-123,0.0,0.0,15,0.2362,
0,130,-69,6.4,0.0,15,0.2464,
0,126,-514,36.8,0.0,6,0.218,
0,127,-550,52.0,0.0,6,0.218,
0,128,-474,67.2,0.0,6,0.218,
0,129,-474,67.2,0.0,6,0.2294,
0,130,-473,67.2,0.0,10,0.2825,
0,126,-1089,0.0,0.0,-5,0.2068,
0,127,-1044,5.6,0.0,-5,0.2184,
0,128,-991,20.8,0.0,-5,0.2295,
0,129,-1038,36.0,0.0,-5,0.2295,
0,130,-977,51.2,0.0,-5,0.2295,
1,126,-712,0.0,0.0,34,0.8764,
1,127,-712,0.0,0.0,34,0.8764,
1,128,-712,0.0,0.0,34,0.8764,
1,129,-712,0.0,0.0,34,0.8764,
1,130,-712,0.0,0.0,34,0.8764,
1,126,-1525,0.0,0.0,41,0.9682,
1,127,-1525,0.0,0.0,41,0.9682,
1,128,-1525,0.0,0.0,41,0.9682,
1,129,-1525,0.0,0.0,41,0.9682,
1,130,-1525,0.0,0.0,41,0.9682,
0,126,575,21.6,0.0,30,0.6983,
0,127,635,36.8,0.0,30,0.6983,
0,128,695,52.0,0.0,30,0.6983,
0,129,739,67.2,0.0,30,0.6983,
0,130,791,82.4,0.0,30,0.6983,
1,126,-1404,0.0,0.0,4,0.333,
1,127,-1404,0.0,0.0,4,0.333,
1,128,-1920,0.0,0.0,4,0.333,
1,129,-1936,0.0,0.0,4,0.333,
1,130,-1944,0.0,0.0,4,0.333,
0,126,-536,51.2,0.0,3,0.5081,
0,127,-568,66.4,0.0,3,0.5173,
0,128,-500,81.6,0.0,3,0.5263,
0,129,-432,96.8,0.0,3,0.5349,
0,130,-440,96.8,0.0,3,0.544,
0,126,-1596,6.4,0.0,-37,-0.2144,
0,127,-1520,21.6,0.0,-37,-0.2144,
0,128,-1444,36.8,0.0,-37,-0.2144,
0,129,-1368,52.0,0.0,-37,-0.2144,
0,130,-1292,67.2,0.0,-37,-0.2144,
1,126,-1139,0.0,0.0,15,0.5664,
1,127,-1153,0.0,0.0,15,0.5664,
1,128,-1167,0.0,0.0,15,0.5664,
1,129,-1181,0.0,0.0,15,0.5664,
1,130,-1195,0.0,0.0,15,0.5664,
0,126,-642,51.2,-12.0,32,0.6549,
0,127,-658,51.2,-15.2,32,0.6549,
0,128,-674,51.2,-18.4,32,0.6989,
0,129,-690,51.2,-21.6,32,0.7429,
0,130,-703,51.2,-24.8,34,0.7882,
0,126,-1299,0.0,-31.0,28,0.5487,
0,127,-1257,5.6,-35.0,28,0.5487,
0,128,-1215,20.8,-39.0,28,0.5487,
0,129,-1159,36.0,-43.0,28,0.5487,
0,130,-1103,51.2,-47.0,28,0.5487,
0,126,-814,0.0,0.0,-6,0.088,
0,127,-738,6.4,0.0,-6,0.088,
0,128,-686,21.6,0.0,-6,0.088,
0,129,-634,36.8,0.0,-6,0.088,
0,130,-581,52.0,0.0,-2,0.0943,
1,126,-1978,0.0,0.0,19,0.7327,
1,127,-1978,0.0,0.0,19,0.7327,
1,128,-1978,0.0,0.0,19,0.7327,
1,129,-1978,0.0,0.0,19,0.7327,
1,130,-1978,0.0,0.0,19,0.7327,
0,126,-1565,0.0,0.0,22,0.3973,
0,127,-1112,0.0,0.0,23,0.3999,
0,128,-1052,0.0,0.0,24,0.3983,
0,129,-994,0.0,0.0,24,0.3983,
0,130,-936,0.0,0.0,24,0.3983,
0,126,-474,0.0,0.0,0,0.2902,
0,127,-472,0.0,0.0,1,0.3255,
0,128,-472,0.0,0.0,2,0.3525,
0,129,-471,0.0,0.0,5,0.3909,
0,130,-477,0.0,0.0,8,0.4273,
0,126,-976,0.0,0.0,13,0.6037,
0,127,-936,0.0,0.0,13,0.6037,
0,128,-880,0.0,0.0,13,0.6037,
0,129,-824,0.0,0.0,13,0.6037,
0,130,-768,0.0,0.0,13,0.6037,
0,126,-900,51.2,0.0,-18,-0.0887,
0,127,-891,51.2,0.0,-18,-0.0887,
0,128,-880,51.2,0.0,-11,-0.0537,
0,129,-797,66.4,0.0,-10,-0.0437,
0,130,-732,81.6,0.0,-10,-0.0437,
0,126,-845,20.8,0.0,-5,0.0224,
0,127,-769,36.0,0.0,-5,0.0313,
0,128,-694,51.2,0.0,-5,0.0405,
0,129,-618,66.4,0.0,-4,0.0483,
0,130,-542,81.6,0.0,-2,0.0561,
1,126,-1281,0.0,0.0,12,0.3417,
1,127,-1281,0.0,0.0,12,0.3417,
1,128,-1281,0.0,0.0,12,0.3417,
1,129,-1281,0.0,0.0,12,0.3417,
1,130,-1281,0.0,0.0,12,0.3417,
0,126,-874,51.2,-49.6,9,0.3831,
0,127,-814,66.4,-52.8,9,0.3831,
0,128,-754,81.6,-56.0,9,0.3831,
0,129,-806,96.8,-59.2,9,0.3831,
0,130,694,100.0,-62.4,9,0.3921,
0,126,-831,0.0,0.0,2,0.1858,
0,127,-761,5.6,0.0,2,0.1888,
0,128,-791,20.8,0.0,2,0.1888,
0,129,-621,36.0,0.0,2,0.1888,
0,130,-557,51.2,0.0,2,0.1888,
1,126,-1373,0.0,0.0,39,1.058,
1,127,-1373,0.0,0.0,39,1.058,
1,128,-1373,0.0,0.0,39,1.058,
1,129,-1373,0.0,0.0,39,1.058,
1,130,-1889,0.0,0.0,39,1.058,
0,126,-109,20.8,0.0,12,0.4551,
0,127,-84,36.0,0.0,12,0.4551,
0,128,-44,51.2,0.0,12,0.4551,
0,129,-4,66.4,0.0,12,0.4551,
0,130,29,81.6,0.0,12,0.4551,
1,126,-1799,0.0,0.0,6,0.5612,
1,127,-1594,0.0,0.0,8,0.5747,
1,128,-1910,0.0,0.0,8,0.5747,
1,129,-1926,0.0,0.0,8,0.5747,
1,130,-1942,0.0,0.0,8,0.5747,
1,126,-1406,0.0,0.0,3,0.5122,
1,127,-1406,0.0,0.0,3,0.5122,
1,128,-1406,0.0,0.0,3,0.5122,
1,129,-1406,0.0,0.0,3,0.5122,
1,130,-1406,0.0,0.0,3,0.5122,
0,126,-514,0.0,0.0,42,0.7411,
0,127,-450,0.0,0.0,42,0.7411,
0,128,-386,5.6,0.0,42,0.7411,
0,129,-324,23.2,0.0,42,0.7411,
0,130,-262,40.8,0.0,42,0.7411,
0,126,1321,100.0,0.0,13,0.3621,
0,126,-732,0.0,0.0,17,0.4153,
0,127,-730,0.0,0.0,19,0.4461,
0,128,-736,0.0,0.0,19,0.4773,
0,129,-742,0.0,0.0,19,0.5027,
0,130,-749,0.0,0.0,20,0.5301,
1,126,-1904,0.0,0.0,13,0.6554,
1,127,-1912,0.0,0.0,13,0.6554,
1,128,-1920,0.0,0.0,13,0.6554,
1,129,-1940,0.0,0.0,13,0.6554,
1,130,-1960,0.0,0.0,13,0.6554,
1,126,-1188,0.0,0.0,12,0.4599,
1,127,-1188,0.0,0.0,12,0.4599,
1,128,-1188,0.0,0.0,12,0.4599,
1,129,-1188,0.0,0.0,12,0.4599,
1,130,-1188,0.0,0.0,12,0.4599,
0,126,-620,51.2,0.0,-6,-0.095,
0,127,-576,66.4,0.0,-6,-0.095,
0,128,-693,66.4,0.0,-6,-0.095,
0,129,-629,81.6,0.0,-5,-0.084,
0,130,-569,96.8,0.0,-5,-0.084,
0,126,-333,0.0,0.0,12,0.2252,
0,127,-281,0.0,0.0,12,0.2252,
0,128,-229,0.0,0.0,12,0.2361,
0,129,-169,0.0,0.0,12,0.2476,
0,130,-109,0.0,0.0,12,0.259,
0,126,600,0.0,0.0,17,0.3377,
0,127,669,11.2,0.0,17,0.3427,
0,128,737,26.4,0.0,19,0.3502,
0,129,804,41.6,0.0,19,0.3502,
0,130,872,56.8,0.0,18,0.3552,
1,126,-2312,0.0,0.0,37,1.0132,
1,127,-2311,0.0,0.0,38,1.0332,
1,128,-2217,0.0,0.0,38,1.0322,
1,129,-2040,0.0,0.0,38,1.0322,
1,130,-2047,0.0,0.0,38,1.0322,
1,126,-1506,0.0,0.0,20,0.5125,
1,127,-1506,0.0,0.0,20,0.5125,
1,128,-1506,0.0,0.0,20,0.5125,
1,129,-1506,0.0,0.0,20,0.5125,
1,130,-1522,0.0,0.0,20,0.5125,
0,126,-502,51.2,0.0,17,0.4382,
0,127,-399,66.4,0.0,17,0.4431,
0,128,-303,66.4,0.0,17,0.4431,
0,129,-331,81.6,0.0,17,0.4411,
0,130,-271,96.8,0.0,17,0.4411,
0,126,-46,96.6,0.0,19,0.3743,
0,127,1572,100.0,0.0,22,0.3784,
1,126,-1973,0.0,0.0,14,0.7792,
1,127,-1989,0.0,0.0,14,0.7792,
1,128,-1989,0.0,0.0,14,0.7792,
1,129,-1989,0.0,0.0,14,0.7792,
1,130,-1989,0.0,0.0,14,0.7792,
0,126,-804,0.0,0.0,16,0.356,
0,127,-726,0.0,0.0,16,0.3611,
0,128,-650,0.0,0.0,16,0.3611,
0,129,-716,0.0,0.0,16,0.3611,
0,130,-772,6.4,0.0,16,0.3611,
0,126,130,0.0,0.0,11,0.4495,
0,127,195,6.4,0.0,11,0.4495,
0,128,260,21.6,0.0,11,0.4495,
0,129,225,36.8,0.0,11,0.4495,
0,130,298,52.0,0.0,11,0.4495,
0,126,-1004,0.0,-0.8,6,0.2506,
0,127,-956,0.0,-3.2,6,0.2506,
0,128,-916,0.0,-5.6,6,0.2506,
0,129,-876,6.4,-8.0,6,0.2506,
0,130,-928,21.6,-10.4,6,0.2506,
0,126,-799,51.2,0.0,-12,0.1405,
0,127,-723,66.4,0.0,-12,0.1405,
0,128,-647,81.6,0.0,-12,0.1405,
0,129,-571,96.8,0.0,-12,0.1405,
0,130,945,100.0,0.0,-12,0.1405,
1,126,-1288,0.0,0.0,4,0.558,
1,127,-1288,0.0,0.0,4,0.558,
1,128,-1288,0.0,0.0,4,0.558,
1,129,-1402,0.0,0.0,4,0.558,
1,130,-1402,0.0,0.0,4,0.558,
0,126,-750,51.2,0.0,-12,0.0649,
0,127,-682,66.4,0.0,-12,0.0763,
0,128,-614,81.6,0.0,-12,0.0876,
0,129,-546,96.8,0.0,-12,0.0988,
0,130,962,100.0,0.0,-12,0.1099,
0,126,-892,51.2,-58.4,4,-0.0094,
0,127,-962,66.4,-63.2,4,-0.0024,
0,128,-804,81.6,-68.0,4,0.0046,
0,129,-762,96.8,-72.8,4,0.0046,
0,130,720,100.0,-77.6,4,0.0046,
1,126,-1619,0.0,0.0,3,0.5056,
1,127,-1619,0.0,0.0,3,0.5056,
1,128,-1619,0.0,0.0,3,0.5056,
1,129,-1619,0.0,0.0,3,0.5056,
1,130,-1619,0.0,0.0,3,0.5056,
0,126,-681,36.8,0.0,4,0.0832,
0,127,-685,36.8,0.0,4,0.0832,
0,128,-689,36.8,0.0,4,0.1272,
0,129,-693,36.8,0.0,4,0.1773,
0,130,-697,36.8,0.0,6,0.2223,
0,126,313,50.4,0.0,28,0.6948,
0,127,400,68.0,0.0,28,0.6948,
0,128,487,85.6,0.0,28,0.6948,
0,129,2042,100.0,0.0,28,0.6948,
0,126,-1329,0.0,0.0,27,0.6355,
0,127,-1349,0.0,0.0,29,0.651,
0,128,-803,0.0,0.0,29,0.6507,
0,129,-847,0.0,0.0,29,0.6507,
0,130,-779,0.0,0.0,29,0.6507,
0,126,-644,51.2,-14.4,11,0.4047,
0,127,-568,66.4,-14.4,11,0.4047,
0,128,-492,81.6,-14.4,11,0.4047,
0,129,-416,96.8,-14.4,11,0.4047,
0,130,1100,100.0,-14.4,11,0.4047,
0,126,-603,51.2,0.0,14,0.5706,
0,127,-527,66.4,0.0,14,0.5706,
0,128,-451,81.6,0.0,14,0.5706,
0,129,-451,81.6,0.0,14,0.5706,
0,130,-373,96.8,0.0,14,0.5706,
0,126,-87,51.2,0.0,15,0.2845,
0,127,-11,66.4,0.0,15,0.2845,
0,128,65,81.6,0.0,15,0.2845,
0,129,141,96.8,0.0,15,0.2845,
0,130,1657,100.0,0.0,15,0.2845,
0,126,-763,6.4,0.0,0,0.2994,
0,127,-771,6.4,0.0,0,0.3434,
0,128,-779,6.4,0.0,1,0.3874,
0,129,-785,6.4,0.0,5,0.4326,
0,130,-790,6.4,0.0,13,0.4743,
0,126,-1007,6.4,-69.6,29,0.7635,
0,127,-944,21.6,-71.2,29,0.7635,
0,128,-881,36.8,-72.8,29,0.7635,
0,129,-815,52.0,-74.4,29,0.7635,
0,130,-749,67.2,-76.0,29,0.7635,
1,126,-872,0.0,0.0,10,0.1452,
1,127,-872,0.0,0.0,10,0.1452,
1,128,-932,0.0,0.0,10,0.1452,
1,129,-892,0.0,0.0,9,0.1492,
1,130,-960,0.0,0.0,9,0.1532,
0,126,-466,51.2,0.0,8,0.5086,
0,127,-390,66.4,0.0,8,0.5086,
0,128,-314,81.6,0.0,8,0.5199,
0,129,-238,96.8,0.0,8,0.5314,
0,130,1278,100.0,0.0,8,0.5426,
0,126,-221,51.2,0.0,17,0.3641,
0,127,-31,66.4,0.0,17,0.3743,
0,128,33,81.6,0.0,17,0.3743,
0,129,93,96.8,0.0,17,0.3743,
0,130,1597,100.0,0.0,17,0.3743,
0,126,-888,51.2,0.0,1,0.3774,
0,127,-844,66.4,0.0,1,0.3774,
0,128,-876,66.4,0.0,1,0.3774,
0,129,-892,66.4,0.0,1,0.4174,
0,130,-908,66.4,0.0,2,0.4574,
0,126,-817,0.0,0.0,0,0.2714,
0,127,-774,6.4,0.0,0,0.2714,
0,128,-724,21.6,0.0,0,0.2714,
0,129,-666,36.8,0.0,0,0.2714,
0,130,-608,52.0,0.0,0,0.2714,
0,126,-581,51.2,0.0,-3,0.1908,
0,127,-605,51.2,0.0,-3,0.1908,
0,128,-611,51.2,0.0,4,0.2354,
0,129,-538,66.4,0.0,4,0.2512,
0,130,-470,81.6,0.0,4,0.2512,
0,126,-695,0.0,0.0,13,0.2037,
0,127,-647,6.4,0.0,13,0.2037,
0,128,-697,21.6,0.0,13,0.2037,
0,129,-717,21.6,0.0,13,0.2037,
0,130,-745,21.6,0.0,13,0.2477,
0,126,-957,0.0,0.0,12,0.563,
0,127,-960,0.0,0.0,16,0.5876,
0,128,-883,0.0,0.0,16,0.5963,
0,129,-812,0.0,0.0,16,0.5963,
0,130,-749,0.0,0.0,16,0.5963,
0,126,-352,36.0,0.0,2,0.1536,
0,127,-160,51.2,0.0,2,0.1536,
0,128,-192,66.4,0.0,2,0.1536,
0,129,-116,81.6,0.0,2,0.1536,
0,130,-40,96.8,0.0,2,0.1536,
0,126,-427,16.0,0.0,27,0.6561,
0,127,-351,31.2,0.0,27,0.6561,
0,128,-275,46.4,0.0,27,0.6561,
0,129,-199,61.6,0.0,27,0.6561,
0,130,-123,76.8,0.0,27,0.6561,
0,126,527,51.2,0.0,17,0.4372,
0,127,583,66.4,0.0,17,0.4372,
0,128,639,81.6,0.0,17,0.4372,
0,129,707,96.8,0.0,17,0.4372,
0,130,2216,100.0,0.0,17,0.4368,
0,126,-1093,0.0,-28.4,0,0.3555,
0,127,-1033,0.0,-31.6,0,0.3555,
0,128,-973,0.0,-34.8,0,0.3555,
0,129,-913,11.2,-38.0,0,0.3555,
0,130,-853,26.4,-41.2,0,0.3555,
0,126,-186,51.2,0.0,-1,0.2049,
0,127,-126,66.4,0.0,-1,0.2049,
0,128,-66,81.6,0.0,-1,0.2049,
0,129,-98,96.8,0.0,-1,0.2049,
0,130,1418,100.0,0.0,-1,0.2049,
0,126,-684,51.2,0.0,-2,0.1761,
0,127,-604,66.4,0.0,-2,0.178,
0,128,-528,81.6,0.0,0,0.1929,
0,129,-452,96.8,0.0,0,0.1929,
0,130,1064,100.0,0.0,0,0.1929,
0,126,216,53.6,0.0,27,0.5414,
0,127,216,53.6,0.0,29,0.5855,
0,128,217,53.6,0.0,31,0.6252,
0,129,225,53.6,0.0,37,0.6593,
0,130,316,71.2,0.0,37,0.6633,
0,126,-610,0.0,0.0,-6,0.0245,
0,127,-436,3.6,0.0,-6,0.0245,
0,128,-464,18.4,0.0,-6,0.0245,
0,129,-390,33.2,0.0,-6,0.0245,
0,130,-316,48.0,0.0,-6,0.0245,
0,126,-162,5.6,0.0,18,0.4101,
0,127,-101,20.8,0.0,18,0.4235,
0,128,-41,36.0,0.0,18,0.4351,
0,129,19,51.2,0.0,18,0.4465,
0,130,79,66.4,0.0,18,0.4578,
0,126,-592,0.0,0.0,14,0.5803,
0,127,-437,0.0,0.0,14,0.5918,
0,128,-384,0.0,0.0,14,0.5918,
0,129,-308,6.4,0.0,14,0.5918,
0,130,-232,21.6,0.0,14,0.5918,
0,126,-628,36.0,0.0,10,0.2398,
0,127,-552,51.2,0.0,10,0.2398,
0,128,-484,66.4,0.0,10,0.2398,
0,129,-416,81.6,0.0,10,0.2398,
0,130,-349,96.8,0.0,9,0.2454,
0,126,-930,0.0,0.0,-3,0.1042,
0,127,-938,0.0,0.0,-3,0.1352,
0,128,-938,0.0,0.0,-3,0.1662,
0,129,-938,0.0,0.0,-3,0.1972,
0,130,-861,6.4,0.0,1,0.2267,
0,126,-928,51.2,0.0,-14,0.0638,
0,127,-853,66.4,0.0,-13,0.0539,
0,128,-761,81.6,0.0,-9,0.0436,
0,129,-668,96.8,0.0,-9,0.0436,
0,130,857,100.0,0.0,-9,0.0436,
1,126,-1180,0.0,0.0,1,0.3671,
1,127,-1180,0.0,0.0,1,0.3671,
1,128,-1180,0.0,0.0,1,0.3671,
1,129,-1180,0.0,0.0,1,0.3671,
1,130,-1180,0.0,0.0,1,0.3671,
0,126,-1844,0.0,0.0,6,0.2865,
0,127,-1857,0.0,0.0,8,0.3027,
0,128,-1884,0.0,0.0,11,0.3247,
0,129,-1896,0.0,0.0,14,0.3425,
0,130,-1909,0.0,0.0,15,0.3569,
1,126,-1396,0.0,0.0,24,0.5272,
1,127,-1404,0.0,0.0,24,0.5272,
1,128,-1412,0.0,0.0,24,0.5272,
1,129,-1412,0.0,0.0,24,0.5272,
1,130,-1412,0.0,0.0,24,0.5272,
0,126,32,5.6,0.0,21,0.507,
0,127,104,23.2,0.0,21,0.507,
0,128,176,40.8,0.0,21,0.507,
0,129,240,58.4,0.0,21,0.514,
0,130,304,76.0,0.0,20,0.5209,
1,126,-1392,0.0,0.0,10,0.7889,
1,127,-1392,0.0,0.0,10,0.7889,
1,128,-1392,0.0,0.0,10,0.7889,
1,129,-1392,0.0,0.0,10,0.7889,
1,130,-1392,0.0,0.0,10,0.7889,
1,126,-1879,0.0,0.0,34,0.9693,
1,127,-1882,0.0,0.0,34,0.9693,
1,128,-1885,0.0,0.0,34,0.9693,
1,129,-1888,0.0,0.0,34,0.9693,
1,130,-1891,0.0,0.0,34,0.9693,
0,126,-95,51.2,0.0,23,0.4657,
0,127,-95,51.2,0.0,23,0.4657,
0,128,-13,66.4,0.0,25,0.4703,
0,129,64,81.6,0.0,27,0.4768,
0,130,143,96.8,0.0,28,0.4787,
0,126,-609,0.0,0.0,-15,0.0943,
0,127,-557,0.0,0.0,-15,0.1055,
0,128,-513,0.0,0.0,-13,0.1172,
0,129,-585,6.4,0.0,-13,0.1284,
0,130,-657,21.6,0.0,-13,0.1284,
0,126,-397,51.2,0.0,-7,0.0748,
0,127,-329,66.4,0.0,-7,0.0748,
0,128,-253,81.6,0.0,-7,0.0748,
0,129,-177,96.8,0.0,-7,0.0748,
0,130,1339,100.0,0.0,-7,0.0748,
0,126,-332,21.6,0.0,15,0.3077,
0,127,-256,36.8,0.0,15,0.3144,
0,128,-192,52.0,0.0,15,0.3255,
0,129,-128,67.2,0.0,14,0.3369,
0,130,-64,82.4,0.0,14,0.3369,
0,126,-60,51.2,0.0,2,0.0566,
0,127,4,66.4,0.0,1,0.0633,
0,128,52,81.6,0.0,1,0.07,
0,129,100,96.8,0.0,1,0.0765,
0,130,1492,100.0,0.0,0,0.0831,
0,126,-220,51.2,0.0,1,0.0451,
0,127,-144,66.4,0.0,1,0.0451,
0,128,-80,81.6,0.0,1,0.0451,
0,129,-23,96.8,0.0,1,0.0451,
0,130,1474,100.0,0.0,1,0.0451,
0,126,-93,51.2,0.0,8,0.4024,
0,127,-67,66.4,0.0,8,0.4024,
0,128,-33,81.6,0.0,8,0.4024,
0,129,-99,96.8,0.0,8,0.4024,
0,130,1391,100.0,0.0,8,0.4024,
0,126,-567,36.0,0.0,0,0.2243,
0,127,-499,51.2,0.0,0,0.2243,
0,128,-431,66.4,0.0,0,0.2243,
0,129,-467,81.6,0.0,0,0.2243,
0,130,-391,96.8,0.0,0,0.2243,
0,126,-923,0.0,0.0,21,0.4197,
0,127,-847,0.0,0.0,21,0.4197,
0,128,-770,0.0,0.0,24,0.429,
0,129,-691,0.0,0.0,24,0.4345,
0,130,-727,0.0,0.0,24,0.4345,
0,126,-652,21.6,0.0,-19,0.0764,
0,127,-660,21.6,-0.8,-19,0.1279,
0,128,-592,36.8,-2.4,-19,0.1794,
0,129,-524,52.0,-4.0,-19,0.1908,
0,130,-456,67.2,-5.6,-19,0.202,
0,126,-434,20.8,0.0,-4,0.2584,
0,127,-388,36.0,0.0,-4,0.2584,
0,128,-341,51.2,0.0,-2,0.2663,
0,129,-311,66.4,0.0,-2,0.2663,
0,130,-289,81.6,0.0,-2,0.2663,
1,126,-579,0.0,0.0,16,0.614,
1,127,-456,0.0,0.0,19,0.6291,
1,128,-455,0.0,0.0,20,0.6346,
1,129,-559,0.0,0.0,20,0.6346,
1,130,-557,0.0,0.0,20,0.6346,
0,126,-240,0.0,0.0,34,0.6411,
0,127,-254,0.0,0.0,34,0.6678,
0,128,-268,0.0,0.0,37,0.6945,
0,129,-282,0.0,0.0,37,0.7119,
0,130,-295,0.0,0.0,39,0.7271,
1,126,-1557,0.0,0.0,-15,0.0341,
1,127,-1557,0.0,0.0,-15,0.0341,
1,128,-1557,0.0,0.0,-15,0.0341,
1,129,-1557,0.0,0.0,-15,0.0341,
1,130,-1557,0.0,0.0,-15,0.0341,
0,126,-902,0.0,0.0,-16,-0.0959,
0,127,-826,0.0,0.0,-17,-0.097,
0,128,-750,0.0,0.0,-18,-0.098,
0,129,-675,0.0,0.0,-18,-0.0985,
0,130,-638,6.4,0.0,-17,-0.1,
1,126,-1392,0.0,0.0,8,0.5281,
1,127,-1392,0.0,0.0,8,0.5281,
1,128,-1392,0.0,0.0,8,0.5281,
1,129,-1392,0.0,0.0,8,0.5281,
1,130,-1392,0.0,0.0,8,0.5281,
0,126,81,76.0,0.0,9,0.1675,
0,127,34,93.6,0.0,10,0.1675,
0,128,1546,100.0,0.0,10,0.1683,
0,126,-598,6.4,0.0,14,0.3871,
0,127,-529,21.6,0.0,14,0.3978,
0,128,-559,36.8,0.0,15,0.4059,
0,129,-482,52.0,0.0,17,0.4182,
0,130,-406,67.2,0.0,17,0.4182,
0,126,-488,51.2,0.0,-4,0.2087,
0,127,-412,66.4,0.0,-4,0.2087,
0,128,-336,81.6,0.0,-4,0.2087,
0,129,-260,96.8,0.0,-4,0.2087,
0,130,1256,100.0,0.0,-4,0.2201,
0,126,-1214,0.0,0.0,23,0.354,
0,127,-1246,0.0,0.0,23,0.354,
0,128,-1250,0.0,0.0,23,0.354,
0,129,-1254,0.0,0.0,23,0.385,
0,130,-1244,0.0,0.0,23,0.3959,
1,126,-1628,0.0,0.0,3,0.3751,
1,127,-1636,0.0,0.0,3,0.3751,
1,128,-1636,0.0,0.0,3,0.3751,
1,129,-1638,0.0,0.0,3,0.3751,
1,130,-1650,0.0,0.0,3,0.3751,
1,126,-1387,0.0,0.0,19,0.6474,
1,127,-1387,0.0,0.0,19,0.6474,
1,128,-1387,0.0,0.0,19,0.6474,
1,129,-1387,0.0,0.0,19,0.6474,
1,130,-1387,0.0,0.0,19,0.6474,
1,126,-1682,0.0,0.0,24,0.6735,
1,127,-1677,0.0,0.0,29,0.7255,
1,128,-1574,0.0,0.0,31,0.7355,
1,129,-1377,0.0,0.0,31,0.7355,
1,130,-1377,0.0,0.0,31,0.7355,
0,126,-512,0.0,0.0,10,0.2284,
0,127,-442,6.4,0.0,15,0.2349,
0,128,-371,21.6,0.0,17,0.2413,
0,129,-299,36.8,0.0,18,0.2473,
0,130,-219,52.0,0.0,17,0.2484,
0,126,-657,18.4,0.0,21,0.4241,
0,127,-581,36.0,0.0,21,0.407,
0,128,-506,53.6,0.0,21,0.4058,
0,129,-420,71.2,0.0,21,0.4034,
0,130,-339,88.8,0.0,21,0.4034,
0,126,-870,46.4,-68.6,6,0.3048,
0,127,-894,46.4,-71.8,6,0.3048,
0,128,-839,61.6,-75.0,6,0.3035,
0,129,-787,76.8,-78.2,6,0.3035,
0,130,-719,92.0,-78.2,6,0.3035,
0,126,-412,6.4,0.0,7,0.3504,
0,127,-348,21.6,0.0,7,0.3504,
0,128,-284,36.8,0.0,7,0.3504,
0,129,-213,52.0,0.0,7,0.3504,
0,130,-142,67.2,0.0,7,0.3504,
1,126,-76,0.0,0.0,24,0.7345,
1,127,-92,0.0,0.0,24,0.7345,
1,128,-96,0.0,0.0,24,0.7345,
1,129,-84,0.0,0.0,24,0.7345,
1,130,-72,0.0,0.0,25,0.7619,
0,126,-1384,51.2,-68.0,-1,0.1037,
0,127,-1421,66.4,-68.0,-1,0.1129,
0,128,-1342,81.6,-68.0,-1,0.112,
0,129,-1266,96.8,-68.0,1,0.1178,
0,130,250,100.0,-68.0,1,0.1291,
1,126,-1942,0.0,0.0,-12,0.1077,
1,127,-1942,0.0,0.0,-12,0.1077,
1,128,-1942,0.0,0.0,-12,0.1077,
1,129,-1942,0.0,0.0,-12,0.1077,
1,130,-1942,0.0,0.0,-12,0.1077,
0,126,-729,0.0,0.0,10,0.2998,
0,127,-657,0.0,0.0,10,0.3057,
0,128,-585,6.4,0.0,10,0.3057,
0,129,-613,21.6,0.0,10,0.3159,
0,130,-537,36.8,0.0,10,0.326,
1,126,-1595,0.0,0.0,27,0.9563,
1,127,-1611,0.0,0.0,27,0.9563,
1,128,-1627,0.0,0.0,27,0.9563,
1,129,-1643,0.0,0.0,27,0.9563,
1,130,-1659,0.0,0.0,27,0.9563,
1,126,-1380,0.0,0.0,24,0.7261,
1,127,-1380,0.0,0.0,24,0.7261,
1,128,-1380,0.0,0.0,24,0.7261,
1,129,-1380,0.0,0.0,24,0.7261,
1,130,-1380,0.0,0.0,24,0.7261,
0,126,-719,0.0,0.0,-11,0.3031,
0,127,-659,6.4,0.0,-11,0.3044,
0,128,-598,21.6,0.0,-11,0.3038,
0,129,-536,36.8,0.0,-11,0.3038,
0,130,-490,52.0,0.0,-11,0.3038,
0,126,-1773,0.0,0.0,-11,0.3469,
0,127,-1769,0.0,0.0,-7,0.3776,
0,128,-1191,0.0,0.0,-3,0.4094,
0,129,-1113,0.0,0.0,-4,0.4121,
0,130,-1037,0.0,0.0,-3,0.4189,
1,126,-1913,0.0,0.0,1,0.4081,
1,127,-1927,0.0,0.0,1,0.4081,
1,128,-1941,0.0,0.0,1,0.4081,
1,129,-1947,0.0,0.0,1,0.4081,
1,130,-1953,0.0,0.0,1,0.4081,
1,126,-1612,0.0,0.0,10,0.7121,
1,127,-1612,0.0,0.0,10,0.7121,
1,128,-1612,0.0,0.0,10,0.7121,
1,129,-1612,0.0,0.0,10,0.7121,
1,130,-1612,0.0,0.0,10,0.7121,
0,126,-1336,0.0,0.0,-3,0.4265,
0,127,-1260,0.0,0.0,-3,0.4366,
0,128,-1185,6.4,0.0,-3,0.4477,
0,129,-1109,21.6,0.0,-2,0.457,
0,130,-1033,36.8,0.0,-2,0.457,
0,126,-877,0.0,0.0,7,0.2494,
0,127,-801,0.0,0.0,7,0.2494,
0,128,-725,0.0,0.0,7,0.2494,
0,129,-769,6.4,0.0,7,0.2494,
0,130,-705,21.6,0.0,7,0.2494,
1,126,-1512,0.0,0.0,1,0.7753,
1,127,-1401,0.0,0.0,7,0.8276,
1,128,-1401,0.0,0.0,7,0.8276,
1,129,-1401,0.0,0.0,7,0.8276,
1,130,-1401,0.0,0.0,7,0.8276,
0,126,-578,0.0,0.0,18,0.4763,
0,127,-507,0.0,0.0,19,0.4895,
0,128,-531,0.0,0.0,19,0.4895,
0,129,-538,0.0,0.0,19,0.5168,
0,130,-545,0.0,0.0,24,0.5474,
0,126,-810,0.0,0.0,1,0.5147,
0,127,-734,5.6,0.0,1,0.5147,
0,128,-658,20.8,0.0,1,0.5147,
0,129,-582,36.0,0.0,1,0.5147,
0,130,-522,51.2,0.0,1,0.5147,
0,126,-362,51.2,0.0,3,0.145,
0,127,-286,66.4,0.0,3,0.145,
0,128,-210,81.6,0.0,2,0.1565,
0,129,-134,96.8,0.0,2,0.1677,
0,130,-134,96.8,0.0,2,0.1677,
0,126,-1492,0.0,0.0,6,0.5829,
0,127,-1508,0.0,0.0,6,0.6139,
0,128,-1523,0.0,0.0,8,0.632,
0,129,-1538,0.0,0.0,10,0.6519,
0,130,-1552,0.0,0.0,13,0.6726,
1,126,-697,0.0,0.0,22,0.4878,
1,127,-584,0.0,0.0,22,0.4961,
1,128,-584,0.0,0.0,22,0.4961,
1,129,-584,0.0,0.0,22,0.4961,
1,130,-584,0.0,0.0,22,0.4961,
1,126,-1400,0.0,0.0,13,0.7355,
1,127,-1400,0.0,0.0,13,0.7355,
1,128,-1400,0.0,0.0,13,0.7355,
1,129,-1400,0.0,0.0,13,0.7355,
1,130,-1400,0.0,0.0,13,0.7355,
0,126,-253,11.2,0.0,23,0.6676,
0,127,-175,26.4,0.0,24,0.6751,
0,128,-174,26.4,0.0,26,0.6871,
0,129,-92,41.6,0.0,26,0.6907,
0,130,-32,56.8,0.0,26,0.6907,
0,126,-25,51.2,0.0,16,0.6339,
0,127,35,66.4,0.0,16,0.6339,
0,128,97,81.6,0.0,17,0.6393,
0,129,157,96.8,0.0,17,0.6393,
0,130,1553,100.0,0.0,19,0.6463,
0,126,-345,51.2,0.0,14,0.5849,
0,127,-293,66.4,0.0,14,0.5849,
0,128,-241,81.6,0.0,14,0.5849,
0,129,-189,96.8,0.0,14,0.5849,
0,130,1303,100.0,0.0,14,0.5849,
1,126,-1780,0.0,0.0,21,0.9184,
1,127,-1788,0.0,0.0,21,0.9184,
1,128,-1788,0.0,0.0,21,0.9184,
1,129,-1796,0.0,0.0,21,0.9184,
1,130,-1804,0.0,0.0,21,0.9184,
0,126,-369,0.0,0.0,15,0.5733,
0,127,-298,0.0,0.0,15,0.5722,
0,128,-230,16.0,0.0,15,0.5722,
0,129,-162,34.4,0.0,15,0.5722,
0,130,-94,52.8,0.0,15,0.5722,
0,126,-405,51.2,0.0,-7,0.1939,
0,127,-338,66.4,0.0,-7,0.1939,
0,128,-263,81.6,0.0,-7,0.1939,
0,129,-92,96.8,0.0,-7,0.1939,
0,130,1417,100.0,0.0,-7,0.1939,
0,126,-399,51.2,0.0,2,0.3369,
0,127,-339,66.4,0.0,2,0.3369,
0,128,-279,81.6,0.0,2,0.3369,
0,129,-311,96.8,0.0,2,0.3369,
0,130,1189,100.0,0.0,2,0.3369,
0,126,155,51.2,0.0,6,0.1041,
0,127,219,66.4,0.0,6,0.1041,
0,128,283,81.6,0.0,6,0.1041,
0,129,347,96.8,0.0,6,0.1041,
0,130,1851,100.0,0.0,6,0.1041,
0,126,-528,6.4,0.0,4,0.4533,
0,127,-574,21.6,0.0,3,0.4597,
0,128,-507,36.8,0.0,3,0.466,
0,129,-439,52.0,0.0,3,0.4712,
0,130,-447,52.0,0.0,3,0.4764,
0,126,-243,51.2,0.0,3,0.1248,
0,127,-174,66.4,0.0,5,0.1351,
0,128,-111,81.6,0.0,6,0.1451,
0,129,-48,96.8,0.0,6,0.1536,
0,130,1453,100.0,0.0,7,0.1591,
1,126,-2108,0.0,0.0,17,0.8314,
1,127,-2006,0.0,0.0,19,0.8615,
1,128,-1902,0.0,0.0,19,0.8615,
1,129,-1905,0.0,0.0,19,0.8615,
1,130,-1908,0.0,0.0,19,0.8615,
1,126,-1818,0.0,0.0,-7,0.5702,
1,127,-1815,0.0,0.0,-7,0.5721,
1,128,-1815,0.0,0.0,-4,0.5833,
1,129,-1814,0.0,0.0,0,0.5945,
1,130,-1810,0.0,0.0,1,0.5969,
0,126,-471,51.2,0.0,-3,0.0423,
0,127,-403,66.4,0.0,-3,0.0423,
0,128,-338,81.6,0.0,-3,0.0423,
0,129,-273,96.8,0.0,-3,0.0423,
0,130,1235,100.0,-0.8,-3,0.0423,
1,126,-1395,0.0,0.0,12,0.6215,
1,127,-1395,0.0,0.0,12,0.6215,
1,128,-1395,0.0,0.0,12,0.6215,
1,129,-1395,0.0,0.0,12,0.6215,
1,130,-1395,0.0,0.0,12,0.6215,
0,126,73,51.2,0.0,14,0.5788,
0,127,141,66.4,0.0,14,0.5788,
0,128,209,81.6,0.0,14,0.5788,
0,129,277,96.8,0.0,14,0.5788,
0,130,1777,100.0,0.0,14,0.5788,
0,126,-31,36.8,0.0,5,0.3625,
0,127,37,52.0,0.0,10,0.3625,
0,128,223,67.2,0.0,11,0.3589,
0,129,291,82.4,0.0,11,0.3589,
0,130,351,97.6,0.0,11,0.3589,
1,126,-1574,0.0,0.0,29,0.9879,
1,127,-2082,0.0,0.0,29,0.9879,
1,128,-2090,0.0,0.0,29,0.9879,
1,129,-2098,0.0,0.0,29,0.9879,
1,130,-2106,0.0,0.0,29,0.9879,
1,126,-1356,0.0,0.0,20,0.7852,
1,127,-1364,0.0,0.0,20,0.7852,
1,128,-1372,0.0,0.0,20,0.7852,
1,129,-1888,0.0,0.0,20,0.7852,
1,130,-1896,0.0,0.0,20,0.7852,
0,126,-293,58.4,0.0,14,0.0348,
0,127,-207,76.0,0.0,14,0.0348,
0,128,-215,76.0,0.0,14,0.0348,
0,129,-129,93.6,0.0,14,0.0183,
0,130,1399,100.0,0.0,14,0.0183,
0,126,212,51.2,0.0,10,0.3601,
0,127,280,66.4,0.0,11,0.3681,
0,128,252,81.6,0.0,10,0.3761,
0,129,328,96.8,0.0,10,0.3842,
0,130,1844,100.0,0.0,11,0.3923,
1,126,-1384,0.0,0.0,21,0.8446,
1,127,-1384,0.0,0.0,21,0.8446,
1,128,-1384,0.0,0.0,21,0.8446,
1,129,-1384,0.0,0.0,21,0.8446,
1,130,-1384,0.0,0.0,21,0.8446,
0,126,1319,100.0,0.0,-12,0.2121,
0,126,-1083,0.0,0.0,34,0.7673,
0,127,-1017,0.0,0.0,34,0.7673,
0,128,-951,0.0,0.0,34,0.7673,
0,129,-893,0.0,0.0,34,0.7673,
0,130,-834,0.0,0.0,34,0.7673,
0,126,167,51.2,0.0,14,0.3319,
0,127,216,66.4,0.0,14,0.3338,
0,128,159,81.6,0.0,14,0.3338,
0,129,245,96.8,0.0,14,0.3356,
0,130,1753,100.0,0.0,14,0.3356,
0,126,580,35.6,0.0,11,0.4504,
0,127,568,35.6,0.0,16,0.488,
0,128,653,53.2,0.0,18,0.501,
0,129,635,70.8,0.0,18,0.501,
0,130,723,88.4,0.0,18,0.501,
0,126,90,36.8,0.0,3,0.2954,
0,127,129,52.0,0.0,3,0.2954,
0,128,173,67.2,0.0,5,0.3026,
0,129,219,82.4,0.0,7,0.3077,
0,130,263,97.6,0.0,7,0.3077,
1,126,-1215,0.0,0.0,-6,0.3578,
1,127,-1220,0.0,0.0,-4,0.3699,
1,128,-1228,0.0,0.0,-4,0.3699,
1,129,-1228,0.0,0.0,-4,0.3699,
1,130,-1228,0.0,0.0,-4,0.3699,
1,126,-1398,0.0,0.0,7,0.6319,
1,127,-1398,0.0,0.0,7,0.6319,
1,128,-1398,0.0,0.0,7,0.6319,
1,129,-1398,0.0,0.0,10,0.695,
1,130,-1393,0.0,0.0,15,0.7333,
0,126,-580,0.0,0.0,9,0.2424,
0,127,-512,0.0,0.0,9,0.2424,
0,128,-545,0.0,0.0,9,0.2424,
0,129,-562,0.0,0.0,9,0.2734,
0,130,-579,0.0,0.0,9,0.3044,
0,126,-704,20.8,0.0,3,0.3103,
0,127,-628,36.0,0.0,3,0.3103,
0,128,-552,51.2,0.0,3,0.3103,
0,129,-476,66.4,0.0,3,0.3103,
0,130,-408,81.6,0.0,3,0.3218,
1,126,-1384,0.0,0.0,30,0.8195,
1,127,-1384,0.0,0.0,30,0.8195,
1,128,-1384,0.0,0.0,30,0.8195,
1,129,-1384,0.0,0.0,30,0.8195,
1,130,-1384,0.0,0.0,30,0.8195,
0,126,-1236,0.0,0.0,-12,0.0792,
0,127,-1261,0.0,0.0,-8,0.1072,
0,128,-1210,0.0,-1.6,-6,0.13,
0,129,-1238,0.0,-7.2,-6,0.13,
0,130,-1250,0.0,-9.6,-6,0.1566,
0,126,-796,0.0,0.0,24,0.5591,
0,127,-796,0.0,0.0,24,0.6016,
0,128,-720,0.0,0.0,25,0.6326,
0,129,-644,0.0,0.0,25,0.6326,
0,130,-568,0.0,0.0,25,0.6326,
1,126,-1405,0.0,0.0,7,0.6763,
1,127,-1400,0.0,0.0,13,0.7135,
1,128,-1397,0.0,0.0,13,0.7203,
1,129,-1397,0.0,0.0,13,0.7203,
1,130,-1397,0.0,0.0,13,0.7203,
0,126,-888,0.0,0.0,4,0.1902,
0,127,-916,0.0,0.0,4,0.1902,
0,128,-840,0.0,0.0,4,0.1902,
0,129,-764,0.0,0.0,4,0.1902,
0,130,-688,6.4,0.0,4,0.1902,
0,126,-1127,0.0,0.0,7,0.1572,
0,127,-557,0.0,0.0,8,0.1649,
0,128,-489,0.0,0.0,8,0.1649,
0,129,-421,0.0,0.0,7,0.1762,
0,130,-353,0.0,0.0,7,0.1875,
1,126,-1275,0.0,0.0,26,0.853,
1,127,-1789,0.0,0.0,27,0.8635,
1,128,-1791,0.0,0.0,27,0.8635,
1,129,-1791,0.0,0.0,27,0.8635,
1,130,-1791,0.0,0.0,27,0.8635,
0,126,-301,51.2,0.0,-3,0.2477,
0,127,-309,51.2,0.0,-3,0.2477,
0,128,-316,51.2,0.0,-3,0.2929,
0,129,-324,51.2,0.0,1,0.3369,
0,130,-344,51.2,0.0,4,0.3693,
0,126,-887,0.0,0.0,18,0.1104,
0,127,-811,0.0,0.0,18,0.1104,
0,128,-742,0.0,0.0,18,0.1104,
0,129,-666,0.0,0.0,18,0.1104,
0,130,-590,6.4,0.0,18,0.1104,
0,126,198,93.6,0.0,17,0.5597,
0,127,1730,100.0,0.0,17,0.5666,
1,126,-1408,0.0,0.0,0,0.2755,
1,127,-1408,0.0,0.0,0,0.2755,
1,128,-1408,0.0,0.0,0,0.2755,
1,129,-1408,0.0,0.0,0,0.2755,
1,130,-1408,0.0,0.0,0,0.2755,
0,126,-713,51.2,-16.8,5,0.4803,
0,127,-653,66.4,-20.0,5,0.4803,
0,128,-593,81.6,-23.2,5,0.4803,
0,129,-593,81.6,-23.2,5,0.4803,
0,130,-607,81.6,-23.2,6,0.5203,
0,126,-453,51.2,0.0,-1,0.2778,
0,127,-385,66.4,0.0,2,0.2896,
0,128,-317,81.6,0.0,2,0.2896,
0,129,-249,96.8,0.0,2,0.2896,
0,130,1259,100.0,0.0,2,0.2896,
1,126,-725,0.0,0.0,16,0.5065,
1,127,-725,0.0,0.0,16,0.5168,
1,128,-725,0.0,0.0,16,0.5272,
1,129,-725,0.0,0.0,18,0.5378,
1,130,-725,0.0,0.0,19,0.5482,
1,126,-975,0.0,0.0,34,0.8186,
1,127,-975,0.0,0.0,34,0.8262,
1,128,-1083,0.0,0.0,34,0.8262,
1,129,-1083,0.0,0.0,34,0.8262,
1,130,-1083,0.0,0.0,34,0.8262,
0,126,-389,0.0,0.0,11,0.1007,
0,127,-377,0.0,0.0,11,0.0967,
0,128,-353,0.0,0.0,11,0.0967,
0,129,-361,0.0,0.0,11,0.0967,
0,130,-369,0.0,0.0,11,0.0847,
1,126,-1068,0.0,0.0,33,0.8499,
1,127,-1044,0.0,0.0,33,0.8499,
1,128,-1020,0.0,0.0,33,0.8499,
1,129,-1099,0.0,0.0,33,0.8499,
1,130,-1090,0.0,0.0,33,0.8499,
1,126,-304,0.0,0.0,27,0.4764,
1,127,-286,0.0,0.0,27,0.4757,
1,128,-266,0.0,0.0,27,0.4712,
1,129,-139,0.0,0.0,27,0.473,
1,130,-238,0.0,0.0,27,0.473,
1,126,-588,0.0,0.0,11,0.214,
1,127,-613,0.0,0.0,12,0.2093,
1,128,-636,0.0,0.0,13,0.2014,
1,129,-653,0.0,0.0,14,0.2029,
1,130,-682,0.0,0.0,14,0.2019,
1,126,117,0.0,0.0,3,0.14,
1,127,140,0.0,0.0,3,0.14,
1,128,163,0.0,0.0,3,0.14,
1,129,186,0.0,0.0,3,0.14,
1,130,209,0.0,0.0,3,0.14,
1,126,-580,0.0,0.0,23,0.5807,
1,127,-688,0.0,0.0,23,0.5807,
1,128,-696,0.0,0.0,23,0.5807,
1,129,-696,0.0,0.0,23,0.5807,
1,130,-696,0.0,0.0,23,0.5807,
1,126,-1035,0.0,0.0,24,0.5036,
1,127,-1035,0.0,0.0,26,0.5242,
1,128,-1035,0.0,0.0,26,0.5242,
1,129,-1035,0.0,0.0,26,0.5242,
1,130,-1035,0.0,0.0,26,0.5242,
1,126,-818,0.0,0.0,15,0.5517,
1,127,-770,0.0,0.0,15,0.5517,
1,128,-746,0.0,0.0,15,0.5517,
1,129,-721,0.0,0.0,17,0.563,
1,130,-697,0.0,0.0,19,0.5752,
1,126,-1071,0.0,0.0,18,0.6,
1,127,-1079,0.0,0.0,18,0.6,
1,128,-1087,0.0,0.0,18,0.6,
1,129,-1087,0.0,0.0,18,0.6,
1,130,-1087,0.0,0.0,18,0.6,
1,126,-973,0.0,0.0,28,0.6824,
1,127,-995,0.0,0.0,28,0.6824,
1,128,-1016,0.0,0.0,28,0.6856,
1,129,-1032,0.0,0.0,28,0.6856,
1,130,-1032,0.0,0.0,28,0.6856,
1,126,-1469,0.0,0.0,21,0.6307,
1,127,-1453,0.0,0.0,21,0.6307,
1,128,-1437,0.0,0.0,21,0.6307,
1,129,-937,0.0,0.0,21,0.6307,
1,130,-937,0.0,0.0,21,0.6307,
0,126,1098,0.0,0.0,-20,-0.6789,
0,127,1114,0.0,0.0,-20,-0.6789,
0,128,1142,0.0,0.0,-20,-0.6892,
0,129,1148,0.0,0.0,-21,-0.69,
0,130,1154,0.0,0.0,-21,-0.6958,
1,126,-22,0.0,0.0,-12,-0.5494,
1,127,-38,0.0,0.0,-12,-0.5494,
1,128,-54,0.0,0.0,-12,-0.5494,
1,129,-70,0.0,0.0,-12,-0.5494,
1,130,-94,0.0,0.0,-12,-0.5494,
0,126,856,0.0,0.0,-22,-0.456,
0,127,864,0.0,0.0,-22,-0.456,
0,128,872,0.0,0.0,-22,-0.456,
0,129,880,0.0,0.0,-22,-0.456,
0,130,988,0.0,0.0,-22,-0.456,
0,126,1021,0.0,0.0,-15,-0.7902,
0,127,1037,0.0,0.0,-16,-0.8102,
0,128,1053,0.0,0.0,-16,-0.8102,
0,129,1069,0.0,0.0,-16,-0.8102,
0,130,1085,0.0,0.0,-16,-0.8102,
1,126,1296,0.0,0.0,-19,-0.5684,
1,127,1279,0.0,0.0,-19,-0.5724,
1,128,1367,0.0,0.0,-21,-0.5764,
1,129,1355,0.0,0.0,-21,-0.5804,
1,130,1355,0.0,0.0,-22,-0.5844,
0,126,1366,0.0,0.0,-27,-0.7915,
0,127,1380,0.0,0.0,-30,-0.8216,
0,128,1396,0.0,0.0,-30,-0.8294,
0,129,1504,0.0,0.0,-28,-0.8342,
0,130,1504,0.0,0.0,-29,-0.8386,
0,126,1261,0.0,0.0,-24,-0.7668,
0,127,1258,0.0,0.0,-25,-0.7787,
0,128,1256,0.0,0.0,-25,-0.7771,
0,129,1256,0.0,0.0,-25,-0.7771,
0,130,1256,0.0,0.0,-25,-0.7771,
0,126,1211,0.0,0.0,-11,-0.3891,
0,127,1219,0.0,0.0,-11,-0.3891,
0,128,1227,0.0,0.0,-11,-0.3891,
0,129,1235,0.0,0.0,-11,-0.3891,
0,130,1243,0.0,0.0,-11,-0.3891,
0,126,703,0.0,0.0,-29,-0.8435,
0,127,703,0.0,0.0,-29,-0.8435,
0,128,703,0.0,0.0,-29,-0.8435,
0,129,703,0.0,0.0,-32,-0.8538,
0,130,706,0.0,0.0,-31,-0.8641,
1,126,557,0.0,0.0,-18,-0.4525,
1,127,536,0.0,0.0,-18,-0.463,
1,128,487,0.0,0.0,-19,-0.4714,
1,129,439,0.0,0.0,-19,-0.4714,
1,130,391,0.0,0.0,-19,-0.4714,
0,126,1902,0.0,0.0,-7,-0.5681,
0,127,1899,0.0,0.0,-8,-0.5723,
0,128,1898,0.0,0.0,-9,-0.582,
0,129,1905,0.0,0.0,-11,-0.5864,
0,130,1912,0.0,0.0,-11,-0.5951,
0,126,-411,0.0,0.0,-23,-0.4995,
0,127,-450,0.0,0.0,-23,-0.4995,
0,128,-474,0.0,0.0,-23,-0.4995,
0,129,-498,0.0,0.0,-23,-0.4995,
0,130,-406,0.0,0.0,-23,-0.4995,
0,126,794,0.0,0.0,-41,-0.8261,
0,127,803,0.0,0.0,-41,-0.8261,
0,128,803,0.0,0.0,-41,-0.8261,
0,129,803,0.0,0.0,-41,-0.8261,
0,130,803,0.0,0.0,-41,-0.8261,
0,126,737,0.0,0.0,-13,-0.617,
0,127,857,0.0,0.0,-13,-0.6401,
0,128,885,0.0,0.0,-13,-0.6401,
0,129,913,0.0,0.0,-13,-0.6401,
0,130,933,0.0,0.0,-13,-0.6401,
0,126,675,0.0,0.0,-30,-0.6986,
0,127,691,0.0,0.0,-30,-0.6986,
0,128,707,0.0,0.0,-30,-0.6986,
0,129,723,0.0,0.0,-30,-0.6986,
0,130,835,0.0,0.0,-30,-0.6986,
0,126,1123,0.0,0.0,-5,-0.3412,
0,127,1100,0.0,0.0,-5,-0.3232,
0,128,992,0.0,0.0,-3,-0.3152,
0,129,991,0.0,0.0,-4,-0.3068,
0,130,992,0.0,0.0,-3,-0.3054,
0,126,10,0.0,0.0,-17,-0.3745,
0,127,-10,0.0,0.0,-17,-0.3745,
0,128,-14,0.0,0.0,-17,-0.3745,
0,129,-34,0.0,0.0,-17,-0.3745,
0,130,-54,0.0,0.0,-17,-0.3745,
0,126,1479,0.0,0.0,-39,-0.9074,
0,127,1455,0.0,0.0,-39,-0.9074,
0,128,932,0.0,0.0,-39,-0.9074,
0,129,944,0.0,0.0,-39,-0.9074,
0,130,956,0.0,0.0,-39,-0.9074,
1,126,1225,0.0,0.0,-15,-0.4318,
1,127,1225,0.0,0.0,-17,-0.4418,
1,128,1101,0.0,0.0,-17,-0.4437,
1,129,558,0.0,0.0,-17,-0.4471,
1,130,538,0.0,0.0,-17,-0.4471,
0,126,1525,0.0,0.0,-10,-0.6266,
0,127,1533,0.0,0.0,-13,-0.6335,
0,128,1533,0.0,0.0,-13,-0.6335,
0,129,1533,0.0,0.0,-13,-0.6335,
0,130,1533,0.0,0.0,-13,-0.6335,
0,126,1110,0.0,0.0,0,-0.2245,
0,127,1116,0.0,0.0,0,-0.2245,
0,128,1114,0.0,0.0,0,-0.2245,
0,129,1112,0.0,0.0,0,-0.2245,
0,130,1110,0.0,0.0,0,-0.2245,
0,126,1340,0.0,0.0,-18,-0.3645,
0,127,1424,0.0,0.0,-18,-0.3645,
0,128,1400,0.0,0.0,-18,-0.3645,
0,129,876,0.0,0.0,-18,-0.3645,
0,130,876,0.0,0.0,-18,-0.3645,
0,126,886,0.0,0.0,-19,-0.7002,
0,127,885,0.0,0.0,-22,-0.7086,
0,128,884,0.0,0.0,-23,-0.7167,
0,129,1006,0.0,0.0,-23,-0.7229,
0,130,1019,0.0,0.0,-24,-0.7256,
1,126,424,0.0,0.0,-17,-0.5403,
1,127,414,0.0,0.0,-17,-0.5424,
1,128,396,0.0,0.0,-18,-0.5441,
1,129,378,0.0,0.0,-19,-0.5471,
1,130,236,0.0,0.0,-19,-0.5492,
0,126,841,0.0,0.0,-35,-0.8595,
0,127,841,0.0,0.0,-35,-0.8595,
0,128,841,0.0,0.0,-35,-0.8595,
0,129,841,0.0,0.0,-35,-0.8595,
0,130,841,0.0,0.0,-35,-0.8595,
0,126,760,0.0,0.0,-15,-0.2647,
0,127,739,0.0,0.0,-17,-0.2825,
0,128,727,0.0,0.0,-18,-0.2892,
0,129,713,0.0,0.0,-18,-0.2896,
0,130,816,0.0,0.0,-17,-0.2911,
0,126,830,0.0,0.0,-1,-0.2837,
0,127,839,0.0,0.0,-3,-0.2757,
0,128,848,0.0,0.0,-4,-0.2727,
0,129,848,0.0,0.0,-3,-0.2662,
0,130,846,0.0,0.0,-1,-0.2541,
0,126,910,0.0,0.0,-28,-0.696,
0,127,922,0.0,0.0,-28,-0.696,
0,128,934,0.0,0.0,-28,-0.696,
0,129,946,0.0,0.0,-28,-0.696,
0,130,962,0.0,0.0,-28,-0.696,
1,126,520,0.0,0.0,-17,-0.3274,
1,127,494,0.0,0.0,-19,-0.3374,
1,128,470,0.0,0.0,-19,-0.3387,
1,129,445,0.0,0.0,-20,-0.3392,
1,130,422,0.0,0.0,-21,-0.3442,
0,126,411,0.0,0.0,-8,-0.3052,
0,127,411,0.0,0.0,-8,-0.3052,
0,128,517,0.0,0.0,-8,-0.3059,
0,129,515,0.0,0.0,-9,-0.3106,
0,130,513,0.0,0.0,-11,-0.318,
0,126,1336,0.0,0.0,-22,-0.7428,
0,127,1336,0.0,0.0,-22,-0.7525,
0,128,1444,0.0,0.0,-24,-0.7622,
0,129,1450,0.0,0.0,-25,-0.7714,
0,130,1449,0.0,0.0,-27,-0.7806,
0,126,1355,0.0,0.0,-37,-0.8619,
0,127,1333,0.0,0.0,-37,-0.8699,
0,128,826,0.0,0.0,-37,-0.8699,
0,129,831,0.0,0.0,-37,-0.8699,
0,130,831,0.0,0.0,-37,-0.8699,
0,126,1388,0.0,0.0,-12,-0.4968,
0,127,1388,0.0,0.0,-12,-0.4968,
0,128,1504,0.0,0.0,-12,-0.502,
0,129,1504,0.0,0.0,-11,-0.5073,
0,130,1520,0.0,0.0,-10,-0.5123,
0,126,-518,0.0,0.0,29,0.5759,
0,127,-18,0.0,0.0,29,0.5786,
0,128,-10,0.0,0.0,29,0.5786,
0,129,-2,0.0,0.0,29,0.5786,
0,130,6,0.0,0.0,29,0.5786,
1,126,-1301,0.0,0.0,3,0.4391,
1,127,-1333,0.0,0.0,3,0.4391,
1,128,-1365,0.0,0.0,3,0.4391,
1,129,-1397,0.0,0.0,3,0.4391,
1,130,-1405,0.0,0.0,3,0.4391,
1,126,-319,0.0,0.0,-12,0.0145,
1,127,-317,0.0,0.0,-9,0.0185,
1,128,-296,0.0,0.0,-7,0.0196,
1,129,-779,0.0,0.0,-6,0.0123,
1,130,-869,0.0,0.0,-6,0.0023,
1,126,-693,0.0,0.0,27,0.8439,
1,127,-724,0.0,0.0,27,0.8472,
1,128,-740,0.0,0.0,27,0.8472,
1,129,-740,0.0,0.0,27,0.8472,
1,130,-748,0.0,0.0,27,0.8472,
1,126,-791,0.0,0.0,19,0.6993,
1,127,-811,0.0,0.0,19,0.7043,
1,128,-831,0.0,0.0,22,0.7086,
1,129,-851,0.0,0.0,25,0.7134,
1,130,-869,0.0,0.0,27,0.7146,
1,126,-359,0.0,0.0,23,0.5123,
1,127,-349,0.0,0.0,23,0.5123,
1,128,-337,0.0,0.0,23,0.5123,
1,129,-341,0.0,0.0,23,0.5123,
1,130,-345,0.0,0.0,23,0.5123,
1,126,-1622,0.0,0.0,-1,0.3801,
1,127,-1628,0.0,0.0,1,0.3868,
1,128,-1625,0.0,0.0,1,0.3865,
1,129,-1623,0.0,0.0,1,0.3865,
1,130,-1637,0.0,0.0,1,0.3865,
0,126,-280,0.0,0.0,27,0.4911,
0,127,-258,0.0,0.0,27,0.4924,
0,128,-126,0.0,0.0,27,0.4924,
0,129,-134,0.0,0.0,27,0.4924,
0,130,-116,0.0,0.0,27,0.4924,
1,126,-1537,0.0,0.0,16,0.6319,
1,127,-1551,0.0,0.0,17,0.6419,
1,128,-1565,0.0,0.0,17,0.6525,
1,129,-1668,0.0,0.0,20,0.664,
1,130,-1668,0.0,0.0,21,0.6719,
1,126,112,0.0,0.0,6,0.2894,
1,127,144,0.0,0.0,6,0.2894,
1,128,164,0.0,0.0,6,0.2894,
1,129,184,0.0,0.0,6,0.2894,
1,130,100,0.0,0.0,6,0.2894,
1,126,-372,0.0,0.0,23,0.5332,
1,127,-353,0.0,0.0,25,0.5558,
1,128,-336,0.0,0.0,27,0.5655,
1,129,-210,0.0,0.0,27,0.5736,
1,130,-186,0.0,0.0,27,0.5736,
1,126,-1997,0.0,-71.8,-12,0.095,
1,127,-2009,0.0,-74.2,-12,0.095,
1,128,-2021,0.0,-76.6,-12,0.095,
1,129,-2033,0.0,-79.0,-12,0.095,
1,130,-2045,0.0,-81.4,-12,0.0849,
1,126,-564,0.0,0.0,31,1.0041,
1,127,-564,0.0,0.0,31,1.0041,
1,128,-564,0.0,0.0,31,1.0041,
1,129,-580,0.0,0.0,31,1.0041,
1,130,-692,0.0,0.0,31,1.0041,
1,126,-691,0.0,0.0,21,0.7472,
1,127,-707,0.0,0.0,21,0.7472,
1,128,-819,0.0,0.0,21,0.7472,
1,129,-831,0.0,0.0,21,0.7472,
1,130,-831,0.0,0.0,21,0.7472,
1,126,-1442,0.0,0.0,24,0.5974,
1,127,-1436,0.0,0.0,24,0.5973,
1,128,-948,0.0,0.0,24,0.5973,
1,129,-948,0.0,0.0,24,0.5973,
1,130,-948,0.0,0.0,24,0.5973,
1,126,-935,0.0,0.0,17,0.6044,
1,127,-935,0.0,0.0,21,0.6093,
1,128,-935,0.0,0.0,21,0.6093,
1,129,-935,0.0,0.0,21,0.6093,
1,130,-1059,0.0,0.0,21,0.6093,
0,126,346,0.0,0.0,18,0.5177,
0,127,235,0.0,0.0,22,0.5443,
0,128,229,0.0,0.0,23,0.56,
0,129,225,0.0,0.0,24,0.5748,
0,130,228,0.0,0.0,25,0.5872,
1,126,-656,0.0,0.0,23,0.5216,
1,127,-668,0.0,0.0,22,0.5256,
1,128,-690,0.0,0.0,22,0.5296,
1,129,-712,0.0,0.0,21,0.5376,
1,130,-720,0.0,0.0,21,0.5477,
